dataset,page_id,rouge,n_blocks,n_kept,pred_chars,gt_chars,tp,fp,fn,sec
cetd,97e7682704262080e73b206debb96e2b14e6771f590cf985e28106e168d37635,0.955824,84,33,16619,16579,31,2,15,0.2290
cetd,0f81e7efd4e6690c41898f4dcfa3138cb25272b10a092de7182712b1cf09be5b,0.903265,72,30,6246,6306,26,4,7,0.1057
cetd,f34a53813af1a189d022b7c0e9fec20484290b5178e3bc32902e460a25801c19,0.808451,143,52,17477,19566,52,0,63,0.4604
cetd,0a634f4cf68dc68cfd6c39d5ed6e987010016017b4315f30f327ac951e5adb90,0.891971,287,100,21810,19466,77,23,60,0.2819
cetd,35f1a0562713500823ad58c6370240517b7e32a766f817aa2deeff72f56bdf8e,0.542117,101,11,3413,8405,11,0,41,0.1256
cetd,0b70bb25c89d808ce6a285bee601d7049bc95336e398bcfab65768968efce4d1,0.711545,49,15,4308,4645,13,2,20,0.0754
cetd,c27184f1cdf48bbafaaac4190d4f5cd13695c7a547edc9e16819faa8254dcfae,0.639079,131,42,5113,2625,20,22,14,0.1536
cetd,ffe6b7b34179a2c77a330ec1924703e25a1ee52e69b10c6812570d7e482269d2,0.009780,141,7,185,5158,4,3,57,0.1538
cetd,d2765c54a99f9bbf4048c10d649ebf817f57cc6d169ae241fc8cd60f8c119f1a,0.738659,54,23,4321,3434,17,6,11,0.0761
cetd,376167c718c58280c19062ea9c17a6cb977d21989ce7848fa4f3da12e15b880d,0.580583,78,17,1969,3482,11,6,19,0.0952
cetd,04c114bbff17bbeab9aa44e14acfb8274a555174b4c82c33e254d86a210bc332,0.829696,77,31,4943,5733,26,5,14,0.0946
cetd,01e37a118128d05c98e4e6da5df608fc2ebcee656eedfed1c6168ecba9dfbf11,0.692411,102,34,4328,5865,34,0,33,0.1118
cetd,3abb7d2e91921fce50b5a10d6ad91b900b1d04382d37ead831b241a3b9f48e07,0.659381,83,13,1224,1882,13,0,22,0.1119
cetd,29bd09775c1cb78c3a9cb2eb8df337ec2865ea2993562035dba995961f758726,0.760063,124,68,22113,21784,65,3,13,0.2145
cetd,247a665a57a4332b4bf2188a3324b53c8ff8a9f921c5d29faf18568bca414b69,0.768631,122,18,2303,2975,15,3,32,0.1340
cetd,124e919818bc16d87b054721d6be04cd8d01248d121340541a13e496324672b7,0.814830,80,31,5867,7141,26,5,11,0.1041
cetd,edfd6521688d356dfdfba14b4e2c12bc76128d3803688b2c2061ab148bad98e0,0.705882,49,13,1563,1670,4,9,6,0.0729
cetd,b37a508c5cd0fe15eefcea8013480dde42e4e40035abab5ef0873f17d14cd679,0.802310,122,35,5516,4658,27,8,18,0.1349
cetd,7f217748301a97fce8eaf8df49cc97f9afc7a1cb4bc274d6f0638cc18f1754fd,0.890368,55,10,3115,3604,9,1,13,0.0949
cetd,0c89b436922f78e4c54d423ffb32733a3ee2ad216c2b1bf7fb8e3b0a658dc460,0.876554,59,30,7883,6699,21,9,1,0.0801
cetd,d9f21709bbacd6a02e58f73de2e38c5b3fa3ffe14c5b0aa9de7dcb4ef03c7a5b,0.885214,49,18,2921,2617,9,9,4,0.0730
cetd,ed9b0014e711b75da84ea969ef98e45724234ace6524a39afd367f2dbd0ee642,0.755978,142,70,21066,28173,69,1,54,0.2060
cetd,babab3bfac39e720ebc31dc6b7ce8d6df77a9a288bba8e946150dd6b120ffbe0,0.904998,55,17,5227,5149,15,2,9,0.0753
cetd,b939012b75eb790a1997073b092908c8c1cac4c0613e3081eee793da6896be97,0.892030,108,33,5784,5067,21,12,13,0.1152
cetd,6eb43384f2dfb863c535cd24dd3dd56cf85ed4bf63d063f329be419bbcdf2d84,0.823375,106,21,4429,3764,14,7,21,0.1604
cetd,53f3c9bb900b774029ffb51b8e137d5613e3c0164cde83c77628de3b869562fd,0.826300,122,39,6351,4952,21,18,26,0.1444
cetd,d5775399d8fe22926a57b7a7391614872a4b8ce6cfaf1ff47b70b5b1b4684506,0.635099,146,31,3670,4412,27,4,39,0.2158
cetd,05cc1786b328e29a4f449d70a86ef58400a9cad62a8c7ee4a3347fc21f8f8d2d,0.884973,146,63,12164,13330,63,0,30,0.1830
cetd,2938baa25ecefef612aae612acdb1979f64f148f6e10e0411b37357fa249389e,0.672185,158,39,4759,5832,35,4,46,0.2230
cetd,3d2aceda5f065aee8a3141158183ac267b94d9a5c8f470aedfe4d17ba9b13bcf,0.883623,125,21,4576,4734,19,2,28,0.1417
cetd,d2067f085588c6249df7ea6843829a113bdcb1da1aaf33b87adcb6a8a216aab3,0.837969,159,104,24727,25581,102,2,36,0.2565
cetd,afc1e9c7f278f72e9d2731f1e949b4fb0e33c84686995ccc51f4dbfabbf741e0,0.924307,44,10,5778,5728,9,1,4,0.0785
cetd,26c233ab55102a34c30ebf741a6e1b0a5dd3714f25323e713b2e0ec01f49959b,0.144431,45,3,189,1983,1,2,15,0.0730
cetd,48cfdf5948ce7683b87c36d5666728f47b5d3b1c0e4ebb0f829a3708225453b5,0.835602,261,175,25910,26129,171,4,63,0.2952
cetd,475d12a446a964d0ea745ad407358df92df1629dbbbe0bede9065308928e069e,0.828180,116,39,5655,4977,26,13,21,0.1414
cetd,952c8fb21418a57049d722b9b4e61e615db538791fbf6138389c5dcbf950f9cc,0.810209,104,38,5481,4684,32,6,24,0.1255
cetd,40c1b0153506ecb47cd4f2897d3058a537deb66803b88158f1f3000f3137db33,0.671638,140,75,20238,29543,73,2,42,0.2390
cetd,eaaed0c1f0ed01c2850513ed4dab3948bb92eee11dcbfadb61c11c019dc250a3,0.751671,123,42,5852,3976,27,15,15,0.1827
cetd,877dafea464dcd6fb4022b0958c9440a88cc343af0fa5d2fdf60c313112eda5b,0.862036,52,17,4529,4364,11,6,5,0.0775
cetd,5e05412c2a354981227553a6bbb538729ef472db17f524651ecc452078d2f810,0.832160,106,30,4264,3356,17,13,16,0.1224
cetd,6aff97dede43ed16a102edfb6d0176cd72119a51215377c576ea3ab495ab5aac,0.809444,54,33,8625,7353,30,3,4,0.0771
cetd,804dd6bf8ba8f4fc0b811b7522a68f3fa076019062af64178562e68a0e07d6c4,0.826498,99,23,3235,3429,18,5,15,0.1402
cetd,4a67ccfbfb78b6153c4b5d0e1720abcf361f130b28507d6352451ee1f7b84b10,0.888435,51,19,3537,3308,9,10,2,0.0745
cetd,7a97aeebb04064e7a60dacae6954f2b7fcf253c876a3f0e04371e5393593d66d,0.726891,356,190,102482,110407,188,2,106,0.8895
cetd,be516be7ac70695979ebd42932b751342d739205119bc65c3d585dad96a9dc90,0.861422,123,43,8349,7300,31,12,17,0.1427
cetd,8b50a21481ef5a87737153f5759a17d39f597f0ba848b225baf6c9439f1bbf25,0.785816,133,46,7452,6567,34,12,26,0.1535
cetd,e6594f58e56881eb4eec612251561048b05268f4cee2cd83e99e640829e36e6d,0.881983,88,23,4747,4234,16,7,9,0.1272
cetd,c40b73f2ef512b7b1529853163ac4ee877250bc4b08c233232a0137307fdedb8,0.821177,130,52,6795,5294,21,31,12,0.1423
cetd,fcd699f6edaff990e6179e7e9e7cba4b00eb52ad42cc79671282b2944c378a3e,0.679298,49,17,2032,2710,14,3,16,0.0663
cetd,dd7486a6e7ba38b2ef713fe89f37d6af233339802f2f71d4d387153044f7fddd,0.735316,206,133,36024,41449,130,3,50,0.3328
cetd,678f7815d342e62a819bb2f7fc9d57736a7c1900f2284370365c4ba213cfdfda,0.872971,54,14,2252,2128,9,5,3,0.0779
cetd,9fbe8dd209bc65fad6faffc82dcb1bf17bdaa354c4e8f158aeb9810ea47e24d5,0.863830,62,23,5296,5688,20,3,6,0.0894
cetd,25c80ae37df0a474ad769634852365c54e90a174d83690fa18978a0f24f5381d,0.633534,83,31,4078,6893,30,1,41,0.1004
cetd,6784b2a866e70f85d5c237cf854b0a2100b51fcfe242d5585ead2f6efd93b1e1,0.483559,123,11,1304,1550,7,4,21,0.2091
cetd,5dfa7e0397f095a705cc45124a71666b0c99a234931975d291368e6fda5b727b,0.752618,146,49,6116,5359,39,10,36,0.1674
cetd,8824a6f729f9a162850c3700f3ddb0c83d9a89ab6387fde7cd8b784b73a5e194,0.357080,52,6,687,2351,5,1,29,0.0752
cetd,426b9b01a6d30e2ab641c00ac18daba13c9af5268a9e458eac70ea8b48f4df3d,0.867029,109,39,6119,5005,26,13,11,0.1238
cetd,1ce5738bd9eb544e5717200b6ec5e89cae5162d0bcb639b17558bd448f1812c8,0.562558,145,74,25160,38156,73,1,42,0.3243
cetd,0106b8018122b89693143deecc79ff181ee746977cae69faf46cf7a51238c775,0.890887,59,6,2244,2502,6,0,13,0.0706
cetd,ac262163545f324ea5bd607ee2457826caf9c620986e3126a2182792ee1efcba,0.864888,133,35,6255,6062,30,5,26,0.1558
cetd,3315012217a55bc90a557b74e7884ed7c23f53bccdafdfe56cd2d97efe759762,0.824729,121,31,4496,4156,22,9,24,0.1368
cetd,bab66366fe53c6ed4f063505281982ea647743091fd3da1a06f00b558d2d2326,0.652212,78,8,1914,1088,7,1,21,0.1320
cetd,a6c28c287c6a42754aa02733b164e2cf4dbe5a82211ed89cfaea6bad460512e5,0.694832,156,58,9163,6950,49,9,33,0.5300
cetd,3466077170a0b327b3b1adabd3e58b440bb7325df1d3ff7a63a4c1a7b9f2d899,0.785268,93,19,2389,2001,16,3,9,0.1381
cetd,984d7f301bfd4c53fcdf52b4146b915c30283d913cce63af9275ad2f6018f919,0.266732,131,27,2772,10490,25,2,79,0.1949
cetd,65315284715ab21d5d1af7de50267afb65cfc60df9a69fadee29970492d4fe61,0.827951,50,21,2505,2086,10,11,2,0.0742
cetd,7c0964514efd28ae5cffc39561f45c18f2122056f631c7428108224ea79747af,0.776396,50,16,5827,5548,13,3,5,0.0771
cetd,d56fc1d6ad7cd15a599b96b925ee16f61b63cf91e3450fdb92418851ac6467a7,0.806985,236,153,59558,53387,149,4,35,0.4392
cetd,004898ee62c13fb02dc731dcd1c085c16eb65fcac79096783d5e20229daebd37,0.720449,95,32,3754,2709,19,13,2,0.1344
cetd,6cce9b712c00feb28d92a0a840e30fde98519f06ab1475fb417388abd51bfe22,0.924745,94,36,9873,9281,32,4,10,0.1151
cetd,7522ba0017f351640a4cfbf3366a88728e86a893cebc2238d310638721913bc1,0.774717,538,336,104490,113600,336,0,143,1.0506
cetd,2c2fb5fed0fa80c517cedb4f5051ec7789c8d0362400de7fb2bc0f3b782dd4cb,0.785781,635,361,107841,123271,360,1,212,1.0393
cetd,df6b353e04e10a71ba9111703c5061c9008500446f52ff9ae2c825e621975174,0.842105,107,15,3854,3668,9,6,15,0.1673
cetd,02c3c117c6d0dfec49ab8070db3ee599a1f58d26f18dd03fc7eec5572fcf9eb1,0.732082,106,35,3163,2617,29,6,24,0.1221
cetd,c244b2db2d43800defeba80abbbea8eb2fb3a0a3b06ea114554468bc8422a4ef,0.823138,129,46,7071,5570,36,10,22,0.1945
cetd,2d9080a3a51677dd3c8b907e2be400fe74802f7933e6230eff9cd70fe575043b,0.679465,33,9,1753,2736,7,2,10,0.0543
cetd,14ddbd134e024d911f540ea18717a885f29d8569dd386d2ff3e3c53aaa806bd6,0.838167,123,23,4909,3862,15,8,41,0.2097
cetd,a4134cbe522671ca7ffdbdeed739fcaf53679f215bf943b502abb6a012efd183,0.838960,55,28,6662,5223,16,12,3,0.0800
cetd,f961ceadf73862f926659921070122192f4e29aa6922115e43c3a40669f794ea,0.893197,62,21,7670,7891,20,1,17,0.0846
cetd,6e664b9797b6aba219370ef110d44ddd47f5f1afb1c8c1751c4b08a6462d6acd,0.664424,176,62,8784,6530,45,17,25,0.6091
cetd,de9d7bf98fa6164f1fadccb3d7e9a2197228f03b53f2444fd3d0b4ebfdac9006,0.832553,118,40,6761,5670,30,10,16,0.1506
cetd,a367653022b4a93b2e7413825a277d82bf738844439547d726008bd6d209f003,0.464629,36,5,931,2325,4,1,14,0.0672
cetd,9fd0d0297a078a3c3ee84685baf6b89394ff54c38070b4cdedc528e8a5bea544,0.920221,222,121,34658,33526,109,12,46,0.2658
cetd,4b2eaf17d435e04416ecefeedd08995a6e94537c830404021eed10fe1202a92b,0.803196,246,136,36262,38870,136,0,92,0.4263
cetd,184682fc4563bce4846488f40a77f69c00f6f7845fa92f20db68895473dc8a9f,0.877953,124,29,5214,5075,24,5,31,0.1419
cetd,7f0b06c6cd2e9af3d38c9be5441d3a217c9519a43992106af11485c020d5efd8,0.807027,430,260,76821,81495,259,1,128,0.7810
cetd,108985cf60f5c36ba3338c985a17b44c43a07a570f24dcdb6a1caafe6f2483fa,0.910790,103,36,8511,7514,24,12,14,0.1171
cetd,bd8c0f46b75d640ba5d713637f8f386812476818ece5eb32974b0d628722c680,0.864786,67,27,6265,6048,23,4,14,0.0956
cetd,9b30b9af39b4da155b67edfac9a1bc6ed7defdc416bfbf8fd70362d043a8c9fa,0.859102,62,27,6785,5654,19,8,5,0.3562
cetd,ab28c201c8975e3c3436b0dae3e13a74cc0fa125af852774d17d0bfe353c24c5,0.889716,58,30,9666,8652,27,3,11,0.0814
cetd,fd9bdb7eb074d20d8b609639c1a40d25748231dd7641fe73e0b7cdf310c7f661,0.866218,55,25,5538,5154,15,10,5,0.0791
cetd,0b41938e4f74707cc97236787dfaa87ab10f64f6ce5395a5cfcc59a2f0487970,0.880688,115,24,4246,3913,21,3,16,0.1714
cetd,3c60eb71fec8a43eb5a0b162a6e4251f41cc511d93bebc09bd3e1c5d56346030,0.802420,113,45,6395,5221,35,10,16,0.1388
cetd,2fe81a841f451a051cc70bf80ac2df2366024bac6da2964f9c5e9453f34bc75a,0.689541,268,117,24365,19531,105,12,73,0.3806
cetd,798e26e5ac44dc1bf0517b4708b91bbce60787a1e109efd148d7a1b3b439a1ae,0.762748,46,9,3191,3173,8,1,9,0.0697
cetd,1224d529f2aabb02a873748bb244fa22ca7696fe854d42ee197c319f18f5f391,0.923485,85,28,11677,12198,25,3,26,0.0953
cetd,8b53c551b09797cc94dd900b7cfda23783a50feb29d2904d7f9704d74b4ea282,0.697933,105,34,4170,2737,17,17,10,0.1284
cetd,49a957d70f59dd1ace14b2bf7e6e1a8d5ae5c2e0bfe7c1eec1fa6e7682042e3b,0.846033,178,42,6149,6167,39,3,20,0.1566
cetd,0490dd2af925282cfab9ee1db8c93aeea1a585a0c5c2744c59ac7ca2b5864199,0.775858,108,42,5997,4564,26,16,17,0.1679
cetd,51c77f87e00e81c88ebf5c79fa2ea54f19a9d5929c1b21f7cbc58aa37102aa12,0.741853,54,22,4479,3709,15,7,11,0.0777
cetd,2dc5b684f3bc778f4c94e21a7ad82168eabbf9f9f030782cd2fbc11b85dca729,0.755060,239,158,51440,52161,157,1,64,0.4887
cetd,b8f90c9cf1e58b300519652658c83e3399e0d83350dada3bcd991839bdc5777a,0.724221,57,19,1968,2186,15,4,7,0.0745
cetd,1aa948ee5e8a0d9a47b87c5233032f241676386a88fec84dbc8ffc1519ea5fb3,0.636610,145,75,23487,34889,75,0,54,0.2641
cetd,bd55557b2e12ca77ec4e76d58350f0e65ad66383a9c86270e9dff8247540408c,0.909465,101,29,6266,5629,21,8,18,0.1157
cetd,546e6805964cce20961e33d73a5ee048e2ec1500f8831c00bd7e19631010c434,0.873189,69,25,8343,8705,21,4,11,0.1044
cetd,98bc57b53aeea6a6339d2c9b63d26bee33037c0d3b9a7c5f379f67846da7e194,0.862154,127,29,5103,5190,27,2,30,0.1464
cetd,30586d4da0210fd1a12568b559d922318f7da560fc7b41ca8d8a745309f24c81,0.594623,164,69,8998,6349,54,15,37,0.2473
cetd,33f70be1d801c8e0fc572ca753acb904cdc517b599343ef22994a19df1eb92ec,0.949558,73,26,12098,12010,22,4,14,0.0924
cetd,a735de7765e71458386ced02fa88576f473c27a38ec190610bd3de5d15e291a1,0.764721,105,45,5298,5134,41,4,28,0.1546
cetd,107ebc9dd5a265caa4f232d04866bad25bea181dcab77b908df50a2e96c78ab9,0.818770,118,34,4986,4250,30,4,45,0.3984
cetd,7c93949554cfb6b4733adf208233fd5f88cf1649acd030454d87640a531f8190,0.924714,60,23,9034,8757,22,1,15,0.0902
cetd,b7478e14314579c2188796a07193e83797c56eed81fcef8c4351ab542cc677d9,0.790833,111,32,4936,3882,23,9,17,0.1343
cetd,0a8eeabc2d8126c768e21a834d89ef04619cd0126633d6c874a859c71e412712,0.726466,157,57,7350,6029,44,13,46,0.2202
cetd,41b5412f3c020c054ac431586e685fdab6c04b03b700a64bbc06e4fd5c60a27b,0.823151,128,16,2850,2981,15,1,24,0.1345
cetd,95e06c7c9b6a05ab056abe594542543dd8fed01441e6e2ebc3bdee19ebb7d585,0.587904,87,21,2731,3574,15,6,25,0.1231
cetd,c3b418f2cd41475ab8ce8078baad0f66cdecf369d85e4ea2164f2a32f9775db5,0.564007,85,30,4495,6013,29,1,34,0.1075
cetd,011604e6498be280d40fc4aab31cce28db3623fd7989cd27734bdafc95c7ffed,0.866703,81,44,9846,8666,35,9,12,0.1051
cetd,458af1632cca757df917abb0534e59f3c1b3ee440511008ffcb2f79a2ef52292,0.730869,111,43,5356,5521,38,5,37,0.1420
cetd,730eeeb4128dd29daae92732894c4da0d368362f26b3bab5a2d844cb9b99325a,0.613116,88,27,2977,2577,23,4,23,0.1207
cetd,87f6530848c9576397b4fab57920656de94a95150e0eb22c1881eb6fc6c3bd8d,0.753915,83,18,2341,2455,17,1,20,0.1156
cetd,73b829a67f1680d32d16c9680f7b3af1c2a0f1bcfcb10811d3f85cfc2c34b191,0.572555,38,9,1172,2218,9,0,11,0.0636
cetd,b6c5829ab98e3b6e62943f3a73ddc4dddddeb5314290d4a3a7a228e2f9266dbb,0.835396,30,12,2343,2300,12,0,5,0.0465
cetd,36ec49e19d2d9fd2ac728fb959538f771d235bbb6dba8daff491cf696a37eead,0.906233,81,27,10504,9572,20,7,9,0.1125
cetd,ea759b4f30a862bf73143bb9776e0ea46c0e08c07dc6fb00e3ae2d204ea74c03,0.885922,53,20,3600,3339,9,11,4,0.0757
cetd,5a8978e2ba08d6b739d75ce29940296009d29e99dafe3f4dc57be1e6ee36b10c,0.770231,147,30,4308,3762,23,7,12,0.1341
cetd,2b741a5126459c3910454e18d2aa6bc751f1677de1eabe89d291225647d40d1c,0.497262,130,28,9327,19908,25,3,85,0.3577
cetd,ac929c0c0a783b795044c852f6a44500d6939456320c364be85c4e5e9e811030,0.892035,63,28,6418,6178,20,8,7,0.0863
cetd,0142c003e975a80f42718a8942336b5322493aec272f670b994bd7d3ad658ac7,0.890237,91,31,8860,7972,24,7,16,0.1164
cetd,640020951bb517f1a4f881a0cc550d1e3f87b36e5f6054cc95f560e3c59193b0,0.743213,167,63,9639,7800,55,8,39,0.2435
cetd,004d345c9aa92494303c3e778d45a813883b0652379becef19c936d039ead8ce,0.580180,82,22,2348,2290,17,5,25,0.1186
cetd,d108d12e01a42f3e76045d74ea5be91689b8abb288676b148ab715c32bd519fa,0.852622,131,26,5046,5494,23,3,44,0.1529
cetd,e0623d11ff4c6785a40ff43d1291833db3b38626fbdd11d304af6c2c919ba834,0.657645,154,45,6997,6378,36,9,40,0.2145
cetd,f5864ee9fa564345cee8ebaeb05ee2051c57bb1ac3318dd92edfd0c60f8f52af,0.787456,118,38,4801,4187,36,2,33,0.1305
cetd,dfc3e11e4c932f3071d620682cdc271e99e7c510cf80d4630ee11ea2afe3fbb8,0.819006,120,40,6671,5528,33,7,19,0.1380
cetd,468f05f2fd77eabea26ee23b4a9295991c4202e83a0fbccafbba8cfa42bb0eac,0.889473,135,38,7833,7883,35,3,32,0.1619
cetd,3ee73a507773aaa82a4e1b2b82c0fe15a5498d240e1e3962826c67e30e39b43c,0.651245,185,47,4447,6051,43,4,67,0.2348
cetd,9e565f3c60d2c0dd4d919be661e9fa07ad7617abb142091b43e6d4e57abc8da4,0.844261,145,32,5693,6446,29,3,45,0.1646
cetd,a1c05978ba9c0172f7be37bc431f0666dc99024b85a24708776deb06283f95bb,0.878767,300,144,25529,30545,137,7,118,0.6526
cetd,0be11b6885c0a147b51a7961c401f763fddfaa0b1eeec2e218b6d5bc49e96786,0.856914,285,87,15577,13306,60,27,62,0.2731
cetd,04f82fa4413318dbbb5fd48145af13e0c353714422718f642225946875d3ab95,0.645669,84,29,5321,8226,29,0,23,0.1315
cetd,bd97c0326836da67681bd32e2c99f5ce43e43d6d7d467b7589d866e5b672594a,0.768499,95,22,2643,2382,13,9,17,0.1360
cetd,6b5d48455bfd34909d602bf5ff3db7904c438395c956605f035b6b378e84b192,0.713711,108,30,3122,3148,28,2,27,0.1475
cetd,1c661f819efc701b11a748598b7a7150ab6443664fb9e3312dfb1ffaa68c8c59,0.795493,52,23,4908,3689,11,12,4,0.0835
cetd,d4a4b3780279c81287cab79c15d66b1935fe74b9572a8efa6a31a3940856b3ce,0.879103,77,48,11928,10623,37,11,8,0.1115
cetd,bb07f081f69d5eb8ba428eaa49e49f045927d9722cb620c82ff958dee9eb461c,0.735868,159,54,6833,6879,46,8,42,0.2440
cetd,2fe50a7555d1f6b4eb9a0bcac42aaf724de23d27a180ef66c436b46baf1b5bfc,0.771861,168,72,11058,9953,63,9,46,0.2557
cetd,364d13d0aa43b251a180e3bb8e2f683dd3a9940219d26737cf5d1d4bdb40757a,0.901182,89,38,10111,10753,34,4,14,0.1122
cetd,c1b34b227e841eb66ea0cde1213083fdd8a6897e31e5e14d33aed7d633ead0fe,0.714211,123,38,6087,3921,28,10,18,0.1781
cetd,ede347de5781c5c0b71aabea494379c1df2a77efcad05d41816ab880a89cb88b,0.863536,66,30,7588,6342,20,10,5,0.0950
cetd,436ebd2add0d1af7e14cb4de1a73b2c6fd97db243e83dc90c8ef71f8e0a79275,0.717547,115,17,1881,2595,16,1,32,0.1454
cetd,f9ff7ea6717ee8fd924575e712b0490647f66acc35357e9123ddc8b95a3eb878,0.703478,93,29,3567,4186,25,4,22,0.1240
cetd,cb06e64346cf3722c6cb1dd35f49675a8c669ab26d50f0f3eea5bd182c632109,0.512742,348,182,42181,85576,178,4,118,0.7285
cetd,a636e154169c40b4b1c284e884fcc9d9a2411f747cc01713b6eb814837f39e5e,0.751527,147,70,9402,7899,60,10,27,0.4547
cetd,90f2a170f4b84ac86c47fc2e485a13488acce42f317fdbd691ccf1fa3f54af14,0.234978,50,7,504,2575,6,1,10,0.0944
cetd,30f5c8e71cdcc7fb7b7f5850846465c1637b036d18610a63fc104a51d927cbb1,0.581490,118,43,9112,14949,43,0,55,0.2029
cetd,9a6f020062bd91a84f737985745134a7bc9113b78d128ba272d8d8ff920eda32,0.545560,130,48,5177,7787,46,2,55,0.1531
cetd,654f2941e6b336a4265ddbeeb108347cfcdc8719623de7c4003432aa1ca4b3e0,0.512104,241,58,5516,2214,21,37,37,0.2966
cetd,7c6a965893f23793423ca534aa6642f391a17816674729d6f27982d0297893ce,0.797753,122,14,3039,2635,13,1,30,0.2249
cetd,54eefb28f0ac496d350fe072296724ac73ccf9b6d814f69c5ff6702a592fdddf,0.924032,84,31,12846,13280,28,3,21,0.1043
cetd,60e531b8be71a11e0fa5605428c42235c72d0acff5b80abf52749c01071a7a98,0.643047,86,16,2080,1229,11,5,4,0.1346
cetd,d490a95b023b81cd7a57263129a0ad34e5643bf5037fab06e037a3d8119d3920,0.804857,137,52,9478,8696,46,6,30,0.1606
cetd,c0828bcaf687284f592a7074e30b9dbf396dd37809e90a1ac4961a3de9d2ecdb,0.725956,83,31,5426,5491,31,0,20,0.1152
cetd,984e34c5dee5bc701a26b5c9597ad6e04b195e663787b7d0c7dad5bd3c3d3134,0.850840,115,28,4429,4166,19,9,16,0.1374
cetd,8ead024f916a943ba0371c75f079a832505407ca4a0031c359bc7ce1127fd525,0.837115,114,18,3157,3534,15,3,21,0.1361
cetd,0793379985a690d53b7a038585655cfb7c5d12a0695b48be80b3b9fc5e8f23e1,0.743462,106,19,1918,2456,17,2,24,0.1245
cetd,f747c2a745a3851454bb45cecd8e2fdc22847ac2d640bd8d7548d48a10ec252f,0.608523,133,44,4773,3036,30,14,32,0.2011
cetd,f9524ec5e4b6378be592134250e8068f3f36f93d83cca31e151d936c6010a386,0.757350,171,57,7482,7254,49,8,44,0.2527
cetd,997730e31a3f05e8a8e30a8222c3e278d5eb219bd57811bcb902933798b21018,0.822868,151,104,33092,34250,100,4,11,0.2612
cetd,dbd8cded69fbe0626974f13790879c1b9d805e265513fc19b710673e72128f14,0.802236,57,22,4073,3713,17,5,14,0.0790
cetd,ed9d206588bb0af3951cbf5e7d10459b7836ad8771cd842c9e770a5a2ea1042b,0.646392,96,21,2429,3002,19,2,33,0.1230
cetd,1a807bc2ebebdd03cff42f2d60f92a1af1fa581a4aaa3cecd47acbc1235e6327,0.773238,248,40,5871,4732,23,17,47,0.3002
cetd,053c92611f9deb146f8e66463ebfca06c20131f26b55f958599f74117f571c3e,0.677129,237,144,24456,30123,143,1,69,0.6914
cetd,899254f36671e37c75574c71a8e381cad3f1b96dcdd6daaeb750c4a1dca4dc2c,0.576173,138,67,23317,44471,66,1,56,0.3095
cetd,640e917343e986aefe53eed2bdf71bea16b5cad4c74b9ce22e96b625f2c1be3f,0.624083,68,21,2578,3413,18,3,15,0.0906
cetd,4dbe0e910e71f74f954303da0b768146bd0417b2df349f997d7f2fe70449aab2,0.543197,74,20,3685,6941,17,3,35,0.1149
cetd,e3bc53bfd946e6c08949d4858f3e28b0df50ba13ea14c87bbad34c13ece00032,0.738659,54,23,4321,3434,17,6,11,0.0792
cetd,8dcfc28273bb8a6e6ac6222c3e2f4b745ca0d1f5649bada22058741be5e01563,0.702166,291,149,37151,47627,145,4,87,0.4866
cetd,1f25d3fd3813f970a0bc513c7ce5ee5e810e9da79540949b28acd22a44837a0c,0.766208,213,91,15801,16563,81,10,56,0.2890
cetd,49537ebfd28d85668883bd26f6531bd8a7e1f3d560574c92afd675bcfd9fbdef,0.849095,111,19,2636,2461,16,3,12,0.1431
cetd,2fc3183122ff7b0c78ff18475a675da32e0040b590468d6e521a719fbafc16f8,0.869057,133,41,7453,7320,38,3,26,0.1578
cetd,ade9eb39b21672a35f8972c8795ae91acc0445d27c9d11bad156c02e2756df53,0.782839,55,24,4934,3834,17,7,5,0.0798
cetd,832bfc7f829afad470bc6b1f97271cfae34e02cf62be3eaffefbd927a96ef162,0.699614,89,41,3942,3355,32,9,9,0.1200
cetd,342c1c1599a0064f81d39f50dbe97a540dd8972fac5e48957f3deb269a076fad,0.733800,94,52,6928,4572,39,13,15,0.1403
cetd,c76dfe1d4fbfdc3dadb77943c86310232d046c57ab3970082b74635f8e6ede2f,0.753718,43,21,3238,3949,19,2,9,0.0644
cetd,1ea773b70be085e037f406bdce80e9fd7828b8c486ebff0ead02773725147c73,0.724672,245,135,31185,39484,133,2,70,0.6902
cetd,22684e6e63cf73f6110917dae4c00a1bda1980fbcf24c940ef4eedf07c1306f2,0.878711,174,57,15296,14149,45,12,53,0.1975
cetd,0e6c781d32060d70ec116c44a5be2d21403b02258b9994fd50f4ffbcd2b844b9,0.834542,79,15,2170,2048,9,6,7,0.0996
cetd,676fd63f783d40fc79d5e40d1db3426c944b6e1d15bf421827f31e81725f8f4a,0.697799,62,21,3550,4985,13,8,9,0.0853
cetd,9b1059623e868c32d43fa5223d1fcb1a96fbfe74a49ef058d587be1f30b205c8,0.356446,71,13,2379,8861,13,0,40,0.1182
cetd,d957ccd5eccc6dc839fce2d3fadcd91d7cea2edd4a2ed76aa1860e1a42517a6d,0.828981,129,52,8459,7370,41,11,15,0.1531
cetd,bbf110556c290b7a79f4e732b7b2f2f9f61afea828b86657532aa499adf4fa31,0.758503,224,132,39405,48557,132,0,77,0.4127
cetd,83382815514f303d3131d2a704d763397431a24bebe273438f0e482f9618c69c,0.731945,170,49,6613,7844,47,2,47,0.2483
cetd,855db43deca713c8c583910c55a05e1c93661d9714dcfd1d49a32a27fc9fb658,0.359794,134,19,4969,13376,18,1,97,0.3055
cetd,c5570f17883f4091c46ffb7bd958292b6933aec1b1eb787bcc1ce8e564895d55,0.843954,107,46,7881,6843,34,12,9,0.1343
cetd,ef08b691c10de9582b71cafb2bfc35f9b2531358a39736e39fd7f49b2f3aebbf,0.866218,55,25,5538,5154,15,10,5,0.0777
cetd,a7c949a6a7842014d414ab12ad575405d05b526758746e2e71fbabe5c19fcbf8,0.946709,59,21,9530,9428,21,0,15,0.0803
cetd,3adc7eaf8888e9cfb58bec8be329a3d9be6b8fdf72fdce90946621492024e2b3,0.787053,57,29,5295,3944,20,9,5,0.0826
cetd,bcac9450596b7b4194600e3fa3671ebba3d747faefe6bb9fd5a5c49d7a2f9cde,0.013908,187,4,131,3330,3,1,69,0.2631
cetd,74aae8f1dc0da96aba458a647f7cdd1b6b5970b14640fb83194d0a652d62632b,0.742496,57,17,4202,5172,15,2,13,0.0949
cetd,7473b7c7458e8886a68d51803bc2eb16c5b5eca22546bd4a0ea94a11d244d5c1,0.529617,65,8,1064,1137,6,2,36,0.0835
cetd,55118033268a9db51d16ccde5fab51a16f07a1e13588ad6480d075f20f11d681,0.637495,115,23,2830,4329,23,0,39,0.1691
cetd,3e7a837633c76fe24b9c317865ae067aa525989d1203db776a2101bce04f1578,0.854426,285,89,15666,13306,61,28,60,0.2681
cetd,e52281aa79f8a0477254dd3e29ff45b7d9eea45857a87a904d0942c8a835fcc0,0.886182,175,69,11904,12434,67,2,32,0.1769
cetd,7dd8684c895723a731c585736942e3870e3b15c269a2ad2db75f96b13db5049d,0.900659,102,27,5443,4930,17,10,18,0.1175
cetd,5a64fc20b2700c25072361e63ae36103b5710fa0acf55d1044c0313339b745de,0.811160,125,33,4643,4500,26,7,29,0.1472
cetd,9c83fe506d5cd958455244e2ba11d6a28ace6c6309051e647c99c23eeedc6baa,0.828476,64,32,6507,5254,21,11,4,0.0977
cetd,73a7efbbb0ebff426d68a0c2c5825ca7daa4fc547c137dd4261057a42a04709d,0.896936,52,22,4218,3927,11,11,6,0.0839
cetd,ea3fcde8529336142ef65619c830101bd2153e14d7cd8128f9202b31f8f0654e,0.747398,75,25,8925,11031,24,1,27,0.1405
cetd,ff4db553c45ddd9ececdd444023e1cbdb0f751c2feb564aad0a7ddda727191fb,0.895026,104,40,7987,6831,26,14,13,0.1274
cetd,82f20092123220eb8e00dda697f757b9e968d347f0eeeaa1e8a68cc70549faf6,0.813712,114,38,6263,5103,29,9,22,0.1454
cetd,014e1be42c371f8ade847d2401034c91b8c692082b83dcfbaa362eed0dfefb2b,0.710202,116,40,6202,5955,34,6,43,0.1586
cetd,49ca27d59d46431b78cadfa4475f2c0e4a72e637a7fe50b34068daf0efa3149a,0.778488,62,36,5043,3742,27,9,7,0.0885
cetd,c01e41428360437ed0b90637b951371c84bd14b3c1480de929ba12cea8a286ed,0.668966,121,19,2373,2804,15,4,22,0.1557
cetd,96eb34eec6a1b33758854b26da3a7bf063c59a8488d50c28cb7c3d125359bcdb,0.609167,93,20,2061,3438,16,4,18,0.1260
cetd,e1ea5944de668950657d1a08399927f99d15c3aae945f0675f28faca0240e027,0.714226,55,27,3998,2758,18,9,1,0.0781
cetd,684dd7f77fb99f487fe0596925bd3a74caadd11d3b0932205a5311b8b15a76bb,0.862116,131,34,5985,5751,28,6,30,0.1559
cetd,8b9d97f84ddfc569719f1f8cb86760481f4aba4fa437f09fa6fb8b7b5bf3d308,0.878713,129,22,5283,5814,21,1,31,0.1535
cetd,f7dec91f461228590a566b68b10b5334587d607fff2d70ef35e1ddb8a3532a2b,0.696339,122,30,3562,3147,22,8,23,0.1808
cetd,ecd48a418fb5424a662141ca17c04454f3c0970d9c7f8ecf24e2b267e10be7d7,0.502155,97,16,2912,7449,15,1,54,0.1668
cetd,cb4c2068db92319ac58183ab5038f3df92886ee496b4335b05a4cf97fe01c2ae,0.872646,218,103,20726,18788,90,13,62,0.2291
cetd,6dd2aed5f1071a3c2c503cacf04ec7d8a7f8a8287186e08fd0a6060f7f1a0412,0.692525,204,94,14338,18116,94,0,86,0.2870
cetd,f80463dde53ded3963bf9c3a2a6e905399e4cdb8082c5690c0a5aa0b4b61ee5b,0.879494,105,33,5451,5180,29,4,17,0.1374
cetd,6a9856ca3aa6e881d0bc487af48f6a090f26c445adc6a2f1054ca8bc42722e68,0.933300,50,10,5455,5440,9,1,9,0.0794
cetd,4b1291f7c575e90fa2dd2dba4e9847089edea99d91e2a3400571b8d2b481af59,0.873038,78,16,4034,3595,11,5,18,0.1082
cetd,d514522dbf64394fcb22c290abf5cd01e4ced0e290dc0a8b4f825de1328f75c2,0.737337,66,31,4111,2901,19,12,7,0.0932
cetd,8f075cc7478fb05cff5e261d2387ab3642fb9e247223751840ccf0ca7bfc6de4,0.737239,225,112,45045,57556,112,0,81,0.4347
cetd,f98481bb53ae37b8b542864a07a67eabf8d2bd0adfe21f5ca784cd4ee15d5a69,0.850531,155,69,8655,8154,65,4,41,0.1642
cetd,6c9032ec282f4298cbdc4b121da2bdfe87d1d2c00c6d02fc325731db6ce9853c,0.789815,133,38,5998,5062,29,9,31,0.4257
cetd,0b9cba4b114cf07df422773d1267c295c7d2a4457f4e8eb580859d97f47c3659,0.797724,130,40,6222,5438,32,8,25,0.1698
cetd,e802600e1d11de3089e34e78f76d71686b35a4ac6559689778e94ad388d74cab,0.656155,125,20,3568,5231,18,2,42,0.1948
cetd,91ddbf25a83f50e9000dd5be5a820980d0465f71f15f18a81d988c60f157afdb,0.406229,162,37,3777,9772,36,1,87,0.2857
cetd,260bc749000db26752a298f8fa41a81db7e722e09ed61a7a4177003bff856f66,0.688518,130,76,18106,23722,74,2,32,0.2479
cetd,e0db7e77c6a23d28618bc16576871e270bd96eb2da97cfb9bc0ef3be8a904410,0.613511,114,46,4969,2677,19,27,10,0.1837
cetd,0a1cfc87b8e95bb22790f70ee62c389c637a7410c1e495e6679849d8ba41a33c,0.824156,81,19,2143,2468,19,0,18,0.1201
cetd,c4cdcf32a09dc27c62fa6c7376fbe66174fd3e893b98a3d57c4fc5b94992484f,0.708877,162,44,5712,6593,41,3,41,0.2432
cetd,2795cd32ce141eac4ed091d6c28652c4587f8ae96a9dc8cbf87dfc7dde895a8f,0.719008,95,24,2801,3686,22,2,33,0.1371
cetd,86399c6bf22ab2e260c212371782afeff95bc45d97b741bbc415e711e0ca4cc0,0.545311,93,34,4201,4838,30,4,30,0.1676
cetd,7fe917c34b9b39f0b1fef95f563696a2d51e9d9e7ba8c0f5a6588a041f42a44b,0.717487,147,48,14994,19542,46,2,80,0.2759
cetd,dc379336e14456a34a4c16ea04657f4471402d4f9f89d7b86929fb94eb0db7fe,0.484962,111,24,2085,2361,18,6,24,0.1447
cetd,a1be858e2dd22a78ac503c604119888f47e44fbef07457f96500fd6c0002200d,0.708349,89,29,3718,3687,24,5,22,0.1212
cetd,fe92f5b63aaf4e1be6faed408c9b070b688130dc6414b000c213fd87d5002d0f,0.883995,57,20,3538,3221,12,8,7,0.0803
cetd,a10020d0c3429f60b6ad2e31231f99f3d0c8612dc27cdd8d80d589c3ee527938,0.876375,46,13,2107,1864,7,6,2,0.0732
cetd,5456372c213aecffff15a56c79b2a5f5c4738d5f30c953238bdaeaccc35ded85,0.761680,118,46,11157,10036,36,10,30,0.1543
cetd,af18fd6269f9b298233a66ce7edfa4ccbc5c2558bfcfa97e4b2a0764032ea9ac,0.771307,100,27,4494,3418,18,9,16,0.1235
cetd,f9bfc1af6d26d5ee9e7c86caafc4e1757dea98ca744acc7406070ddad25f0086,0.741760,177,116,34204,41631,116,0,50,0.6426
cetd,0a5ffd5daffd28422649adc2be12f00d4fa878a3a5fea31dcfb40d5c31511c90,0.904514,50,15,3433,3242,9,6,3,0.0762
cetd,5ca0a9084813afdf56881a4a43c0f4f98fbb432cdbbf9fbb9bec8709ae3b6622,0.930523,37,13,3471,3484,12,1,11,0.0642
cetd,0924ddb80a5e976d91ee85799e53d345335e6ce7e43f563e0b0edb7c4779552f,0.713824,46,15,2887,3386,14,1,10,0.0742
cetd,7ceb0ac93e0b68c4d3ae2c7a4f6fad391e992df09785d4ab9f0a6d9b6c1c4616,0.728079,296,107,13352,9825,65,42,63,0.3684
cetd,832a39d16d96e0c940876784ed26a1662a85bc0a503bb90c9566a4f9ef5a3440,0.593988,95,22,2498,3701,19,3,35,0.1276
cetd,c1d2ddfdd79ad8871ec89088ea42d22e1796029e83cc4f4e671230018a7d2dc9,0.953125,75,28,11582,11456,25,3,13,0.0891
cetd,2023525bccc433beaaa4aa980daf9c54a45aacfe770e1db342a23fc1c4fd6056,0.782847,53,21,8326,8014,19,2,16,0.0789
cetd,6aff3ddb834b432911eeed8601cc4254823db1b93b6629714bb6fe4c810b4cbf,0.732218,60,10,1036,1411,10,0,15,0.0793
cetd,cacea7288fa3a6bae62c0c594668aaf714f09a24639c829d5730a96a85646896,0.875704,132,26,7177,6857,21,5,32,0.1489
cetd,0135b411da54f735e41f0ae462d3c8dc443a5c7a37a25c758cde9937a3b188ea,0.876780,103,32,6068,5760,28,4,15,0.1330
cetd,ebc6c2f270b5740149a9643baa01ab9938a0107b3350c2293c72c56179479c6b,0.825766,58,15,3437,4183,15,0,13,0.1058
cetd,3f7686fcae15bbcbbf130f167ddbeb60f1c85e8f08067e9d3599a1ddd32498a4,0.780968,77,34,6501,6619,32,2,10,0.1182
cetd,2e82dcc72d822f720af9df537b110da2b213ffb911ff7e8b347926ef09c2b667,0.545161,111,17,1231,2214,17,0,47,0.1636
cetd,3e8c6ce942f6bffc184bffe465e325ca93decbda2864dec1230fa9a6f9f3669e,0.903539,86,22,7370,7002,19,3,22,0.1165
cetd,98f9991f35aeca3a8f42a46b24492cb7daa7861a59ab514e52917d07ddff5bca,0.666107,241,120,34641,53094,120,0,84,0.4951
cetd,11b7c0fc43d8cec148a04ca221eaf505ee3f1144c818c903c8765e1872391fec,0.931921,67,13,4320,4104,12,1,10,0.0893
cetd,f4179e55c4f7c5616b50b3bf0be58d1d3a5e24fffc971fae318b3f2f6198e51c,0.912692,77,41,7896,7415,31,10,3,0.0991
cetd,d603fbabc4ea85988be662a79faec0b0916b61ec99f9f2bb1b62adb75ba550d5,0.934999,65,27,7795,7717,26,1,12,0.0910
cetd,efb5aecbe436b14ca573f67127d57762d62d66ebb76b4ef423ce265334636b46,0.840394,87,25,2583,2468,20,5,6,0.1052
cetd,66b4c5f1b6ea3d66e74cd4abd9e5ee7c165c4806c85b01417665f1e2b1989849,0.736326,175,37,6165,8224,37,0,76,0.2200
cetd,2e2b98b7bc62d9b2f3f603d9b8ffd06e0fc86bdff5224a76b2ff4911f1aa606c,0.724479,78,22,2718,2359,19,3,14,0.1158
cetd,5eb9b9c01c461358e86ef29086c5685d4b0afd1e178eb431c6a5caa2f651fb0d,0.286673,143,21,2360,3094,16,5,41,0.2092
cetd,a49f885f25bdc515481379bf63fb34a4f07b298758f5782b7d27edf710668dca,0.886248,67,41,10566,9161,29,12,5,0.1022
cetd,a09a8ddc250422ad84ba27cc25d908d66bbae739f47782267f005bbca41fd588,0.904814,76,35,5730,5738,34,1,8,0.0926
cetd,0e9a088086c0b1e95d4507417d761e8256bcc203dc68c01d008a59409442b113,0.803932,112,44,5306,5018,29,15,11,0.1549
cetd,064d4d611718e903a8def4242514c4edc25e61722fb2f0cb9e199aef56fddd1f,0.859608,161,82,11287,9994,60,22,20,0.1642
cetd,a817355c0b6b522d922ee5f3f999699a4493f1518ab762ec7cabcf4be2e9fa6e,0.861217,129,36,5875,5334,25,11,23,0.4371
cetd,f328002ccafc81dd852ec8fed39a5b276a2d2c659dd3cb3c13cf38ebccefa797,0.777262,129,45,6246,5314,38,7,26,0.1540
cetd,23d9caf28900f7005d3938335056e44bcb95ad524d3f9ce859d7fd5c9b4e1d80,0.782759,126,23,3575,2647,20,3,12,0.2139
cetd,ded12dc3ae3e4e9adfdfd34a846caf19365990aa4c03282d48fee8ebfab2725e,0.734326,506,239,44950,40687,227,12,75,0.7447
cetd,8926987889c8af5558fb6576d618d83937e1a1db5d0c98fbe97d4211db80319a,0.532774,53,19,2791,2532,7,12,8,0.0756
cetd,833d0bcc687d9d145180a789dc132e9af09b1768b6709aef11a1e1524fc16b1c,0.715190,80,10,1167,1319,6,4,7,0.1172
cetd,e35ea1b9b10003ece1a829c2d1c9a300826fb3815ae779f774fba676b8b8d18c,0.865526,165,97,14195,13492,92,5,25,0.1924
cetd,00972cd0338fef7dc9496d63336970d83317e5e320c94b7f8c822973b491c7ac,0.836240,187,56,9012,7911,41,15,22,0.1811
cetd,75dc819f9e395a17cabcc9310fc0fa6acf8e506ac2861b2ebc6b57d4993b04ae,0.751206,121,18,2498,1736,8,10,18,0.1454
cetd,69c8f5ee11df35d30cd2e9f6ab97c1b3bffef1854c59c452cd85bea4f9a8b6eb,0.757460,107,56,9438,6579,43,13,12,0.1370
cetd,f7e683d1f011aa0937a9310b36b29f9b251a9dd5600b739f19f39586574dc2e3,0.783200,246,132,41215,47734,129,3,86,0.4346
cetd,b9adbb86806ecb6c35c9d4248fd23814996d3265a855b224df93a56c064c9774,0.313827,286,117,21256,76915,116,1,121,0.9115
cetd,7419fd62afba70bf1f1d9d18798905ffca986f699340b9497ecbb954968ee196,0.588158,125,15,1775,2381,12,3,18,0.2101
cetd,b3240cdd8d9ff8b60d38a31fab8904d7afcc5dc200a14edb9c1a5bb33645347e,0.709254,150,48,7708,7324,39,9,32,0.2277
cetd,e63f0a16f84a178942998c074c167039632f814eeeba460e4871f71e71167eeb,0.792683,142,33,5894,6225,28,5,45,0.2092
cetd,07a90804bf9fcdb965650c34ab67bf481546eb340d92acfff9ea91e0adcab0ea,0.558522,68,20,3796,4219,17,3,27,0.0897
cetd,63e37638233eb72b5e3b4820aa01cefe7b37d103a99136f659f1e0b49b105d4a,0.759213,159,57,9215,8828,46,11,44,0.2294
cetd,03df6a8507ad906a262be5b8c1496cf7e2e3f1ba305fb0812c117282ce396e68,0.766825,126,39,4229,3401,35,4,25,0.1404
cetd,9e7e8d9167d6cd74d8c22913f6032f3ec2b56a53ddc84c6df46fb88f043bcf04,0.906412,70,39,11531,10349,30,9,7,0.1034
cetd,f40dd61854e8112c7423c85cc6b3d46f54ed1f2a856f34271e56bde24dec9586,0.525285,81,11,1180,2207,10,1,25,0.1150
cetd,4852b387d94b0e73bca9cfcdabe89395d57d924e6d939cbb0ccbb131c1b48b44,0.902329,63,16,3984,4019,15,1,13,0.0736
cetd,74582daa11c0483cc3fad82a4e76805237d17e6fbf59ca55e8d9f849dd09c790,0.672662,122,6,1099,1701,6,0,14,0.2065
cetd,7a23f12e93fc610cec45dd27cfee3653bb5db3852b6404a3754d83ed39b245ca,0.839925,48,17,2460,2183,10,7,2,0.0724
cetd,0766cf5c6e7888888a196131d41fa1ddb5476d9fbf6196403ecc0ab9e9496dc7,0.627128,224,87,26587,41127,84,3,115,0.4865
cetd,f28088517289329a231d050fc36a71647846f797aad0beffeea6e10ecc6d2a7f,0.780142,60,26,4362,3159,17,9,5,0.0843
cetd,ef52ea07c606daf76cd807435ae9ba7896dba3260b062c832497e20bd90b11f6,0.845272,68,23,5864,6952,19,4,9,0.3607
cetd,c544c3bcd5e372ec86b71609e053736035e32860e10781a297fc1b68d59e24d7,0.805125,77,17,4383,3520,11,6,13,0.1089
cetd,bbc68045f784743b5a08462f59274277d71c94da6d4ac8f49831e44c98de3eb8,0.630263,161,57,6866,5439,43,14,38,0.2348
cetd,722f70713bf373c6b3ef49fbf1c4d3cb518cd4ee7913e636919d376620301695,0.854522,172,65,10349,10482,62,3,43,0.2219
cetd,c4608d84af7682704d0a77f379876d19ce9fb78283430eaf4d23a74cc058bdbb,0.857110,190,140,60107,58877,139,1,25,0.3718
cetd,f13ce845d4515657e8eadd8423c6490ff0d794c31bf72e602872c7fcac30b18f,0.231741,71,25,37277,25034,20,5,22,0.6260
cetd,ab193d5b4454a3c9ca70bd495f5c09e42bbb13f94b84ed3cdfc4ce465ff19744,0.702915,235,127,43967,58974,126,1,85,0.7197
cetd,7e470e081d5dbcd2d06898066dcb3e13bfef5e660e2a81f780f60e466304df0e,0.851778,233,177,29325,28487,175,2,37,0.2778
cetd,a4c84aa3508c18c9ec65ab216c27026bf55bdaafbdd9569970f9757a4057be9e,0.766802,180,76,25384,21283,73,3,50,0.2989
cetd,56b0b1360bedd6959de6af41c2b7578d5fdf28d4f7a1188336d4962f5e6980c2,0.812991,105,23,2985,2510,16,7,11,0.1253
cetd,80c021d76644036e68cd1a412b8927631e03dd67bbe046df7c6a8c5e7b9dee28,0.681491,78,9,2721,1597,5,4,20,0.1321
cetd,2b2b16b7e581668ff363212bf652a55e8ae605c1d08e8f09e5abf36b60ca02d1,0.774494,177,68,11265,10351,63,5,55,0.2567
cetd,c88c4c6239b4a5ee2db57791d7533ee151d6ab92b7e3a28f5bf85ae4a2dda976,0.569649,104,22,2948,5245,19,3,43,0.1423
cetd,3848472d2fdeb47abca8ab2c7f1302c86ea9e472025b7a726ffd026870e4cb8d,0.795612,133,43,4674,4430,36,7,23,0.1842
cetd,d603cebf92e4bc867952dfc45119e6e88fa33cf6e2d2ff060fb74591ffbe3286,0.733932,211,71,8890,7832,58,13,58,0.2275
cetd,51a823fbbe63313ea14f97a0bdd6e90c6461de29fff3d6434e786bdee80c2a30,0.809636,121,29,4935,4009,23,6,25,0.1298
cetd,c572d6b670d43b9c6749519d9c5c45e5601b4e01a9b6c03b8f32c312fc6dfc34,0.562820,294,130,25928,45711,130,0,138,0.8390
cetd,697037d4442988a61ba3a4bbb23b19e67adf3ef06ca1447fbd284d298c2bb451,0.853428,111,42,5854,5384,38,4,14,0.1470
cetd,860bfa4b8e31c229edc33e322d34d901da85c20bff54f3bfe8fc6cd62ff70826,0.847938,125,35,6622,5652,25,10,28,0.1429
cetd,f24b720482c685b73d0179744e4236f5d2740596002dd258b1fe74e826b898ef,0.215004,81,26,1400,2242,18,8,29,0.0868
cetd,feb8b5aa50be8d380edbb7917de90fad34a11a420cd2319c13c77054e5f4f38e,0.912669,52,11,3219,3188,9,2,6,0.0803
cetd,9cca29b24c6f27af834cb2bfbb8e986eb650f3d67856a55ef2acd2e75c6a3dd8,0.922883,52,17,6344,6122,15,2,13,0.0740
cetd,1633efb439d3301bed7dfb7ef2878c4822843727125b76dbbea63eff3acbded5,0.863514,120,23,3496,3256,18,5,19,0.1512
cetd,a84d3d8223e3e4e4570932a1afee38698e32bbd3a99a436c6d19e4872223a62a,0.743773,153,67,9145,7166,57,10,19,0.2242
cetd,05867dbd31bf9c25b5bdd85bca6b3836caa715165889526dcfbca83c2c945c40,0.340690,244,40,3008,11103,35,5,104,0.2011
cetd,b6c46e4ef9fca95e1960258beca0a7e261398e0888ceca287bc138f6fbf474fe,0.609675,77,11,2831,1456,9,2,15,0.1312
cetd,4040898fb1c0574540d1022279a71ae9f28ea7330a0a669bd501abc349c11ae5,0.394521,210,58,12630,34592,56,2,132,0.4799
cetd,fddb0aa793c339cf391fd6a84c1a2e6014b8ce8d2d4d6f847fb9af9dc4f0544f,0.818647,201,104,21697,19755,92,12,44,0.2849
cetd,a1fd8b5f1ab57e578651f1f1de0bd0337825ca8fa0cced942ecaa70fa2bf5e2d,0.721052,147,85,20360,24419,83,2,41,0.2634
cetd,70d07f2a124d10613cd8ce73cc9a264061447e94af67cb0151d215143ce1b60e,0.831247,123,34,4978,5219,30,4,18,0.1339
cetd,d1208b841ab2f92e9c802273a88fb14720f92d41fe22e876b0f8498436608413,0.696519,228,135,35828,53882,135,0,68,0.6843
cetd,fa091c49307831da2fca00ebdc8a9090fc4192ec604a6a8b44d0053c0427c919,0.848596,110,32,6411,5765,23,9,23,0.1324
cetd,f089ac3fba3d500e6b5657fd1dcc80680c0679e6cb8246aa41d043611226f849,0.645388,101,52,10373,13161,46,6,30,0.1723
cetd,0df0f33a9e89ec7a799943dfdbf50890cc012542b046cd62f7eb4c3e67447d98,0.783668,116,40,5184,4015,34,6,20,0.1699
cetd,ccf7fa3aa763d073bd0971e40e3abc29ed552ec6b9a528fad362c93d52ecf6c8,0.738589,116,20,3317,2976,11,9,25,0.1454
cetd,8488284006fcb1f45f80655fec8481aef3f4aa688f68db9e03593cc8c2aca038,0.759212,85,35,14752,19529,32,3,27,0.1541
cetd,48d3194f53cfed277f6a11013d54c24fe8600291048ff22c860d08744d5634fd,0.881183,60,29,8868,7648,20,9,8,0.0917
cetd,ee49f03bc5623505e80effd7923963ced2d9fc5bf017f0220201dd6d014b0dd3,0.871193,128,29,5016,5190,25,4,31,0.1597
cetd,2b270294eaa053f3216af6a1699412cdbdcb5db6c240636d04df411d260fa381,0.849288,140,49,7458,6824,44,5,38,0.1789
cetd,dec91add80e32e283485d4073c7a43a519470f066e88fa9f646583ccaddb9021,0.750822,125,46,5084,5684,42,4,43,0.1623
cetd,7a578b65cabdc611ee924551ce0f7c554e8d010c02b753af65970d5902e24c5f,0.724479,78,22,2718,2359,19,3,14,0.1207
cetd,6b68b5a22c8477d494ad599e101fd053e53d4342603ef852ece56b5e2c39514f,0.673678,104,42,5839,3684,21,21,9,0.1651
cetd,6a0946c01040551a50714a854975faae5955c55c1c84711264ad9846135e22ba,0.697542,161,96,30155,41593,92,4,42,0.3699
cetd,32ac3aafd2d5cfe2e24024d0155ebdba9284c59fe24f27c2421972b49affc5a3,0.812980,127,37,5679,5636,34,3,34,0.1443
cetd,106b4c38d1a635dd0b99b9d365e932dfc27640bc03e0feb642153892c3557721,0.805415,58,28,4976,5039,24,4,12,0.0745
cetd,498c2b3754a10467d716b79ed90c06d1b3341098bedb78e5412d05851d68ad3d,0.713050,114,25,2868,3761,21,4,30,0.1630
cetd,3803356299de39d10e5ee387bcf613cd195121e8257a58856cd5f19d7a91ab09,0.830624,163,77,9927,9593,72,5,43,0.1909
cetd,1c597f75076f4c8b21df57909360da98405b81b6524ecbb4a4bb3d15f66a9b12,0.501808,179,70,6819,12297,70,0,86,0.1967
cetd,c2a8b52acf18223b9694eca79c3bdef21adb665fa4265a67a09eb852513e7cb4,0.866949,277,78,18152,16765,59,19,40,0.2608
cetd,27600e6a64287a5691705db7500e63b5cf7e1b4b3849ae8ae1067bc707956abd,0.768984,119,30,3826,3157,21,9,14,0.1340
cetd,a659c379cb9f4e6de5efe7da8f8f47fd3ecc935aa5e12e1cdaa9844c9d52b486,0.770037,83,30,6058,7434,26,4,19,0.1079
cetd,4c48d97b3bf18cc13fffddd1106f81857664adf50df5374121ea13296906557d,0.723696,91,55,8623,7297,49,6,14,0.1477
cetd,5e5b5deebf07f4635baacc7e973f93edc1512c9cf45ec3a01e93d42e7a18816b,0.859958,133,44,5946,5689,41,3,19,0.1493
cetd,baf66b0944e76889f975c33a353ecd9fa7ee761705ba4ce68d4331286a1d7297,0.337890,85,25,3667,12983,23,2,44,0.1373
cetd,d5132980918f2c8ff30f3bd3e0972b38097c5ac13fdd8d99c9e62d5c4e1e59d7,0.841826,115,47,10583,11643,45,2,46,0.4088
cetd,e1931054c771b575df10b70b7ef53a6593304fcc568ba2bed5cf0f91db4df1a3,0.782136,173,106,27391,31990,104,2,36,0.3268
cetd,e49fa5417d44de82c5030fe9a9f63b9e3e40bfbc2b14840818b2165052716b01,0.787437,222,136,39402,42668,136,0,61,0.3481
cetd,e0ec496600c8b345316b77cf4ee19a573e1dbc307dddd7e02eb612254be53da4,0.676508,115,47,5686,3305,22,25,8,0.1693
cetd,dfa15134b48d76238b64e8c1fe105acd2e545b70ea28a9757cd21e3783681efc,0.854701,125,45,7920,7211,38,7,22,0.1498
cetd,dc0741a34aa861a44f895e881b3fe3d03b020c7e2b4311a09968671e9635b509,0.815051,128,55,9126,7756,44,11,18,0.1485
cetd,56a03da30ff7654a1194ccd3e7fe31ba71aab83c3ce4befc6afb68f475bc0b47,0.745066,148,85,24492,24075,82,3,9,0.2803
cetd,91b27b0b058e7de222350b52e3647c48405b004dff8f51c7e449506a5e94f814,0.718915,124,56,9616,11163,53,3,54,0.1410
cetd,9638fa23f0b1d26d9a8b14ea8a85946c8227deac690ac132fa2d74dbe592820f,0.814834,114,38,5424,4728,28,10,20,0.1445
cetd,051b7a136051cf5cabba74c315fb5861a8e1a27456d2e8fc992c5c4b19813268,0.737958,243,190,57321,57883,190,0,38,0.5152
cetd,b00fbac7e7fcb53c75baf64b60782c06e0f0309c7dd3ae9cac717f3927518d4c,0.734487,110,32,3648,2995,20,12,8,0.1400
cetd,e91aa7bc370a664a491fa9f8997d660368724409822056bbf03e1553bc703e81,0.931655,54,19,4865,4851,16,3,8,0.0786
cetd,dcacfb053fa59ea4a254472bdda33a797198a9305e23382c84d3164f2a1613d5,0.850736,116,28,4384,3990,22,6,16,0.1717
cetd,adf472189d26c379d4e72ddc9e35df5040c2470d2d25af8078f050636edf688a,0.878780,67,46,11620,9812,37,9,3,0.1064
cetd,3bb4f86cbce466cc8bb204738df99647456df0bd0de7c8af5bb5507cee4ba2f6,0.535085,111,16,2463,6101,16,0,55,0.1508
cetd,dc2df58fb7c5bef94cca32c3d04c263686a5c73ce5131d2ea589b40e15426fce,0.889370,268,57,16339,15110,46,11,63,0.2572
cetd,969ae05634c4116b6d93b2cd3ea8a29f7d48e6bfaa87d5f959e5dc9ff318b612,0.813979,136,51,7831,6548,42,9,20,0.1574
cetd,bc9933a26951f891a0b6d90a0ab47750542c33d90ad5dd912dc9e8cb5c4bd20c,0.839267,111,23,4409,3614,11,12,10,0.1771
cetd,ae813c669dd46d5d866498e2a84688eeab370d42ec8801a662496cfc5466708c,0.599298,125,43,4653,2545,24,19,12,0.1908
cetd,74dabe50a8afeb3f3fe2013b5c73b0293a1c633301557fd4c566fe3139db70a8,0.540241,64,20,2471,3695,17,3,25,0.0898
cetd,6480ae11beac2e93a77458b969f6ac3930b787563a682af5d57e3932cb0be1d2,0.834349,80,30,9591,10025,24,6,28,0.1347
cetd,a2fe4ea22fe53a1f9b958904da86ac414645419e97152a005719cdccf0d3d074,0.718383,297,139,29728,24698,129,10,82,0.4389
cetd,c0bbfbc5f594ca034f934f8b9346f5914659bc121d13b450fdf83d47d20b1a45,0.772433,180,76,25395,20814,72,4,45,0.3005
cetd,94055a0eb89a84d30359ccce25a326f83ca0562d2d25d1a4503c27079986bd15,0.673548,155,42,14086,10231,36,6,58,0.2315
cetd,9652f6251e7f069bf2f850b8e136e69f7153a211966daab4e1d1e46fdef5b505,0.705460,93,28,3557,4199,24,4,23,0.1240
cetd,e40007d6f0db881683f8fbb6578ff383067a7c29d4c6dbec8a5ab5c85db5532b,0.885928,58,25,5075,4867,21,4,7,0.1027
cetd,321ebe9aba4186fb70ac2547312dac0687994a2fa0b79a596222dbaf74463e46,0.487769,37,4,1164,2687,1,3,13,0.0629
cetd,5a5c0f4e75178aa7566ab31952161a0b1ac45fb5ac97e6c5b39b9c6d43598e53,0.606177,161,71,18476,31536,71,0,69,0.5678
cetd,fe63bfc8e8af919128363c5822a00e16dd386df36f2c3fb580307c2c06d8a822,0.760881,163,85,14002,11457,67,18,21,0.2366
cetd,bafa76e359155c9b946858cbbd46231a11fd11e8fa35871b0d47a04d5b397827,0.745644,202,86,12858,11314,73,13,61,0.2779
cetd,ce3df13f2ea817afb267dc202b09a706654fca6308c3d52627457103ef35776c,0.786224,177,61,9705,9108,55,6,40,0.2487
cetd,46f3788fd714a974f936f95673b195de9c86ba745950f9bbbbf8920168e4c799,0.843421,115,77,12745,13496,77,0,29,0.1258
cetd,aa76c500deb2f7f9d56bd40c4ff810d47e2bb1e33000e844f25798d967690529,0.473945,79,18,1652,602,11,7,11,0.1052
cetd,7133db75756ba9f5bce1d6217b415e946afc3ed7f5964540dd40973e14000913,0.922586,55,23,5368,5028,13,10,3,0.0797
cetd,23afc3f4fde78b6b3b21142bd3b3c3050c3e70ec1147334f46bc8051a709b572,0.850000,110,46,6258,5793,39,7,13,0.1553
cetd,cf97cc113791302e3121fee666769aaf07801969976c4a922b58080fc54f0676,0.850034,130,56,8998,7265,25,31,10,0.1444
cetd,2c37b2b38eb067ce838eeae2763175ca2d190bd63739a06b6b8a15cc5ca24f4a,0.695708,117,32,4458,3681,27,5,27,0.1677
cetd,1788964735e5c8cfdd942d23680ded2b2c477a23a3ad060a8efb2222cefb3d68,0.885214,49,18,2921,2617,9,9,4,0.0787
cetd,057208cb4eee71332d859bbd7f2071b16c21f8afb9e22e227e1d277fd19b4ce9,0.549451,143,28,2068,2256,13,15,22,0.2926
cetd,1c0d39217a4b9b2e3f93d1a37e491a0e3ef919b027c54d0c492a336dc57169d4,0.339207,115,13,1567,5102,12,1,61,0.1467
cetd,58d550121f07aba8acab61b153d4f8375d0784e28da7c1e3a25e4623eabde078,0.750762,147,35,5290,6428,33,2,41,0.2154
cetd,40a84f15a3451caf832a7bd44bc982e0f3ce115996a9d480057570277c20ddcd,0.916553,135,31,8268,8424,29,2,46,0.1606
cetd,0d8abb7440bed19dc9c7d35fcb5dd7d551b7355532a2f9740cc554b93ffb5476,0.935158,59,24,9606,9283,22,2,17,0.0825
cetd,c7c4f03e257b80aad430e293d0e56f393d7bbbfcc40d00518976ecc0fa65813f,0.829985,115,22,2971,2545,18,4,19,0.1487
cetd,ba2df05efc5e72222f81fc93d5bb5d48d326a3cb3e44f7ae6446b69649a23a21,0.952826,69,27,12483,11995,22,5,11,0.0828
cetd,81c542e91918b3b7d9ccf932ce4d03bffee73b6496c67263d527e1d7c3771072,0.907000,73,31,7859,7898,24,7,11,0.0946
cetd,a9eacf51d5946e353b0077ea40f3123ec45163ff9236088290fa3d1a48ca227f,0.782515,119,38,5401,4368,33,5,32,0.1370
cetd,e338d561e810c82d383d7bf87106a35662dbc0541f7a86b8593b81896f7dfe9b,0.841357,148,72,12609,10818,63,9,23,0.1699
cetd,a6f19e2b568bf4fc9db36e70d82e9e3d3d193b51556dc039fc3b108aa2dbead9,0.833228,111,34,4737,4200,27,7,22,0.1394
cetd,5a0af38ebee25886e0e6396d4f514ded0a278132072dc71c6206fd6c1e514214,0.685943,167,48,5784,6073,44,4,56,0.2335
cetd,88648729474a517fc60eaf1cffe5d329c7b7814e8eeeab1a1b267e4681aa9132,0.832830,327,217,59377,62455,216,1,49,0.7791
cetd,e73a12c31c6f143f65d2d12d2629f907ffd83aa9fc41f554562856c9ee0fd410,0.760906,64,33,7756,8006,29,4,16,0.0861
cetd,55a5b9f89a827af06ad41b965ddd37111cb513b44752518d26a1adc0c11eb9b5,0.671108,162,52,7159,6116,41,11,41,0.2450
cetd,31328ddb1c168bcee6280660820d56925e958ff6eb3aafce6e9fa94dcbaf60b9,0.630927,87,29,8930,12132,29,0,58,0.0896
cetd,27b1accf9a3278241356765110bf24205ae343c2503d1cabbadfda281671dec4,0.811734,159,62,10093,10047,57,5,35,0.2347
cetd,55aedd6aa2e4227f1bd5019a51e81a7fe2208c7b87bb75c7e1f84d0aef9122af,0.735867,86,15,1351,1677,13,2,21,0.1191
cetd,025a8b1b8f4575fa19cf5b5affbb06636a12193679edf8d5bfd0f7908aac8ec7,0.815064,147,59,8384,7029,46,13,35,0.1702
cetd,5abd49014c33ebda76ebeaa0dc604533205386dd293c5d8844e8166d675810e8,0.889527,59,16,3599,3492,12,4,5,0.0832
cetd,781256841cb1740aa007b8d6e035fc49f88c58ee402b1cd13421d459c05738d2,0.838732,116,25,4243,4056,20,5,16,0.1372
cetd,668b37557444507befe65fa5a975784f7f11a664bc2143011b25eca37eded69a,0.807094,276,206,58034,67210,204,2,53,0.5001
cetd,0572723fd1494c08add651e9a40a6ad603dcacce60562fb531a4fd4f87291925,0.900896,72,26,4726,4676,22,4,9,0.0817
cetd,2d6cb918ba8ad7fa2fa4164062ecad868cef653e610c6d0f5c996a7615a6b4d1,0.919355,67,20,4886,4928,19,1,12,0.0806
cetd,80ba0dc622cbc6beb4c6f69dc58accb9c0906baed9e76b0d2551fe3d1acdc89e,0.829696,77,31,4943,5733,26,5,14,0.0958
cetd,f1e02bfdd91e035f3b1316de09e6a2fe1a5336e6fa8789cabea4887f0a14bf90,0.905585,49,14,3323,3179,8,6,7,0.0737
cetd,4e908f7378978a80bd2569a6647d135506c0ec74847c231bf3e8a252dd76b006,0.873368,63,33,8041,6803,24,9,8,0.0898
cetd,eb248cb97a8ec0e44bc0bfbcd6d6303fd1ac03258afbb20a3b2176196aedbfa2,0.888218,66,40,10251,8932,32,8,4,0.0998
cetd,790597cc5ca0577a8629017ae92f0ad69861979044f9bf59e423692811adae59,0.708004,160,75,12261,10041,58,17,28,0.2349
cetd,85f694791eb95de128d6777274510ff86db50e398afd1eda9afccc353ad5f400,0.560254,107,35,4260,6574,33,2,38,0.1468
cetd,8a28b95ffcc22cc733abe34dd0497f90ff89b2ac3c355dd3277a52112404d1d4,0.729360,56,25,5447,4590,14,11,8,0.0805
cetd,e30db82b834d19eb6619775012d60e741f32ec1f91a989e3b439092b222f486c,0.764984,89,35,7335,6496,30,5,19,0.1116
cetd,32d3dd746c917d02d18885be5cef80273c7f5c7d90649817741c0c2f16456158,0.727273,100,45,6355,4647,36,9,22,0.1528
cetd,eeff8be29d9939bdf8f20141dcd4f5bb670d50c701af808af72684b43b5bc52a,0.631356,155,82,10170,10830,79,3,25,0.2772
cetd,6242f1be2ec983cc47d19419b3037e1fd189467b4d32ceef5301045bc2ac75a8,0.747000,90,21,2411,3243,20,1,27,0.1230
cetd,d1fe6116b19de5e9e05eeb6638e843149820d62a1a1bf72184de6bfbb4a239ce,0.774021,158,40,6519,7421,36,4,38,0.2306
cetd,9ad6d737f42695860f27a22b0995578ca56b02773db2ecdc47257d9e86fc2f9f,0.752372,148,59,16890,18512,55,4,70,0.2220
cetd,6ef765713dab8d15cd64fcd1c555218050c925a6d7c997317ef79e7cb57047c7,0.763510,66,26,5131,4729,19,7,11,0.0922
cetd,663d9f1c1790697b5f1c534754248d81b8e1b95d31a7609e783f062cf4e3b598,0.825032,82,47,8051,8350,46,1,17,0.1097
cetd,81ece2a821349fe188651da12ba6667e2395d2e74a6b14c6f15bc06f66584ef6,0.585619,128,24,1953,1515,13,11,13,0.1408
cetd,792e5cd8f4cf0f7fa8e66ae466de98ba5d9e6a0781f2a1be9e3dda474c97a8fe,0.759829,230,134,56068,63537,131,3,60,0.5374
cetd,217d3b085c846b47dbafbd0ef164461270181c1a41ee81afe707e6da1e33c41c,0.872285,190,59,9148,8848,51,8,17,0.1665
cetd,c3ce020c9b11c9d530694eaa898281522a3402a1bc48474cabaaeef883f14a7a,0.630572,116,70,8353,11285,67,3,27,0.1592
cetd,e522a6b37098b66eb3bca9400f03521ac0ceaef68974456dd639b04a50075813,0.599331,193,30,3049,5035,27,3,109,0.2126
cetd,982df3708263bc599b1e989f840eef9443ce9cbe502018f942b683664d21725b,0.914141,70,40,11761,11136,36,4,9,0.1012
cetd,823766ad5607770e24e0e0a391f74b42511f1d83c99b7bc7b69ff72770a140a8,0.836934,185,103,20168,21504,101,2,55,0.1987
cetd,b7ca27e7d93ef474d8c7b679a72fb324479795be7dece4177527d4d391d35733,0.004209,66,2,141,6297,2,0,46,0.0993
cetd,26f93b482c91d22adfe2331e8d7f5baba4a611d19c7f491216ed1cef504fb273,0.855143,74,50,11755,9976,42,8,5,0.1081
cetd,eeb4d2022462539163b6bc9f91f7ec1684a800b932586ff5fa18b8b30cd5ffff,0.667343,125,21,2417,3223,17,4,35,0.1583
cetd,c6e91ca134886cfa6d42ae439cf1bad965c17548768a0fa3b4cc8c6ed7541317,0.898468,62,24,5575,5395,20,4,6,0.0854
cetd,4fb3a86ad020adb161fe3fcd7b973610cd92787ff8fe273d9614ece894c2f2c8,0.735578,91,49,7971,8249,47,2,9,0.1545
cetd,b4535ea5aaca7ae7497508ce1126247b8bbdb0f0e58a72bf860a594c3bd3e195,0.802229,168,51,9968,9124,47,4,49,0.2453
cetd,5cc87edf62dcbc06eb81ee7a9fea76ca35d71a9a088957fdde72e5b5ee7229a2,0.762625,162,48,6974,7405,43,5,45,0.4965
cetd,d310a131d4fb2418e4fd78ff3cd4bdfcf215ea74292ce978eb21495822445cc2,0.625746,120,39,4836,6595,34,5,48,0.1503
cetd,4c33e18eee54951ff02f9f33935cbe2a5a47e2fce3274e8fac844e4121bbeeb2,0.468439,111,32,3516,8848,32,0,70,0.1137
cetd,41c023e8d85d407d5de473a10f096cc62c607d1eaae05ae856b223f01b2e8e7d,0.780324,393,206,74182,89098,206,0,173,0.8793
cetd,1f8fa776a20d8d17e7ad0c47e3c06ab09a3490aa9e65bb5361ee8424957e5c16,0.791436,73,25,4742,5406,21,4,14,0.1013
cetd,fe6ec4a4343a33c4f09fbad787209299ed9e50dd5c6fc0b70661eb4b7aeb2172,0.613757,65,17,5135,7409,16,1,24,0.1239
cetd,c3b5c85bf5369eafc1c2ad14852245dee809ecbae486739eeb2cc97f98eb9418,0.429502,85,25,5030,11384,25,0,38,0.1558
cetd,4396c7d9882eed35d36b8361ee5c817813ac07b9094a4dd9274a1d012b6d693d,0.728653,272,220,57219,64296,219,1,42,0.4815
cetd,5ac340ce6172cca0ce2071b1356f5dcd8d64502e38ce316ba3aa9c2958b3d5f4,0.796888,252,37,7425,7710,25,12,57,0.2379
cetd,780da61154121d97b045a16086c30418fe1fcb892df37f19875f02dbbd4df0ef,0.863248,49,15,2414,2168,9,6,2,0.0744
cetd,1c38aaf07b7ba8b873afc6e60a69f44ffdf19b1cbcc01bb22926c18ac206d339,0.903265,82,19,7394,6836,17,2,18,0.1115
cetd,50bc20bef1f7adbec01db4b220684a0038703390d5dd0816c8d5d4ddfff2b2c5,0.901616,119,24,5185,5097,22,2,27,0.1406
cetd,34de009fc3ea4d0d7f71d3963e8ec8f90abaeb03786173d89d82e80148477072,0.631579,43,10,924,1156,8,2,5,0.0764
cetd,30ba8027b259eba8839b235c28797e6d7cbda8e944ae5319d5382f950c5e470e,0.799546,89,40,5238,4292,24,16,14,0.1168
cetd,0b3a17cbb2b8e578f99b5e78c67f150c7142be80e82a9f146a8521684066dc3d,0.862505,123,44,8102,7360,34,10,22,0.1531
cetd,8149412a006a39e8e2f0fc69b2c949dea8c35ad14a1b3fb82c3a565883775699,0.835832,90,33,5876,6692,33,0,25,0.1005
cetd,290371bc859dc1f75a6b1d39de4bde0782e7a7171660f36feded4653ad340d9c,0.706339,158,34,4631,5744,32,2,63,0.2287
cetd,48b7f97fa250c01981a26e8b6bafe7cbbf5beb1f46967b50d3744315524b685d,0.651232,76,8,2370,1238,7,1,20,0.1289
cetd,1d7a0adf7a06c028d26c05a8a702247d47907ecad448f43b79d785a3b394cc2b,0.601928,176,76,24196,44236,76,0,79,0.3670
cetd,081d1fe400d065e3e10082c1d015277963736921725a75f93d050966e5a7227f,0.771214,192,76,12179,11198,70,6,47,0.2658
cetd,d2669e397d435174df8ad23d5ea535288ea945d7c8db61c3e08da813126a0cc0,0.835852,72,15,3236,3786,11,4,13,0.0943
cetd,8d150c51604a6280b0080b10498d756fc1c0e9c3c96b8a46f43c03026341d975,0.901288,59,21,3939,3693,13,8,8,0.0810
cetd,abb4132d0da6d04eccaa1ad86b217ce562f470235762dd47f0fa59855557726d,0.827558,131,56,7269,5662,28,28,18,0.1427
cetd,933e48b7fb2e7a458c15e5372728ced9a3b2917b5509875391c3813bafd931f5,0.798418,106,47,11816,11939,45,2,29,0.1682
cetd,3df38ebec9982d21f821caf5e887a45c3335217bb92479f037e5a9ca604394c5,0.753871,116,32,3628,2570,20,12,11,0.1750
cetd,5696a201415df3468a410c45e8d0356b45971ff9f4f84118f678f498cc11570d,0.881401,126,38,6361,6060,30,8,15,0.1479
cetd,f4cbcd52652c82209252cfe59cb81463c29237ba0f1731c3e238fce96c35ed9a,0.811379,113,42,6316,5173,28,14,11,0.1328
cetd,3a3c38a9d3eb8c436f02307913f60d11a17c1700a6ef6c804d91ff480b11d765,0.658824,96,21,2176,3590,20,1,36,0.1250
cetd,41a31c550227a6963bd4608766c03489aad526c2b41373f4f26cb6bcca2a5978,0.944989,85,9,1491,1479,8,1,4,0.1418
cetd,7554843f6738a49c692d8de7604fa88f571ad2d284c57b8416b465a12ad80510,0.805669,122,43,7751,6234,30,13,27,0.1447
cetd,e02168b2de4d886c724a755a1a7f4a91aa56c8a41e32d80730831dc0d228a9c9,0.666667,85,22,2228,2212,19,3,20,0.1206
cetd,25828baba2c3158fe016ff0923e1303389eefb13db957312966a6cddf7e6b456,0.794787,496,263,97580,103586,262,1,188,1.0821
cetd,dd1fa2095c191c41a2f7e0566f1a1901b420a5e17830ab5fbfcbda78dc705396,0.737832,150,62,10035,8401,54,8,30,0.2225
cetd,332b780def9ac3627e608c3f7e85c5fc98429c177424407f040dcf1099a645b5,0.809262,89,12,5095,6107,10,2,22,0.1179
cetd,87cd2cdfc2e65c9d179b264a9aab64e25ffc736e60fb69de29a7fa37ff1bdad5,0.875546,69,38,9224,7894,29,9,4,0.0990
cetd,394718220106440be4634542b10c05ca6c461f4975e150a2d4bf32f8d3e041b3,0.759966,90,38,14702,14533,38,0,9,0.1772
cetd,93aea5bfa5fdbefbac8219a78fb53f919cf9e894afad85dd5e53a017b1dc82ce,0.467540,160,68,4003,5638,58,10,56,0.1607
cetd,5b1cb2d2369a7348d574242814d01e351b1fc1a65e72320d12c6a9723d3d0794,0.846186,138,37,6217,6388,32,5,38,0.1564
cetd,634f30e94905cb790ad5a126e20d9b7ed5d7372a2c6773eefa33f1d21dc96a47,0.850593,195,124,20643,20425,120,4,45,0.2374
cetd,fb838a7e2aedaa0bc10c50e24e8f898bf412a206ae1131709ed5ef72fc1fb8dc,0.713846,160,41,8294,5893,39,2,59,0.2704
cetd,93e1488ca9e1a95ec5e5d7a5cb7c73808d93656185c7cd10faaaa6235496c6b5,0.704666,139,50,6501,4953,40,10,19,0.1961
cetd,1c7a9151d232beba3f29c800294dc8577db755c69917aae3037c6564b8d6b1e4,0.801514,116,20,4183,3983,10,10,16,0.1877
cetd,b61c0da87ff84fec3e26ec0b4579474ab06289a3b12c65799bda8639ff3fbb3b,0.719373,156,46,6236,6619,42,4,47,0.2561
cetd,4d8b227697652c2a48403b39cf4793af6a32618ef2108d58a7a94cd4a97c43ee,0.871377,129,35,5792,5733,31,4,31,0.1553
cetd,8960f2fea4eeb638c74d736e850cbbe0baef6a666a36a8aadaa2d8e81c5834e2,0.835577,131,43,7100,6591,31,12,16,0.4327
cetd,d65b750ab1efc8eb60bba528f587132f760aa5b477e09c75a04a85656360637b,0.859407,191,115,53111,55220,112,3,56,0.3563
cetd,32f94e307529eb98924f141c515dc056de990e0242c558d5ed50834fb2599058,0.570732,94,25,2574,3207,22,3,35,0.1329
cetd,d164cace3d1a882bd322737f5e08abd8955b0900fcfebd397b3b58842d25083f,0.778673,256,54,10092,10091,34,20,64,0.2590
cetd,f244c7756b28f580b8aeb950d8f53731213d25b0b688ac25f8103f46dd9b0876,0.746118,35,12,3406,4484,11,1,9,0.0664
cetd,931e0de9ac326c1381fc35b9593719b89b074c63916c23be64efb63b35b1483f,0.368515,86,8,676,2545,6,2,34,0.1247
cetd,92b2d134f1f5bad1245fd92811441924111637eba8093a5587f749d9b03c5ee4,0.864390,66,22,5029,5527,18,4,13,0.1187
cetd,978ad77ac375333d8a17e7a53996c75eaca7f959b8e0783ce32318083c5e0909,0.840914,128,48,7244,6277,30,18,21,0.1736
cetd,a4027ecc2475bb2e04a3487708f746f156af1726a88f1ff8cc8319d8fbb83d4b,0.807503,150,26,3560,3338,22,4,23,0.1699
cetd,dd914c01c14e80a8e921ddf0099d69a880edbc0fcd734e19d1829060b5ed825b,0.522681,124,33,6770,13256,33,0,55,0.2302
cetd,e19ade2ddc19bc5edce4b7f235439f85ba8ec36c9343832dc88d5849f42d7a47,0.806090,116,44,6118,5518,42,2,29,0.1566
cetd,fa87fce780424395dc871043348dd5900a7a7b0620101d9e03ff5bb51798156a,0.868325,113,82,16345,15390,80,2,18,0.1397
cetd,b09db0e3093b8881bbaa5330dbb2c0b0120e7dc6e2fbd4acc2ce2d89db6403e3,0.468798,105,35,9517,19434,31,4,50,0.2197
cetd,732715d27edc4248c26aa39a9e562f3085dc8d02b788636b09ab45abff3b2747,0.790557,31,12,2172,2225,8,4,6,0.0524
cetd,a52356e3e6cfaddfe34ab4b548d9b79b9cc44883c6f9c868ffd783008087f0ea,0.601601,153,49,8656,5655,44,5,43,0.2460
cetd,af4a5b401068d31e7a1fcb6b63c908d6928b1e550fd92af24d1081473c182270,0.345402,100,16,2158,6992,14,2,52,0.1430
cetd,1ae1444ed6f8d1c06d3d09ccb3e383ac17e8bd1122b450dd20f74a9d9ee6d9cb,0.808807,71,25,3374,3447,19,6,6,0.0960
cetd,83db0256dd504e19a57bdcb9ca5e13c0c8dcc5c0ceae63e439c4eec95a84e906,0.826012,119,48,8495,6968,33,15,8,0.1462
cetd,bfb10478eb0acf23ca31bbc74999118e60d1765d0aee313f96f4b38707c3c870,0.640070,89,18,10324,17067,17,1,46,0.1629
cetd,d5eb78198df93ee0b5394433b80fd1afe9564d7f0ff0fa23632fd8757c750ce9,0.740539,94,43,6982,5562,42,1,31,0.1203
cetd,49304487f8e62343463d846d8c1d8bad555dd3a2f8a72ab762041aed77b28b39,0.656279,296,162,36077,50823,162,0,111,0.7243
cetd,10ea15b4bc4082c63db98683a02e240250f65c05ad5174852714ac6ebd26dc26,0.833257,146,62,12072,10717,49,13,35,0.1736
cetd,d7ee6ea85588e308d3ba25ec2a9623dd8dd199ff6fef29ee766ebd2d79ec0ac5,0.781477,74,36,9528,9462,26,10,12,0.1041
cetd,b762ab7308267989fa9e3617b108ee0b75f9d6abc41d711c4ac4872dd1490841,0.538341,54,5,1101,2458,5,0,22,0.0823
cetd,36051011edca91161959d4d89d011ad7c752ac5f6b9104a44862475dbf367b06,0.843218,60,18,2878,2784,12,6,6,0.0841
cetd,fac0c497db1b94ae93ef6daba7fec46b3640891761d2fe864fb88b011ebdbcb6,0.786913,107,46,6881,5206,33,13,16,0.1397
cetd,086801659c089a70893b2db4adf4c8b61836c309e919a5e73b327a9534db8154,0.316279,121,16,631,2012,14,2,32,0.1635
cetd,5093d65c8c1d71104d73be23dd9de4d49f09590778d7bd1d169ae939088796d0,0.788022,134,48,7732,6067,33,15,30,0.1549
cetd,6976c156155f206ff60aa810d5a399a9bcf7b22e2bf8a2333c21529ac68cb27b,0.888472,75,44,11206,9833,33,11,4,0.1059
cetd,9b86f0ad44f2c59e54d80842b738489becc4cb4cfddc934790bdb562b9313467,0.745600,94,21,2201,3003,21,0,33,0.1241
cetd,2f76c32452e9fc0830ae00a273ac26c58bc05f6e1cdfb653b23dc65d2f0e0a9e,0.914507,119,23,6218,5901,20,3,32,0.1444
cetd,5d000e9c9440ccd2e50a5d3e1674a594d4ee7c6420c64f2ef34385a6eb875895,0.811427,140,53,8152,8796,51,2,31,0.1819
cetd,fcbda1ab22df0b19f98ee61a1d6c225d419ebfa755d12833fcf580e6639701b6,0.743915,88,39,5780,4219,36,3,22,0.1086
cetd,5448196571fdf749731c23c39dc343ffd7847c2371fa345c05f7c2bf41676192,0.548947,118,43,4940,2696,26,17,16,0.1822
cetd,5d7464b48b4a80f975ab20bec000f0f1a4f2e29d2952fbb0d90defe0eed1bbc6,0.644444,96,19,1794,2650,17,2,32,0.1327
cetd,918373c47f918265f34c48566ba268e9b8f296579cc4f25cd4f0f1940238e457,0.915964,117,19,5170,5125,16,3,23,0.1392
cetd,6f68a45097799b2fa6febfcff88ae0406c82abf026d3c7c5558dd33195a23ecc,0.859463,69,24,4993,5448,24,0,18,0.0951
cetd,39452c193e53bff181daad90ebebed04f54d87abd966dc2e6b2ff902ed7fd5d9,0.747583,159,52,7899,7284,47,5,47,0.2348
cetd,858c4f58bf57d1907ca88003bca33283dc6e332c3c166483796e2e043c4dfa04,0.916250,57,18,4201,4053,13,5,3,0.0807
cetd,327c0508d861ebeb05f18dea41bdba36904eac3aa2b587e0b671615ac1c6f21a,0.845483,117,40,7854,6615,28,12,20,0.1393
cetd,f1ea78771292e89f5aa51d525c9ee5df725efe04a6ef24f485da3f036890a0e4,0.745998,94,21,2201,3001,21,0,33,0.1236
cetd,5668ff91db9b09778a6adc76e08c6a331d2dc8f94bf14b53e9dba081e3992564,0.838855,129,44,6399,5786,36,8,25,0.1559
cetd,62f31aea5a99011b42b6397c2ef315bb62481ba46c86f81e75c7a6e4f9e27d9c,0.782909,53,24,5408,4104,12,12,5,0.0785
cetd,7425ea0d17020b2449448d209afe49ac6ae0e62113f58bb6035a514dc772c2c7,0.390817,196,31,5857,17053,30,1,133,0.3036
cetd,a9c8dd61b01ecb807f46bf1a9e1244f2412e997933252c1ab95cbcccf2428911,0.831263,60,36,7388,5890,21,15,4,0.0841
cetd,6cc7ef3653c0b6c3972142a220ddd742cf7de60318d25330bcdba782dbb48b11,0.595999,98,32,3458,4354,26,6,33,0.1326
cetd,3e6ee78755b36e8d27a1fa1caa04c0aab38e44b83fcc4d2c26d2cfcd53eba725,0.804265,166,69,12860,11313,58,11,39,0.2499
cetd,c70e7849a56c862af71f59037525c9da2605ec320e895544ccf7c6b0b5035bcf,0.796196,108,20,2195,1725,12,8,9,0.1617
cetd,2ace3adb87c261a648a8e81df4d90216b37291aea564e8eddc7c8baf001f1858,0.944718,61,24,7957,7794,19,5,6,0.0847
cetd,a1946081d2d0440211dfbaa9a36c3ad050a51fdcbed5dbb610a76d4ffe42009d,0.762038,146,25,3334,2949,19,6,15,0.1335
cetd,33909f497c50b41080b06229322ddcba2ae9ae3ce7e6f78545f04873506dd372,0.838095,115,26,3700,3443,24,2,22,0.1660
cetd,f92696dde82ed43432c509d25a4c0f09faf7a3ce19c3f43f3223945e0fef754d,0.856005,89,26,4472,4202,21,5,17,0.3733
cetd,8d903f3896d749c9090edc15fe4df5a86c993d9eaa587e675676f0e0a5a61774,0.625767,77,8,2024,1185,5,3,12,0.1285
cetd,18ef1ed9585fe617c92161c7f5dc9284edac5456778c6c59c94d5e85f52f2d9f,0.755767,204,108,12660,14710,105,3,50,0.2263
cetd,530a6befc59f9f1f281614d7967e5827349ffc1308f7672302da42b87a448683,0.901661,136,55,8624,8720,53,2,36,0.1519
cetd,26d24d5e67054fcc6c4c3006c1f361cdbde2143b1bf4b312db6ea65538f56f66,0.659777,45,4,1109,2107,3,1,11,0.0729
cetd,84a6c62fdf1e611be87c017bf127c4cbb90df76ccd5e61cdaa6f466e4a7de495,0.683105,122,12,1547,1427,8,4,14,0.2094
cetd,ecd87085fcb3806c17c4aeeb5a6d08bec09492a35cfd59e6eac73edff4c86c56,0.640170,136,25,2101,2824,21,4,25,0.2026
cetd,74b8b127a67ca485384fc2b6e467989474e89bf01f3d3030c0711d978dee23ab,0.845771,61,31,7722,6463,22,9,6,0.0865
cetd,2f472270214a175237d286c81b1affde5a0c81c09045dfe488b90e2039b9ef09,0.921921,72,31,7354,7245,26,5,8,0.1039
cetd,cdb28eb23494c0944e62165ee0f3c23eb8296b8ec35582db78ece2dfe34466e4,0.817603,79,17,2904,2465,12,5,11,0.1068
cetd,c17c625bc7c9cc2c7c272dde0fe0900dd6e6fdc994cb4b32705ac02901411ba5,0.601141,111,28,9250,16365,26,2,51,0.1912
cetd,9632c4865be42a14ffa914ec24250cc432da333496a4a2aab40de4993f8e930b,0.374373,127,36,3032,2387,17,19,18,0.1483
cetd,fcb8e704919ac16f76f7b6017676a552acb0c96ac9271ae1406b03512bbc77fd,0.744186,126,59,7346,5788,51,8,21,0.1499
cetd,249683f817f514c6ad26581b7103bfd768221530dc1888483dff3897a0ec5d7c,0.702170,54,16,3804,2923,13,3,16,0.0864
cetd,3ecf615b16cf19d92d3c04a252022cd3adb72cacc27ebeec9a68db3b5c5cf913,0.769156,143,96,28350,31494,95,1,29,0.2825
cetd,2b809b103c302c427e3edaa4c9dfe736c4995e07173d498123809024a0442cac,0.835979,76,8,3297,2979,6,2,17,0.1027
cetd,b576946fc3ff4f37000f10c96f8f07ca2f8c84bb0a03e1c2661a89620d08d183,0.794775,232,181,47579,49862,181,0,33,0.4155
cetd,5389344a6f19cdbbe873128f81603255458b5e612233cc7e184fc98ba0e30767,0.743840,61,14,2979,4074,12,2,19,0.0833
cetd,53939e2b2a363dd9100ffec7c7fe1de23b3d6051b499f5dd4a6897ffd6365f92,0.891585,28,9,2039,1790,6,3,4,0.0562
cetd,0148028bb3cd3a6266f8a685bd9e63a763700c403e98b2713bd58ba7f7aaab50,0.687902,117,41,5643,3781,27,14,21,0.4266
cetd,4400da20dc4046295203c5e679d9ad163834977246da2fc4f91aceb24127f52c,0.656799,191,67,8693,9060,59,8,54,0.2678
cetd,4892092535238d51f30a27e2b5dc273208cb268979cc6c6555f2ca6d52477a94,0.769822,173,72,10528,10413,67,5,40,0.2440
cetd,b5f20c534c01dfa32c974f8509469633c3b5d58c3054c49eecfa0e333198f2d6,0.811301,143,59,8223,7600,49,10,29,0.1964
cetd,7f0e2c065e485876eeda086dfccbd1635888abae20f847ed8ac645361e14233e,0.792808,116,42,5130,4011,35,7,32,0.1315
cetd,2397f413ac4aa1ba18029237282cff3b27f88fabb63f2a1a4fe7fba6aee69666,0.752066,126,42,5795,6389,39,3,37,0.1526
cetd,8d914b478df40bc4c0727d214acabcccfd85d5516f0a4e72314d242ec144e587,0.813646,105,46,6065,5517,37,9,19,0.1343
cetd,98d445985af545f2712a57e8bd24da840b6506e3fbe5bf143e681ff897520281,0.768876,138,48,6071,6099,38,10,31,0.1964
cetd,9f2a202bd4dc39a19fe5de5e7b4a67e8eaa8f9f25a4dd1a032b9321f65dfef53,0.882863,112,26,4938,4606,21,5,17,0.1330
cetd,5e509af45a235dcbd8e3caea372ba86c199dfea2dd0c323ceaf8f2f5ca7137e8,0.655246,122,33,3194,3326,29,4,26,0.1502
cetd,d61f53bccfd5795c4f424c5859637d8f582c89f3ed94929f56a87267328117b8,0.859455,33,10,1803,1709,10,0,3,0.0603
cetd,4e3120933a4718ebb27126ce5d9118dabe775d58f59ee1230c91ff15e74b40a9,0.738190,123,31,5014,4220,23,8,23,0.1431
cetd,5cfcb2dc03839a601ae5c5df867fbaa5c3a8dfefd4d579ee2fbf473e251fbace,0.779453,171,74,13334,12636,67,7,44,0.2478
cetd,fd35347b82c0eef77b2e749749b359a16c459d12b1c66ba29f1e4d798af36e70,0.821403,42,10,1824,1862,8,2,10,0.0723
cetd,bc2b7937e59472d01e93779f8b15cf7bd9b562154f900155c67a57e612ebea72,0.890040,70,40,12358,10927,31,9,7,0.1065
cetd,cd6cd93256f7dc0e2384a034427d62dba378b7ce537e4729988b95f7d74e6bc1,0.734087,131,42,6587,7186,36,6,27,0.1611
cetd,6a238c233196ee8c1d01453da5796675b3d1878cebc634ac21c735d152406d1f,0.851647,134,34,5700,5609,29,5,27,0.1581
cetd,9e6862ba1df393cc06553d45d693adcb88c9f293b113e7c6347c4d04f494daa0,0.851524,127,42,7546,6320,32,10,34,0.1454
cetd,81964d3dce8f6845f0508d5ba3a5a4c5548c7c77218821ca1522bd44fb8bb540,0.779540,144,45,6713,6042,37,8,43,0.1625
cetd,ccd9fc3e521d8bb143b5ed93d1d1d3faaf36e63d39657f295a28d540835f2531,0.730187,121,49,6156,6498,43,6,34,0.1575
cetd,ad9b2d25ad290f630c8311ed6a244fc5e7e55304b2ae9b6ba0282358e34f5b57,0.650433,117,41,5793,8799,40,1,50,0.1681
cetd,bf786e133e90b1c5047a8e22ce7ee5c24e5a3e0fee361276df6c6983e75d7c63,0.780407,137,25,3700,4479,24,1,25,0.1328
cetd,75fb49300e75da64caf910896c1c47c0761031d8390ffefeae5bc12bbc69696b,0.760287,202,87,13050,11631,78,9,49,0.2855
cetd,d6ff7f0474cbc399bb0fce70b829e6048d844858f92a5c7df03e4c63bbbab38a,0.864365,120,29,4452,4141,24,5,20,0.1419
cetd,ecaa7c110c938cd64ddc2b0adae10b587c47280e80cf987339125a9e5bef5482,0.677548,53,18,3746,3613,12,6,6,0.0875
cetd,46acdddcb6782bbb570751a9f9f942acdae452cd5c7260746bcf49418b40d6fe,0.863430,57,30,7698,6457,18,12,4,0.0821
cetd,0fea6738b1dc9e3d1af79f381b53b7ff0a7cd085a423d5121da92e8dd7a9eb22,0.707852,89,17,2051,2874,17,0,28,0.1324
cetd,80f1d6a7e76aa35652991fcc0167e89c6c5f4157229db32c79d089d60f4ac7db,0.871827,60,27,4214,3682,14,13,4,0.0864
cetd,d124f3ce73b6876c287cc05f4348c45d2c1f7e30f47c953b9e655d08f68ecb91,0.708449,224,73,7127,5375,53,20,63,0.2244
cetd,2757d48ae4763ba2f719b77e738dd02340899739875c920c150ff7509577175d,0.848000,76,18,4751,4012,14,4,7,0.1066
cetd,74de623c6c76b5adc56eed99a645b358746905ca447e13d3d7fb2794d541dd81,0.828642,63,33,6910,5632,24,9,7,0.0903
cetd,57d17c475dbafe0fc4bef3795b029f20f307316d5c5d9d33376f1ed649c6991a,0.849351,49,19,2170,1933,8,11,3,0.0750
cetd,6c31785f3d3f58dc13dbdf9ab423dcf4ca424bbab8ad44e74a91cc6691724467,0.771987,89,11,888,793,8,3,6,0.0984
cetd,80b535883226dbd5a8aa205050b0cad820be8d5d8a88d3efe7fa5fc178e285c4,0.772947,111,33,3986,2998,27,6,33,0.1280
cetd,d7250562031f2adc109072230867f1768d00726e7310b140b3b66ce681fa48ef,0.864783,53,14,2534,2635,12,2,12,0.0794
cetd,ffb52726d373efc504b601845e7c8773f67f0b72821a1ef15708c47551a2c037,0.842947,178,72,12289,12221,69,3,46,0.2487
cetd,650ee72c6cad2ab911cc412dc684104e5d51d64c11bcf19d77ba2fe33ff633cc,0.702091,116,16,2489,3681,14,2,28,0.1355
cetd,edbf9ecaa817cc501df1ade0ae6cf7b54c75060b61d34476a6027b53f97b1f55,0.914894,53,17,3693,3576,12,5,5,0.0750
cetd,66e5afe0189abc18945ebeb87638bb55df565702626014d73bf6dc64c9d2bfb1,0.889552,55,20,3742,3551,17,3,5,0.0972
cetd,003b57516f477f2e106eed301453360691f2c460d77f85c5be335c9c4f79fbc9,0.894457,113,27,6357,5986,22,5,24,0.1410
cetd,8e773e50b78e369964d4f9131a42c864a9c036c10d7810f02164bdf5c37852fd,0.757887,52,24,4412,3196,10,14,5,0.0778
cetd,4e9c5f43bccbc7beccf77290f0c0c0d3d7c4f66e982736978768e26518a5175c,0.739942,175,67,9780,8076,56,11,46,0.2595
cetd,83b13f0bf0a49842c45ba374b051d4a70607ad2f47ee25721e25eccda1a575a1,0.515774,554,260,47534,87966,260,0,275,0.9918
cetd,adeea2d79edabc684dd7c35565340fe8fbf7991214b635396f111157af4ce267,0.633970,49,8,2165,2951,7,1,13,0.0847
cetd,27d496507ad6cc3d5511492369c49476ac1b8c505520bb18eba42ae45c6e5f05,0.916265,65,27,6449,6263,16,11,10,0.3512
cetd,7cc6c95ad9d9a2c60a480902b4088cf9c15f970973619216804c96ce9d81e72d,0.794444,56,12,1479,1331,9,3,7,0.0786
cetd,2ad4f7e645087f576c444e45d9040795d300d286095dad74298068e1fb5fbeee,0.626768,88,31,2897,2556,28,3,19,0.1197
cetd,efac0ff1883682619c5fbcc17ba5f227a3ae9667e493c7a85e3d35163fdfea9d,0.729528,209,131,28976,35777,129,2,58,0.3464
cetd,713045ccacaa53d8cb190c6e8547f8d72f5250e0f32b650d23f2b2593fe33667,0.916813,63,22,5175,5140,17,5,11,0.0859
cetd,a80c5e96fea9b6028c8373e9f813d340541b0b97518408f238204f131415c732,0.798711,143,57,7717,7976,54,3,27,0.1828
cetd,1d21b17ba94346b48c92f6173e458e97c40191ff9fb412e16ceccda0e869e457,0.869219,70,26,4880,4853,22,4,12,0.1052
cetd,ed34dfd16d81c9863bd26d03497ddc46fec8825d87fdd267e132225f1ead5954,0.798293,64,34,6034,4727,24,10,6,0.0859
cetd,6e336b46981efc4647ed08e405ffc366b19bea9cb0232e6ae38ca43ffacd3c8f,0.158943,158,25,3223,21469,21,4,113,0.3757
cetd,abfc581f4e93a83f44f794c25eb8f2867295d2e14b0388ef6cbce95eee69d370,0.933486,49,11,3724,3735,11,0,10,0.0976
cetd,44b105b75a3251f7b459802b108add2232db69c37b72792d54582ab541ef272c,0.716186,143,61,8110,5803,43,18,18,0.2177
cetd,f605e8bfac36d96610e750afcf27e4e76a9de588c5384ef18aa994f3aefcb177,0.549631,108,29,3162,3562,22,7,38,0.1779
cetd,4bd68f16f2e22c77a3184792c71f1bcc64f4f71826c917b4231b73dcafb82f8c,0.551479,90,19,2271,2870,16,3,31,0.1249
cetd,6721269bf600a6b97f67cd2a529a89bb8bb29f5036019edfdfbe4f4b2ae2737d,0.826621,67,43,8177,6753,27,16,4,0.1077
cetd,6629b12d95a8b86c23e1584caf3eb07989b3df68ebac5c19e892bc59c27f5a36,0.766881,90,16,1808,1780,12,4,14,0.1366
cetd,8a21ba4f34ef7e95740c9e53bb04596d2ae1b2b1ea5aa1ab40d70bf74a719729,0.899632,70,25,6877,7530,25,0,22,0.1035
cetd,27e0b48adcd7a86938643d358d452410f7bdd704ba10b0e21f5998dcfe17c2f7,0.404032,226,65,18972,57643,65,0,146,0.5339
cetd,b55b27e7c119998d32cf57e59b10208a172d46aaa94f70e84ff5e2498e5b8eeb,0.745651,126,63,7897,6625,42,21,15,0.4131
cetd,67e09bc8799843d6abce7a67b81fa6459392f2f72bde2fe1eec67ea0516d80dd,0.673647,155,36,3481,3962,27,9,37,0.2217
cetd,afa8fd136e595b67542137024efa2086cbcb958bb230a77119e1eea1c157145d,0.592324,162,56,8615,14561,54,2,84,0.2637
cetd,929c38f49c4d6ba898b6f110e8db581dfd155d5c8fcd01b8338bb02f8f7effe4,0.844864,77,51,10755,9094,38,13,3,0.1065
cetd,a52e691198f8b2c34fe90e6330cb167a28563540a2af03bc7f2675bb3d06450b,0.869701,70,37,8959,7651,24,13,10,0.1029
cetd,9dc986f9fc6192c3bbcc6f5eb1ef1506fda76897996bb837e15339491ed7799f,0.832095,85,14,1740,2064,14,0,16,0.1285
cetd,a64a906937510e5aef8029e59d681ba8e0429b5cbf450f6eb81c4f981305e970,0.807282,144,53,17501,19603,53,0,63,0.2473
cetd,9cf1df6bd8d9a305cc81eea7805ccd6ec5809a63659cfbf0f107c459686df784,0.777315,235,116,35937,36793,111,5,87,0.4138
cetd,afc06d07b31dcff196a543036422dc70e9da9b536be8a89842c463b0c1dfabf1,0.408378,157,58,6736,13466,48,10,52,0.2347
cetd,6102621b1de83f55d7d5d4cf4e215c48a5fe6b80497d901f1fb580b063f64a09,0.546689,78,8,1855,1330,7,1,32,0.1364
cetd,65f27b67f8995c6a49ee2fe2a7eac595594de074d1d36c61c50dd1c244c57eff,0.812515,123,37,6483,5656,30,7,14,0.1630
cetd,97788cd58111622a5d39fb92fe2468e29614451363136af36271ce1a2a21f238,0.569516,56,19,2067,3269,11,8,15,0.0960
cetd,3ef76de77f4db9791422614ae6b6e874df93d54a37492967dd4b712eca07ec3e,0.753312,141,48,6738,5833,40,8,30,0.2049
cetd,30f5e1aabc4810921db008454b2e547db38efe944b5d5b423a76adb5b51007d8,0.840695,795,645,86240,88349,643,2,119,0.8537
cetd,dd63f42ad48046d2fabd7f8842bd3fbac960e9a62dcc48e2c179afe720784b92,0.915329,162,134,39966,40425,129,5,12,0.2174
cetd,4d3e4dd00924f4e5f09b284cc87a73492f1454b432feec44ec13eb954d9bbabd,0.792466,175,97,13431,15156,96,1,63,0.2279
cetd,e22d9006551a09ef62fe2040cf2f79f3ec8a7b523e861f2ffb580c2decdb4ca7,0.875982,112,41,7210,6115,27,14,27,0.1335
cetd,afa33b16ce0157b090fe9c80326155237c929d7d27a95bb9ed43960333ad4dfb,0.773038,117,22,1795,1590,15,7,11,0.1284
cetd,1dcdf8d1c405adb604650b86dbcc81264c57ce38a01ce1ce64d9109f17df741e,0.649652,112,20,2207,1496,10,10,8,0.1762
cetd,c4af94f65b32dcb614bdcb32ca00770e130c1f3b9e29cca4c765b57b0e4afdd8,0.821705,107,41,5301,4594,33,8,12,0.1373
cetd,60dfb2ed5b6f792e84446b591024dcf571d16f1df4e1c2ac15b0bef2a9ecb7b2,0.747366,77,36,6707,5740,28,8,17,0.1348
cetd,62bcd6fc71c90806a4592f434490a50b49cb975f8ad2291167e1c1b5ac63ff35,0.779749,161,97,23021,23685,91,6,29,0.2558
cetd,6b4e38dfaf84eca2df908652f30ac2c9db8a1369df6b9fe932ce068d7f972277,0.819884,142,58,6355,6735,55,3,32,0.1723
cetd,2805bd0f0e8f84dca1bc57834ee9e789a774ec8f173ee7fac0c2b63a8d758631,0.682310,63,23,3503,5048,22,1,31,0.0837
cetd,34fd6c6caaef30a8ec55185b6feec378f0b5dea9681715057c9859976d54f513,0.734074,80,14,2620,2088,11,3,12,0.1088
cetd,2b31b3d4154db4b1806fddf90b11a1e676931ba037a31adde941a6cd13af237c,0.784916,135,52,7402,5395,44,8,24,0.2003
cetd,edc7ce376a8b5ec11d513aa16435f46681f19cc6679a830a491ad19b3eb52d28,0.679083,200,61,16849,24507,60,1,103,0.3388
cetd,ecf64304a4cc32a1f25568b8ffd7c094e9a3e0aabec91ea9ba7cdc78253f9d54,0.687367,131,47,6260,4233,34,13,22,0.2018
cetd,0bb07ca097b4a9ae68ec7b9f58a57650fa381dbde6c909daec9745089186a700,0.459837,146,44,6165,2220,20,24,3,0.2252
cetd,6246677d76b257ec8473c17b6b6febef39f1ff9481bb429ed186db6afda7ca83,0.587938,104,20,3017,4737,18,2,45,0.1421
cetd,e6e91a6ea90ad6243a40ac5804aa153d3d047564d5ef3ebc6531dde8a0ae3a6c,0.691730,425,251,78755,114834,250,1,129,1.1366
cetd,a2654258d9ca48583b562ba39a0fab95f90d44945a036a0d6a6da15e1c5a5da8,0.713188,177,83,9510,7624,74,9,29,0.2494
cetd,e211e1f1d0debb41de74f59c383237459125ed24c21c55d37589119ac69cc68d,0.733583,143,38,5319,5957,34,4,40,0.2178
cetd,1fb840bbdb3ed1495b796d82fa2c1c1c3ee171fe5b744d591c4ac928b08a2932,0.638655,49,13,1259,2022,12,1,17,0.0663
cetd,99e566fab172a91bd9cbc56cb203758973f5d2e36081554b5a566965ff0cd970,0.684510,312,168,69043,79451,164,4,101,0.7921
cetd,87f612124f5a5dd35e7f6e583f87c0af82c87c7f654a5d8d149e69e11b094a76,0.823318,109,49,6205,5388,38,11,15,0.1408
cetd,f8e64e21cc237a9ccfec2c430aa906618b9ab83397e04bc4dc0887409012ac7c,0.867384,247,88,22920,21719,79,9,98,0.2455
cetd,54fddd13917a1f5642a1a084fd7daa2c4f4de7b12fafe583f58110eabfb00766,0.773293,149,38,5229,6228,38,0,62,0.1789
cetd,89d178bae5b64b52fb7499db74979785ddf75b69e935a86a4e08ac6bf90492ad,0.826087,64,17,3779,3577,15,2,28,0.0816
cetd,ca56280aee27e9180b5b97086ce471b18eea171b689565e632c88f20a77577be,0.850806,118,22,3175,3016,19,3,18,0.1563
cetd,5cf6b9f234f273fd2131f006c397dfada1ae1c358950fb245ad96b848b21d7a3,0.699318,90,33,5193,7855,33,0,24,0.1406
cetd,00e4b8036c3ae7fe74aa2b83a39b1a100196be9261142466bfe735c9e17956d0,0.858230,54,23,4820,4102,17,6,10,0.0762
cetd,502934a18f071606bba176fd0c57eac2242a30cb23423a23c92da78d248958a0,0.760782,109,37,5704,4126,23,14,10,0.1337
cetd,c93ffc60b590f5f3d2b8784b5742ca64496925c3c690f0167ec30e49ee0ac8a6,0.905725,121,48,12429,12114,42,6,27,0.1682
cetd,a8b81fea6d65cd55e13112b726c9a630a6761dfaff4b22abc152a9eafd87fdea,0.485189,377,168,41794,96301,167,1,155,0.8598
cetd,ea11b5c613af7847084e595f55723e49823ce4332f60e0b0930141eec4f3d5ef,0.810414,92,28,3979,4259,27,1,24,0.1260
cetd,ecd38c45903fdda48f44b2fcc654de3341c361316d4431627a0d1a3327f3e43c,0.684834,109,32,4279,5297,30,2,43,0.1665
cetd,1cde3c5c63c8f44122ca3176e7d15727243f18ac02ce503216050fe19034664b,0.672043,94,28,3817,2439,9,19,8,0.1412
cetd,30eabaa09b0452ef6344c302e57303ed9911568f455c5aed4263a35ba7ef6547,0.757887,52,24,4412,3196,10,14,5,0.0795
cetd,7e327132d5e31bacc598c0bdf08a0dc2ffa616ffaca0373114336a85f04ad484,0.641883,126,27,3674,4263,24,3,28,0.1833
cetd,c206df2f876b03ce65835e6274298a6f7e11be28f9735588868d6e72b87ee8f2,0.830249,130,32,5233,5165,25,7,32,0.1550
cetd,3c8ee136522d196fa4dce49566aa92d80e6adf69cf1156e315a41fa569ac9553,0.770482,218,107,41496,51275,105,2,91,0.7032
cetd,81dae6db13b96e12b2434c34bafcfd6e61b120ca26f65d7ce2077354fdedea67,0.865727,67,30,8291,7081,23,7,7,0.0998
cetd,2a83e875c1de7e4daa5f9afa633e50cf9cc5be1c3f587c8cb78ca6632efe1e07,0.798792,103,46,7694,8065,46,0,21,0.1320
cetd,620e24d9c9c9ec291f8ab9b065fe6c81c5b3df954de11e04ab581a8106fead8a,0.831109,236,140,21973,23543,137,3,78,0.2779
cetd,51afbc97fd17db741f69824aef6d09823f9f91302c4c4f5b884482aac86f94c8,0.455856,141,57,11207,23251,57,0,66,0.2944
cetd,0343388bb76e96796fda15366c3749e4a2e665154aba9c5d1a89057f218c37ef,0.834104,118,80,26137,26067,77,3,16,0.2184
cetd,32673c008c68f93da233a59ba0d26d6e3df4463070000b4a9b9f550b9e6600ec,0.902466,138,83,16909,15886,71,12,25,0.1722
cetd,302107346e0958edf8cf988006dc2396b65e46ac84dceeb2848b1b84cfe68d05,0.739878,61,27,8146,7916,22,5,14,0.0925
cetd,6017eabc3f8be3ec98cabdc995d22da243af7ff9f4c074d9fea2c1fd5ffe29f7,0.896321,64,25,4286,4082,18,7,8,0.0919
cetd,14283b99ee6362ae9197cafdfba8dc063d48f744b131ba217bf110e076199bf6,0.866703,81,44,9846,8666,35,9,12,0.1155
cetd,1d5adac391a065d510c93a6d3bde6a84286b13d0f7190788fc727b6555a0ce5d,0.682443,211,15,1774,1812,5,10,24,0.2169
cetd,507a7f9101d2c88e103cadd1aa230e6b8974164311d1683a6522c7c43e6e1488,0.802834,115,47,5889,4967,42,5,21,0.1395
cetd,e8e8cc6004b88a3ccb151fe95df7d80089ee3c4252755bde159a81bcc94c83dd,0.852948,112,43,6780,6101,32,11,11,0.1455
cetd,bf5aba67345dfd38686c57c032a4567989edbd29b829a60446a752f1682e798d,0.857265,54,19,3058,2901,14,5,11,0.0801
cetd,4a160691b22321f2edd54e81ca79a40f75cd1de4e5a9b5f6dabc3a517f9f2893,0.716488,52,20,6573,7048,19,1,8,0.1062
cetd,caaddd201e419188d652ce2f6c9517b813ed5c0c274e074f99f9d7e10666672c,0.800697,53,13,5108,5379,11,2,18,0.0797
cetd,8568066a78e5f6000a1f9ceb4902a101adfb322d3bcc299ae2540615c1221657,0.774194,81,11,2453,2637,10,1,18,0.1153
cetd,801cd31c0b8e065bd6d641d1b1ab8093fcda6071e21b94000f3b9c9659af0916,0.720107,149,15,3881,5829,10,5,49,0.1574
cetd,20b0ec0a41a9914817954653c4bdf3b215d4c7fa0260dc1e7e068d59503a1f43,0.782986,158,51,8945,8929,43,8,35,0.2441
cetd,da77a8ebf7f4c3a8628b525978e9d1ec3bd96a7ef4bc781022eb88a3bb4c943a,0.650185,105,56,12787,16642,54,2,25,0.2072
cetd,30f7e56b848f2662880c07fe3b1ce8f859c128d638deba02ad453d313ed0946a,0.803428,118,35,5325,4783,28,7,20,0.1394
cetd,8b54dab2f4c102edccd93d27a04fe63d795a7caa54e7eeab61c811d543c0ef1c,0.832131,127,35,6109,5029,27,8,23,0.1475
cetd,be7e83dd130a28d33e684d8ccdcf9a87beaf5ef2f485c7ed22abc9ed72e05ddc,0.846341,132,33,5830,6289,29,4,36,0.1568
cetd,56360c8fe874b8750f937f46d7a3c281e538166ca91142081233e822ef859bd5,0.716620,391,195,60392,79831,195,0,157,1.0486
cetd,a880a52d5c91596aa9a65e029e00c067c3eb7b225eb96c0b1d98124b0233825b,0.685916,61,35,7803,6082,21,14,3,0.0873
cetd,4b016ad6b893df2391d481aa7deeccfccb5c0fe7019515384961f70d22296edd,0.845205,131,51,7724,6942,39,12,27,0.1614
cetd,df8632907bf99179a32083682c9f0222c81caa89701e729c8e7447e9e8a24d31,0.748521,52,10,1776,2148,10,0,11,0.0754
cetd,55fd5244b9d237d3f81ec265bfa6661357413d5366d0f538467ddbb02612df55,0.857279,68,32,5676,5250,29,3,12,0.0933
cetd,87c0b71ff622d24a9cf16873aca4e1e24b9a3706d84757def253dc8b0cf8ade0,0.754217,56,8,960,1034,5,3,5,0.0797
cetd,2b3e0258bea9c82d79b4633982344aab2c4d4c987ba88f124de5ce18408682d5,0.860112,138,44,9006,8044,34,10,21,0.1593
cetd,99b97540c1aed01861595918279ef54f7e75241406a5c3ab5172e1df77dfa63a,0.836238,144,62,7958,7031,48,14,28,0.1713
cetd,21999c1f05c082f2864b39277c307e8d17e1e49f8abb7c12e4b42700164fc251,0.883871,57,24,4237,3931,23,1,3,0.1012
cetd,996833605b712ef1e13a2d97b03953920e156af3f65529f2c8bce4647d55d286,0.849004,126,44,6969,6384,37,7,26,0.1494
cetd,a0a905280a569d285d5713148890246a2c20118dcaae7a70f4f4902efce6096c,0.649101,124,44,5460,5662,37,7,41,0.1625
cleaneval,76aa524f335c9041c3a94db56a8079eb482b768552ba948af7a17db6d37af759,0.259473,93,23,2144,6633,23,0,60,0.1072
cleaneval,b5727ce0d4d891e54b895c23a8abd9e03605ec8b5306ff9132baf9155f93df3d,0.581856,58,17,1270,1030,12,5,11,0.0804
cleaneval,82e648262c88009b3bb28c7e0791a5809e4a0fff47b8b15fd21eaf7ca2df75df,0.206495,163,12,548,2738,9,3,65,0.1741
cleaneval,869f4f9d68d0413fa2fa5e2bcdd099197faa73634cd0730d460796bf4fc7cde6,0.436221,668,117,8374,11640,76,41,272,0.5977
cleaneval,82bb539dee2840628912144d2a7e636129e1456f8e87cfad91a14741bef4ed56,0.120577,39,6,374,1687,4,2,15,0.0656
cleaneval,0ecaa01dcb5f00edd4135674774ab414646464d18cc14823d17f52ac537e43b6,0.395636,197,114,33575,33862,114,0,74,0.2362
cleaneval,7b1a3c798025a91a4a70ddfe8e2006ad268589f41fdd4132cec34107a2e3eb76,0.561350,82,25,3185,3402,23,2,12,0.0865
cleaneval,b83539ae502866a88d51a97dd855df7018ce407f261f06141deb61871e76cede,0.221003,86,17,2203,11075,16,1,60,0.1038
cleaneval,4bfd3df17846bba60dbe697ba199a0208c82acf8ff05dde007a65d455f5864b3,0.161290,96,20,909,1103,6,14,23,0.1175
cleaneval,1910c7078231c53cb318bba9cf80d7c9e9b22f271eebce88e09a8b5f34f53656,0.677371,104,26,6682,6252,21,5,21,0.1216
cleaneval,7d4324d15b3c597b49c744603fdfe25de5113f86aaa4aa425f51d551bc9766a4,0.703954,145,77,12656,15644,77,0,63,0.1384
cleaneval,760ab632875b52106d238c5bac07cb4e33c5861d9fa2f9f131958a81b067bca7,0.518519,47,5,243,185,1,4,3,0.0724
cleaneval,6c022c28b00a080bf833687a258ca20f361e7ec72b07f333e913dc96469fb502,0.394737,22,10,2453,2009,10,0,6,0.0312
cleaneval,3cd1fb0cf00d4c4c26de3af587b5ad113ae2fb8d61a25d8abd83e16f2efef5b4,0.285714,51,9,1168,1881,6,3,24,0.0651
cleaneval,4a81d8c64f9878e6093038f19022745dcf642384690c889be9841f2ef77b731a,0.008032,9,3,292,573,2,1,2,0.0195
cleaneval,ced46cbcff9821a55109408cc24dc7798476992fd982b5fc90989675f7c9f9e5,0.617554,50,26,11680,16391,25,1,18,0.0641
cleaneval,fdc23f42505feeb84d36e0bc2bd68783edd67a68868547f42af1f3742c076a5d,0.653814,68,27,5511,4918,22,5,10,0.1104
cleaneval,4872f74596da6239ffffb52a8dc62772e7c0785194819f8ae04acdd1eb86d865,0.633553,369,264,64904,67662,264,0,99,0.3130
cleaneval,51d5a41746568346bf5e9d387ef02aa17fad2de53d0ed2363349b7cdc0280cec,0.671736,36,13,2252,2173,11,2,10,0.0645
cleaneval,840aec77694cd34fdaea65dd652641ed0662d6582c9217113b8aa84c0dadbd19,0.564419,75,59,24431,23433,55,4,9,0.1026
cleaneval,29161062cf53d109a0e88367816698f74f258c4b8ad719d0df310eaa8f615f76,0.629021,81,49,11229,11873,48,1,16,0.0937
cleaneval,82f014a4620813eaac99555a12ce78b1133a7af25de5a2660f338c75e04605be,0.593333,61,22,3750,4884,17,5,14,0.0750
cleaneval,018f16fd1ec85d5085f981a5fbf2e8d95e5f5d63e42238bf57fe8aa524166554,0.620708,25,16,5120,5200,16,0,0,0.0464
cleaneval,49f62b4d7c1daa4dbc12791e621e509de2f284314db0c60d0a99a984daad1a11,0.716816,297,140,26844,26974,130,10,91,0.3432
cleaneval,d5e6b99d777625276ac66318b11f43d94fbd52e83432a8477df514ddd919f3aa,0.662978,302,153,33567,47370,153,0,120,0.3186
cleaneval,d8afa9d8efd2f4ce2d5ce222db242749ae95581ce6acfb964ce3570abdee9923,0.704757,135,71,11147,11709,68,3,24,0.1429
cleaneval,b0f1674fec2f580f0cd318b721df2185ba5c4459f6949b42a9eb88c3299fa888,0.684661,85,30,9908,10503,30,0,14,0.1079
cleaneval,f61d6386a49544a5ef0172b97d18669b873320d4576cc3f5f27df597455e41c6,0.451439,148,84,17148,16491,62,22,42,0.1412
cleaneval,0b9fdb4cd12e9fd0c3b18cf3024b7b3822421c9a527913d41e5d5ba7052be53d,0.712287,123,69,20714,20500,64,5,19,0.1739
cleaneval,1ccf7864146f4ec0dd94df9fc6b40aa88caa9c0b77ffd4854dd6adb0b2c7761a,0.689215,190,74,12423,14635,73,1,65,0.1822
cleaneval,14d9d02a1d78a1c18e3627369de2d370c056dc256cb8b1b67bbbea5badfe12cb,0.782782,43,36,14667,14992,36,0,6,0.0599
cleaneval,fabe05bf6c3db33e9c181ffb2eec01e36e417014f6fe4e18aa67c4601fff3b49,0.462554,335,103,5264,2605,56,47,64,0.3183
cleaneval,c86e68c5b9a452c976e9f2f69a54dd90df65b74084cd4e6efbf156d75ac09cca,0.743947,102,36,6369,5759,29,7,12,0.1245
cleaneval,aa62a56beab5ea935ef53ed63ee218898475d2286bdb9431afa532482691b6cf,0.695361,75,24,2981,2929,24,0,18,0.0912
cleaneval,0934ed2d5a291920703f83b797a5369575803278b3c14389e533d00b4469f938,0.671892,70,52,13826,17460,50,2,4,0.0832
cleaneval,3e725dc38e4e18687d78add622ff4e4c35b20014b2faebb530e1f0468a1fd025,0.330591,254,52,2555,7391,51,1,197,0.2218
cleaneval,3853c5110b1783c792cc70330e3a560b64e7506cb3de3c1a27b64f16aed6e72a,0.726298,132,60,24333,23845,57,3,10,0.2028
cleaneval,5379f74420fb575eb422b642cd84aa4b030f0b2af2a2f945103e3c0e4e3fc2a2,0.516285,51,36,6338,8583,32,4,13,0.0763
cleaneval,7bb3c98f5d43cc6fde8b711164c5d61d96215d8ab74f27efdc4e542d1a92404d,0.656859,51,47,19244,19345,46,1,4,0.0662
cleaneval,71f5d0564562c478d9744b4a8645f9fedcd6edd6cfd01f0c6b228af029002e52,0.503220,101,70,17086,21488,70,0,29,0.1121
cleaneval,ef9ffc8f8a9614d8b679ea5d86ee4e6f233428b510e4b7f05d48a5633d0ef747,0.410640,273,66,9356,7605,59,7,96,0.2574
cleaneval,af8fffddc55bb1a696d2b236160ab1b9533a58a25d2627e6dc67cbc10856308f,0.714218,126,44,5160,5672,40,4,26,0.1389
cleaneval,fba3c1c3ddd03b4c986a9bff16d0305bb7a482af616af57825c3b722db59a13a,0.574884,97,48,7533,9293,46,2,43,0.0975
cleaneval,bf1bf64111d63decabcfff499bb2565c7842c481007d2310c1c08c989e57fafe,0.208527,137,21,1534,6303,12,9,60,0.1775
cleaneval,113221bbdcf7d0327a8acc25a2d1f776101c7245b416055f82bf815961896aae,0.482825,158,87,15754,18858,87,0,63,0.1546
cleaneval,16ace45ff4cb868e364ded41948002b38a2497539c69637b3cb4a926845bffc7,0.488591,189,30,4708,7338,30,0,153,0.1788
cleaneval,d0988b8b472ae4fa04f9ad9d32b3cce88d6140f25020a7b8025466373831b4f7,0.372109,428,129,19421,38927,128,1,281,0.5027
cleaneval,0d0d2f849e8d9f0360d19e050da1a9afdb1e8ff6d1fd04fee23a6c2fcf34577e,0.516979,90,15,2148,2271,12,3,23,0.1287
cleaneval,1686d07d406c9e94f7f937a8b871d91c4fe09783a33a26d1cde77ac8e8d7f78c,0.707736,82,41,13235,12073,38,3,15,0.1098
cleaneval,0580f43c65cf07518144321147eb7b0c682efdb7b0cbfbce7b43b5ed940cdf0f,0.667955,13,9,9552,9022,8,1,0,0.0273
cleaneval,3ee20d6b2ca52172570ea47cbb49b3be5477f2bf56204cca601cee63d1a730c5,0.568188,163,52,5117,4447,24,28,28,0.1816
cleaneval,427a901a063dd794539ec775b5969baa451be0eaf4ccdde088eb8275665f3309,0.478261,48,37,10484,7309,33,4,2,0.0703
cleaneval,20e9742bc9e02bf2a465d731b0c0597dd4f1d30421ec036901a2dcfc9b912764,0.618231,49,36,7862,7071,34,2,8,0.0613
cleaneval,a3b35e2b1d43f02b9370ee2ac887e29cfa01d8da385d5ec21a02bb54da5db5c8,0.628629,38,18,6531,7475,17,1,16,0.0780
cleaneval,5208046831b3518a75efa3012f8c533cda22dd4717b280a9001729e58b30514a,0.061680,58,6,419,3776,3,3,16,0.0984
cleaneval,260179a1ceda3ede32cc1f22705952822db2067dfeba3eeae2b5e91c2a897463,0.718999,50,28,9795,10271,27,1,9,0.0680
cleaneval,0757a7fb70c89d6e5602d947b3daeb2c8c75e7190eabd364e7e4ef9a0356b6d7,0.403330,71,21,2001,3940,21,0,31,0.0848
cleaneval,59e849f1748ad8c102ab67523b9df8a1556c42741c292f4ca4efd6e43be94a3c,0.371320,62,35,5719,6273,35,0,16,0.0778
cleaneval,a60914cceb5c549ff67141b5e3fc756dfea4eba7da845f606dbe5266cf2cb909,0.760983,512,294,72074,77371,292,2,146,0.4988
cleaneval,1b1f533ad80f4c62cf0f16a8ae25d727edf618c88914530c755d1f56a25f0610,0.774979,71,46,12528,13034,45,1,18,0.0984
cleaneval,5ecc4429c6b7dfbff8dd1e8723ef2d1b53e48deef99b746298d902e98ff46cb8,0.700935,213,198,85114,83684,198,0,12,0.2289
cleaneval,715047f6a37e9fa530e7f2c0ae389b4e0b64d9286fc6b310f3be5544e54ff6f3,0.491027,58,24,3577,5108,21,3,21,0.0768
cleaneval,53ca4ed8220b38cb9b7bc43d0d1378b824e0994223f70d7d05fca5c1276f4d2c,0.650042,71,48,4503,4799,45,3,15,0.0817
cleaneval,829f7cb98a20e9bd8b3b77535a59d7efd8ebebe4cc55e3f45ea24f05201af03e,0.400925,110,39,30296,21643,37,2,4,0.1220
cleaneval,6f3cc01faab4de51e455a491581b46b4a02075ed816d2772130fae5080249689,0.752152,253,208,39398,42619,207,1,39,0.2692
cleaneval,8642c0c7b64e15d1f6c09f141aae866b4771e40bbb40a123fa40f131576bcbd4,0.747974,107,68,11717,11161,65,3,22,0.1250
cleaneval,7cfdb44d271bf1c02914d63b6166a73b362a88eb9de1d751af706dc350f79d3d,0.531967,79,66,27646,24232,64,2,11,0.1034
cleaneval,8d6c24bb75c08f5e9ce8af42bd06cf0ca34d2e7b56d5336e9c4f6d66b103b345,0.780390,239,132,44078,43633,124,8,44,0.2465
cleaneval,7be8f3e240f05dbfc270a765e87698c701bd0919e29c09c561d6e68b218bd4fe,0.761975,61,40,13656,14417,40,0,8,0.0715
cleaneval,8183ae91205b37bd311c4e9b3fcb24cb4332d409ac889db013c1d2dd8f611ad8,0.635885,105,33,2697,2168,25,8,12,0.1161
cleaneval,34c99599160edc46c7dd3d786eb3035e4530182ee2fbcc273f2ffea103d17f39,0.644773,783,526,57980,66300,526,0,209,0.6214
cleaneval,3141e6e19365ae33ab486b5d8bb310b57a73e47b7dec8ed2f9645c4e71f0ba07,0.390909,42,1,185,477,1,0,3,0.0586
cleaneval,0d1e582ef15e73cf998b62baf9fea1b24109b9e28575dc91d8dec00cb3bf8041,0.265408,523,110,7027,25538,105,5,329,0.3770
cleaneval,029d34b53f69374d5c88d298ebc1f97fecd47d94c7919e58aba3b73a38c9729f,0.524473,127,45,26871,21283,39,6,37,0.2484
cleaneval,8ecf61d1d3235d6bebaec98ded5229d44558a1c742917b427490accc7357a262,0.450325,569,231,27695,53364,231,0,335,0.5610
cleaneval,572f59fe2903336ba2bf5706f1571b682de30d269eb6b61a84f4a830f19073b7,0.502652,65,19,10176,8090,19,0,7,0.0953
cleaneval,21c97d8696bf43dd79585f7d108cc2ec6f7aa43c032d2c72f3fb7a5c2e88ee2f,0.681043,176,45,4424,3939,38,7,10,0.1904
cleaneval,c9ab8129506006965daf266955f7e5ae2197a2cea726fc50899ac021d3277819,0.306895,105,16,3502,7084,15,1,44,0.1368
cleaneval,a5f28758dffe94bd19ea7cde3dcf7885bf205465e65d889212628f5ae04b7f40,0.399451,40,21,5691,14162,21,0,17,0.0523
cleaneval,3e92fc79f22ff5d501e8ad3bbba1a436e9463d871db32976bcf70964b57c83b1,0.667553,12,8,4030,3812,7,1,0,0.0230
cleaneval,b5e32626245a9e448355fcd87d02f3abca29b771cbc7929b8b0abe7a1a1827d9,0.669660,74,56,24228,21156,55,1,6,0.0853
cleaneval,47966f54805d3401a9ffcf80df4db47e999147e0d22ed623c8a2af8dda65b394,0.690098,33,15,4324,4371,15,0,2,0.0543
cleaneval,99e6b1418ff5642ac50edffa0e5f4dec11ddd4a2caf4e980fe927121d5e6b430,0.385093,93,6,722,1175,4,2,13,0.1571
cleaneval,7f0fe2f1710657738d14b44aa8870565c2d98e8b66719a2d7bbde00d1ca768c7,0.765122,128,76,53708,56318,75,1,27,0.1577
cleaneval,46de8230614a94864e5146cc6b957dc0add575b5dfeacb5afd0b70e4d738e9f2,0.707226,154,30,5994,5728,29,1,16,0.1690
cleaneval,53078bb2fb9334abcdb27ea0561706a232cd4ab14faafb9f8f647df514c03968,0.502732,326,45,2497,3892,38,7,64,0.3551
cleaneval,4b8fbd243da6cc1aa3daee49fff321a37fafd360d1cc5482cb6fed087692ac63,0.506621,175,48,3810,3529,39,9,43,0.1842
cleaneval,a4a1ce2b2a60e4a649d6aca3c5277e973acaf80c1f38603b42940cc8e8fd0a68,0.309480,104,24,1854,2568,18,6,36,0.1233
cleaneval,437ca17958072e2a3ecac63c2895ee4533a4d9078e1405fdc9f65590f86ac25e,0.155956,323,48,1437,8601,48,0,261,0.2608
cleaneval,72508c36c1ad17afa4aaf5313a79a8d01e6bd0c2127591c389e3ceaff49ba3ec,0.633985,141,17,6009,5714,15,2,28,0.1669
cleaneval,02a093523b46ef475b8ce275e613d84054f9293728e2e892675c37d45f4548bd,0.636900,551,427,84847,90694,427,0,111,0.5658
cleaneval,68d5a32d5af2061758fead5d67860b0c7f5fbaf696b459a45f4cf7feb3770759,0.413498,294,162,21405,14878,132,30,66,0.2666
cleaneval,bb01ee1f2fe254fc949f7114a48a92d56d324698b5fddcabd0d5e37d05905881,0.702272,245,163,29795,29113,135,28,49,0.2329
cleaneval,534ffb59e4dc8af3839a3ed56ebcf913e65fe85fdd1f74893f61b744e7c7f14d,0.566659,200,146,23792,25226,146,0,53,0.2316
cleaneval,d55e5aedf8ad4bbf8393c7202f1acd0e204d7e80f2b7c20d451537f82d250e8a,0.233083,70,4,260,458,3,1,8,0.0836
cleaneval,aae492b9e27c485eb0dc85604584cd6ed9aff7ccd09f857960570100746204fa,0.760295,42,23,8013,8254,21,2,13,0.0605
cleaneval,3a2ab0e3370591ef95fb9fd8a6e6e8d4dbcef810d308256e3b544ea4988f8cf9,0.010440,5,1,280,17451,1,0,1,0.0401
cleaneval,25ec1071924989a3520bde8b273d2c05439e4ee1d74127d59a530a2dffcee25d,0.634286,111,35,4806,5886,32,3,16,0.1453
cleaneval,b644a64e53e96b318d683fc389269efdb212683ba6394989331b1a5d1e015ccc,0.325724,344,105,4778,9177,105,0,177,0.3169
cleaneval,56b86b8e32a711585d331fc4946c2ec1d214ac3f457a0a492190e02beceff68e,0.412221,165,73,15543,9811,46,27,10,0.2197
cleaneval,7aafe315b48e79618efe9cdcf774155358ae1eb27eb4da7e229e1f74f46581c9,0.532414,103,24,2796,2841,15,9,21,0.1530
cleaneval,d3f0cdf4b29e303f6afb539262db50eee6bc3def95a62e688f54bf29b57b3893,0.449018,38,21,11273,8623,19,2,2,0.0577
cleaneval,169c42d78aa442ddb0cfd60bbca2fd3d535f1cf2e22928a01417200c022c5037,0.561290,22,13,1049,885,13,0,3,0.0503
cleaneval,91b363823f132e29127dc2d2d17954de55145a37f96c749a7310703c860b0d57,0.548319,55,20,8148,7165,19,1,0,0.0656
cleaneval,81a9c0280d7ff5acf2cfae81ecb64713f0f2a4777a722a2783b33ebb11dc1627,0.601701,218,134,39178,38683,133,1,83,0.2136
cleaneval,7b5b6d8dcd654ee4583a8190a9c3170471dc1b910e88e8d4f32ab656ffb28bc4,0.000000,23,1,16,241,0,1,7,0.0490
cleaneval,037254e3dd401995b197326cda17fb34b62591b1103f518d41e16fd03d939d8b,0.525261,34,27,18624,16120,27,0,2,0.0597
cleaneval,87bc2e9219ae4b6da5ff66ca110146f727d1c0752328c7cd03ed7d98992ecff8,0.580832,130,69,27119,23262,67,2,30,0.1382
cleaneval,4bd3c5255e7798780e910d110904b515c9e72b0c2ece3ff77bfbfc39f26f91c2,0.573903,90,46,28769,25962,46,0,14,0.1205
cleaneval,de3992e1e106ebba4b6b3c6ad884ebe5ed93ec45029e878259f521dc23c9a649,0.590844,192,125,18047,18646,121,4,44,0.1742
cleaneval,f77339924285fea84cb61c81d939b01cc34d2bccb714394687628bbb3740c79c,0.560890,56,39,6046,6271,39,0,16,0.0653
cleaneval,a858987cd1bb86fef3f5b8dfb8caf3d133de1084d8c573513794723924f6dfbf,0.585978,21,14,5396,6785,14,0,3,0.0314
cleaneval,a3392f1455d91fafb4ed32f499127fcbd27dda8cadceced159b7890141daece0,0.641011,57,36,7220,5650,34,2,7,0.0901
cleaneval,6fd7e61b11d5c06bd42d3c7f796c1325ae83cd9dfe2a2fe96b1b720ebcfa9248,0.000000,9,0,0,134,0,0,2,0.0233
cleaneval,a7bdd6809a21742540403a11a84b543ccd4709fcaa205edbad4a3bbab3d28144,0.680996,104,90,33837,33342,90,0,10,0.1226
cleaneval,d21e321ea31258624791913b59ed32e986465c251851534a92c29868a05032f3,0.621063,85,17,3439,4447,11,6,21,0.1061
cleaneval,74560ab0264da3b0a3de5303935b4cb326a48e5f926a1f609161cbd1129a69d5,0.669281,172,149,29649,29848,146,3,10,0.1756
cleaneval,f007acdf2f151435b583c1468fcb1699672022b9669db027a687d08815326a80,0.701276,64,43,7700,7436,38,5,3,0.0925
cleaneval,3c9ae81fe5fca40d7bfb30ff5585197b85b5186d294c08f089cdff83d7132f53,0.674687,70,40,9367,9900,39,1,24,0.0900
cleaneval,7a0a0bd73be8fe749b79b7a32fc7d4a13b82d8e59196d7d72cab587c97c8a8ee,0.574922,998,412,25741,31601,411,1,582,0.7922
cleaneval,ad12b0feebf298e313d7e59fc617c172f24c9797f9d70bb495184bc8fd48702f,0.591972,160,82,7620,9528,82,0,59,0.1557
cleaneval,4332b72b452e16daefcfb6f0f466d79d5c28b674d4788f7dd5d9f98bdfe5223c,0.628446,147,39,7584,10428,35,4,41,0.1529
cleaneval,616001042db004d0cab0686322df63b8a5bd24a48c08dde734438e77cfe23460,0.669349,93,64,14747,15689,64,0,26,0.0956
cleaneval,ae94489385c22eae23151a0937771aac56188e00468968f472690c9d2fbfcc6e,0.733069,65,38,8075,7881,33,5,10,0.0933
cleaneval,9bc425a68b248ad62cbb9b98217daa2f845a58e8c59c0102d2f657ff0edca709,0.600283,75,10,5638,5558,10,0,10,0.0853
cleaneval,4572ecc4874b1cfde49102c2c6290936319145ae3f6efc107905738cd7bc20c2,0.572930,122,60,13415,14358,60,0,62,0.1271
cleaneval,8d75938bb06de3c6b9d3ce6c0dd658cf575cbec252a302f6164fa26dfbb87487,0.075808,119,3,995,9915,3,0,114,0.1055
cleaneval,1d1704415b03fa1e17d9385077e639d217e1ad60d023cd38460fb62996046779,0.428058,109,35,10263,7235,32,3,24,0.1256
cleaneval,6a72a044217029094339f9f5979e94c45bc36d23133ea12390d037f4da5476b0,0.540933,69,68,28217,31387,68,0,0,0.0982
cleaneval,681a94141ebb98ca25a24b8c20a09b4a7ca03f1e04f21ddb644f0eed7c7f014f,0.718846,35,34,16232,14684,29,5,0,0.0522
cleaneval,09b108a19c8ca5a4777696e49d89dc9a5c7528b1a5c31992e4b5577a8313071c,0.726935,108,67,9271,10253,67,0,37,0.1192
cleaneval,ca89d46925c8c7fc73fd25deb23b3c510a4dc63a84859f52b477c44e2d6cde8e,0.668478,70,8,1155,983,5,3,9,0.1451
cleaneval,cc39226e372442544af0129d1f1a4b68e89133cd3291ef5d7cce77c3063233a7,0.766763,101,22,4537,4852,22,0,12,0.0952
cleaneval,0a9e2146ec68aaa94a8a6be47cea5695bc26737802994b2c63cb5d926752914a,0.744741,33,25,9751,10323,24,1,7,0.0534
cleaneval,e8bd2bf83db47ed137e9fccbec8e969621ac6bad3dc4f11016b535ab77b41c51,0.569616,33,21,16913,26017,20,1,12,0.0517
cleaneval,0ef2332ad4eae0c2f4be6a22b6f073257492d5b6f3098e5468c7b08288cc9330,0.792225,101,79,35150,35864,79,0,21,0.1143
cleaneval,2d78bc6ee822f374e6a8c8a711e194fe56c42d4ac78fa937ed617df7f39db45f,0.678636,133,34,7112,7397,27,7,39,0.1565
cleaneval,258716a8fcd9e949709e6d83cc6dced2f4326a6cca06eb4ca2fe6b6af378e3d1,0.774129,73,56,14532,14342,54,2,7,0.0962
cleaneval,eb5f58f910686c13a85193a9dcf9322e56b3e56eec6b33e99d96fdd0d2919a1f,0.621882,185,128,36496,43156,125,3,34,0.1874
cleaneval,519d5362976b65a7587d43030e9bfbb39299bebcd0f7b2ac961b30d246dda376,0.554545,21,15,4598,3241,12,3,1,0.0489
cleaneval,4eb4f5fe0d6c06ea095b6bd85889cce8aa0c18bf6acd8fadc396b00fda63e74b,0.747040,62,23,3688,3394,22,1,11,0.0783
cleaneval,26c1294fd0b2a0fe9b899fa3f2978838b648aa3c0e802f07022303bbbf551768,0.735598,58,43,11192,10935,40,3,8,0.0735
cleaneval,0dc72ac1c714e5932bc0cc631bee0602224e3f8d0c61184782cb8ed3d9b02d19,0.655262,66,40,7735,8384,35,5,19,0.0785
cleaneval,b43ca13cc15ae72a9434e723f277af0459b3c607a09275e34b341f3e6d66d3a4,0.615332,70,55,11652,12008,54,1,14,0.0736
cleaneval,dd0687ce391f21786a40ff57b40228a26971ee663d4e7b171b925057d46b7a59,0.748201,369,259,56080,57281,255,4,68,0.3486
cleaneval,22c80b2017a412785b1d8f416de7428532c62cc06cc9a7ec8990b17d68d7f787,0.330780,405,84,3745,6749,80,4,257,0.3225
cleaneval,070fd6328624cd79a6ec59c5ce21d6a66799dded19d9e1cfcd12d391e3e2af95,0.579761,171,168,76360,77141,168,0,3,0.2052
cleaneval,29062907171aea1edeec9903e2d86ea1343350650de3d612f1f8ab4c1557d080,0.348722,241,96,11020,15598,80,16,75,0.3078
cleaneval,ab94406d6d89e570b3be50fbef55533040dc204d7b689d4c3ca44dacdd5971b2,0.759703,45,35,9236,9458,35,0,8,0.0579
cleaneval,e4a32d377829d274635251d12716b2a3d94f0ea0bdaae7aa9a6d54dc823108c1,0.702743,62,32,15922,15683,32,0,1,0.0850
cleaneval,1f75df0d6af932c5e42e7b36b5ed69168b5a5ab76a5e40e03a596a7a07bc5647,0.745789,123,83,19544,17944,65,18,12,0.1366
cleaneval,025cf8bfac65b41e2857a883e6256cf74948f915e92018958984c6b6f47455ad,0.143177,19,4,174,1062,3,1,6,0.0345
cleaneval,6401cb697ae9bb2c31ca7714a572a8c6e5691829f1e747908b6c37b18209f1b7,0.696992,17,11,2113,2007,10,1,1,0.0294
cleaneval,1af42820e8acab11505129a38c945a183c9c36591a2938fe0a2517958bb53d35,0.692308,32,12,1604,1877,12,0,7,0.0612
cleaneval,ea86a559a8cf685169122069fa5ffa8121ca7b2c71fce5ded98d5b22cda80150,0.809562,115,85,35881,36764,84,1,16,0.1500
cleaneval,47a8d9445e09cae12022817610468031d9334c3c46d03e15ba81bf1140de71f9,0.577471,116,51,10115,14493,42,9,23,0.1412
cleaneval,28ad6d2965b9f24ff2c5b9c8e0cf43b7c4ca4f16b87ba3f1d822f38c5cbba4d0,0.702661,83,38,6838,6528,32,6,28,0.1044
cleaneval,91a4ec6faec057d9fc86a5cc7fc77a4286d695b0336c680766cac721a96ab568,0.565891,55,24,3016,2947,17,7,5,0.0730
cleaneval,b34c33a0e7e7779862c29a2d525d733ba6c18748471b7bc3517eac68f6f8f545,0.542480,60,18,5670,4681,15,3,5,0.0751
cleaneval,4ddf3f66c92db820cbb19d143c65b327cdfb9d68fd3f24d78859cd075ed5993c,0.366265,41,14,2367,5559,12,2,27,0.0615
cleaneval,fdd665e103b3af20d75ab5020cd9b02c4891bd3c170bb8af755b21245fbc825a,0.719222,74,14,4279,3799,5,9,5,0.0928
cleaneval,60d5ba733f06e536466237e5f004e8510055541c2c2b640660381f19e234215b,0.513606,222,195,46193,36939,193,2,20,0.2944
cleaneval,451bce18d1a9c924f78ce339cb84b686014676d56a877fdeee9c90b72bea51c9,0.585723,136,81,19108,21152,80,1,21,0.2002
cleaneval,11c2815f69c93059c8d687f4dddc5a717d91588df6b6284240e55b40bd717b26,0.748624,35,32,9004,8626,32,0,1,0.0542
cleaneval,7d088a315f179cff833bf0ba1ba2e7de4083b0ebaac9d38e30b52eb8897f4605,0.645981,179,114,7533,11553,114,0,64,0.1363
cleaneval,cb6a4e2a16992cc4806be34ed0e8f7f16cd77af6ee0227982a229f63a3b52201,0.694429,149,52,5238,4931,49,3,26,0.1503
cleaneval,ce497fc0e04db8a309623bdc2a30acd96661d51994ce4d9e61442f20dbb4629a,0.615341,48,29,9254,8592,28,1,12,0.0964
cleaneval,2738fdfe18ced22d1344607c63f3b24c9a3ad215985a99bee0b9309c7baf21e9,0.712677,82,27,6071,5516,20,7,13,0.0981
cleaneval,d0e7405895c654f3c9439518a55cacd4e310525d03ea2fecd86450ebecdd7d0f,0.612431,36,36,28363,25493,36,0,0,0.0507
cleaneval,8fb44ce9e2ff74d059ffcaa94b77e42ba9cecab22ece78691442d0fc509a6b75,0.654996,165,139,22138,24292,139,0,21,0.1423
cleaneval,2144d00d7e8f9867a1755714f786c79b6ad6390c9ea7b41c9ee7bcf572c04c49,0.549379,208,68,13713,23165,66,2,118,0.1833
cleaneval,9ce76e6d8e5d64700bc045283e5757d12f8aa5b5150515befb6b58ed07a51517,0.470191,27,10,1655,2926,9,1,7,0.0451
cleaneval,3f8d38484cd88b8440d7bda1790649f5c344896854b3853dfd16a312413f8936,0.291961,16,10,2118,6877,9,1,5,0.0445
cleaneval,6f431ea16655710a1c725e03c678a962a29aad77447599fc2cfcabe1fa830a2b,0.635201,67,60,16957,17295,60,0,4,0.0958
cleaneval,48296a7f73716dbda6da6c4afbe4430190922bb33ce310d24960435c67e32024,0.347534,4,3,6550,2845,1,2,0,0.0598
cleaneval,816169a6da33d3b67e732a13eb193b92397b484a24f4588ec655f0c949a1c273,0.461049,191,12,766,938,6,6,15,0.2200
cleaneval,18d253f68c5aac0b40bd8b8e36f37a53f85333ebbe2bb0cf75410664ac3ac974,0.680507,95,81,33609,34894,81,0,14,0.1166
cleaneval,6b8cb7735409b49342c45eb0b3c0ded24592cd11a8edb8a6179f54b64ff829ac,0.165785,178,16,819,3709,12,4,78,0.2043
cleaneval,35bd740813e3d49324631d88382e8bf99fe828c5a805426eace41a239e895b92,0.382428,37,12,6861,5226,12,0,9,0.0597
cleaneval,81e3ef2debdfe39aa3ef3466d8218ab5077f5ead51cb9b7396c253e2f6ab4554,0.646869,24,19,12562,11805,18,1,1,0.0405
cleaneval,d87dac44ad6d8cccdb804eceb87d3360d8459336c6db87976d9ff36960822290,0.702205,100,57,17233,16776,50,7,18,0.1351
cleaneval,b4ce260ef94bc92644fc113edd7388d80d322bd2da283ca56906deee495113c8,0.547807,49,11,4788,5645,10,1,11,0.0760
cleaneval,e265ce40ac40f0aabdf53bf3b46f3676aa27091fb0b3a5e87dfd6120bef08340,0.303721,280,41,3125,5506,38,3,162,0.3395
cleaneval,dd6ab7439f2e96d8967dda809c4dde00678afe36dad08eb79ff3942ce309ca60,0.512404,333,68,5155,5491,48,20,99,0.3270
cleaneval,b8b5d549cba7d9e75371cdd52555abfd3824d5a54205f37a8735ab667058f99d,0.571239,168,88,11653,18571,88,0,56,0.1545
cleaneval,4bc0bac94dbdf0d06c72eabf0bdc0c08af84ce037dd3e553431f9c0fa262462d,0.636754,68,39,6786,8540,39,0,15,0.0925
cleaneval,e36baffca9117bf3e761e0be360ceda2d81749856d65a90f99159968f96a22b0,0.706446,34,15,3349,2742,12,3,3,0.0641
cleaneval,57a86d954ef17217c571652581b56d7f0567311f859ff73c4aec6339f3ceab3b,0.000000,51,4,297,0,0,4,0,0.0832
cleaneval,01f79a0684c98aaca2050f1ee6234f3e7905001af71a495e91cf9989b6db40d4,0.531941,87,38,4409,4649,26,12,19,0.0878
cleaneval,afe568ff761a21bcbe7084262c9d2ed45bdebf1db494917e7d7ba1de71ec2730,0.665729,232,75,9308,9420,63,12,45,0.2516
cleaneval,4722b57a2e5cf4d7f2589218e201eba2b85d7f8ffbbe2c7f1065ce625b4f88a3,0.022152,33,2,66,3734,2,0,17,0.0591
cleaneval,889c177fad8e318302a67e33ee6e10e3018b464d6e929e474e45c97a8dc361c7,0.709543,102,67,26907,27554,67,0,5,0.1200
cleaneval,a0ed5169b3e4b45fee1e3a2be5984ccddecafae8963ce892b6463f0f0d0418eb,0.600806,200,42,5445,5315,30,12,16,0.1690
cleaneval,4391169b330126177c1f29fd3cdbd7f23af3a34dd973bb0c28d89383112cd524,0.759110,128,114,36781,39354,112,2,11,0.1358
cleaneval,a1bdd8919a590315218c075ca84006cd83b4575b174e2efba8762e1cfb3b2473,0.769667,60,15,5558,5510,15,0,10,0.0713
cleaneval,68f78ddbb7eebc9aec765177513ddc3fec525f1c74113e289841c2f97c582089,0.753311,87,23,4244,3971,21,2,0,0.1134
cleaneval,3b82eec9760a4e2400b872a0a4077c3717c69489cb005846ad25ef5c3f3ae8c4,0.523252,36,27,14386,12564,27,0,2,0.0614
cleaneval,9e82e159473f42d2a84464c2add0d04b5c8d4d15965020c342bfc6b3804fc4f1,0.382632,265,63,5209,10962,61,2,166,0.2761
cleaneval,698835a0ac54c3185b5a465d5402ddff604be9e142b9337c5b67605d1b96a198,0.471547,551,319,70574,67074,306,13,222,0.4382
cleaneval,f2ddd94146538e419fb5a860eff779059c4d062d25fc66e799be0aad05236740,0.587555,53,30,7163,7053,29,1,15,0.0697
cleaneval,17d3342f86516e3ee8c7b5b8b2fbe4160d5f626f62d93c9dbc5828ca4f9ebde9,0.555788,116,46,9399,12394,46,0,61,0.1192
cleaneval,5d149c9817f6ec4539464da5056f901f200e61b851f012074b189388d4b8d6d3,0.611232,114,108,26561,25720,107,1,3,0.1230
cleaneval,b589af8d698495aac1c191ebea0a517bb3b5c77f7263aec3ae5d2367bf7d5a80,0.613705,70,12,2313,1966,8,4,5,0.1015
cleaneval,ed78021f9b0603a5fde90f602bbf5a8359837d3caa19b0f8573e39ba6be27164,0.743198,54,19,3982,3885,17,2,4,0.0772
cleaneval,004859638aa3205b5d0d6124f804609bc167275cc4f900c8d12a29aeb8e970a3,0.721001,246,56,10805,9802,36,20,37,0.5162
cleaneval,3f308acc59c7052e0c139bbd3b7c3fbdcd2f7fa96cef1038a18dabdd3cd70d78,0.562355,89,59,17276,15760,56,3,6,0.1229
cleaneval,27bc3ca956668294f0ebc3b288eb4b9a8972dc970d08461f69fd7fa91bb73be2,0.692293,158,117,12341,14027,115,2,39,0.1367
cleaneval,7c83ae7507edfeac95083e2e90fd5e6632f47dafd2a8cf351c0251880ee0eedd,0.692308,69,48,13687,12621,41,7,5,0.1079
cleaneval,637cc36f6bea0b46e67f6eefd8211276a8c76575f9ffb20a2ec6cfb7df59f3a6,0.775242,61,13,4362,4262,12,1,7,0.0880
cleaneval,16857e4368f267fe35cfaca49717c5f8368371f149073aec9c25bfe16276282e,0.663843,148,83,13238,15805,79,4,26,0.1840
cleaneval,48605fab0e9cd027f797863a31dcd0395db1bd9951f20fbb52779c75e56c94bc,0.716500,78,17,7169,6699,13,4,5,0.1367
cleaneval,21d50e7a0a70da0f0c11da0f5804a149f24b9240fe66c2013e15e085d2053987,0.614542,116,10,3258,2895,7,3,9,0.1602
cleaneval,600fb953024723502692e47a6a6be84ffc5016a414e7cf317421e45ed1ffa885,0.497634,46,30,12543,9575,30,0,12,0.0775
cleaneval,c1ba93d4abc0caf6a585171d33292aa82658d850985cbc7e08790b7961d3fc06,0.650960,134,49,5831,6875,49,0,83,0.1216
cleaneval,929016cfa8f3e9dfab9cd67fd24e08ea380f948c28b252b2b6fb908dcee6062b,0.730204,67,30,6141,6229,30,0,3,0.0933
cleaneval,3a6aff2edc23d85fcdb0de4aa5891b394016b8bc80db48284b42833020b0e028,0.715910,65,35,16544,16426,33,2,12,0.0999
cleaneval,38428ffd6b370a8408d84432e3ae988ff08933e92a18f56120b8a84883103d21,0.713043,21,6,1732,1994,5,1,9,0.0358
cleaneval,874478b584c62f20239593c3c5af58928355fb16f2458db8feee7d4a3dc3deec,0.547799,96,49,6267,11228,49,0,44,0.1084
cleaneval,da8bbbd722b8efb4ad62564c91a188c5d9b64760319550bfccf6606091e2396a,0.505934,225,73,7888,8032,68,5,139,0.2047
cleaneval,2b2ba094061e6f5db7febc681a5f24a645cd45fd82068429f8b9936ec1a65338,0.730682,66,36,8512,8563,36,0,2,0.0855
cleaneval,6f80376fdbf695f0a621d218a19c69dc54b6d60f196bbcb8d0cb759aacf575c9,0.683545,173,114,42220,36371,103,11,22,0.2924
cleaneval,522004ccb2e54fcdb7b4ee6a99c4a9873efcf2837518afdade71e27de3c8a0e3,0.629149,99,53,9973,11559,53,0,23,0.1349
cleaneval,0207a848299d0d7c65bd0954ced69acaf5d8eb28fdc9ef93e565eae94fd9c413,0.555758,82,22,14014,11448,21,1,2,0.0896
cleaneval,6f7d1b92e547cdff39c20c0b79ac473691d91ec6cf3e7bbb25b614786805b187,0.466571,123,55,9341,11885,48,7,42,0.1463
cleaneval,b73a073503ce383106a7ad87e0c9119641fb8335340505dad680cff855428582,0.728499,197,89,14846,14696,80,9,22,0.2047
cleaneval,4264f89b4849cbddc904d5eb96f0029b08cca1990a92728b78f1f5d0ada09971,0.462687,28,2,7517,5799,2,0,2,0.0596
cleaneval,ad94dd64580d86f5c281861706c4e147c4f3c469fe5f2c993d9e18ca692d79e5,0.735735,38,29,14357,14040,27,2,3,0.0640
cleaneval,9fb36b14cff29db9603005ffe615daf47046a1ee3c6ba4c7b9eb77b2f624bbc3,0.760802,234,188,50991,53684,187,1,41,0.2619
cleaneval,2e5065ea6737a848fdaf8aadf6258f7c5d84073eeca0235658b52d075e7a8edc,0.722880,55,26,6953,7016,25,1,18,0.0719
cleaneval,2f16a467494f8b32918e5b64c7f5a8d16eef1f5e22dc2924c755464e5d6afb93,0.218679,90,4,196,827,2,2,32,0.1260
cleaneval,f8a76a0d60951829b8d3ec852c4d58e05dfd7e00fc0a8bf7a035854c742161bb,0.633447,239,145,60937,63899,142,3,75,0.2945
cleaneval,cb93eb4b998de430cfcd5e5d86acb31efc393a64f3488604e1d5adcf5c812a54,0.577092,79,74,19193,19782,74,0,5,0.0842
cleaneval,29c22f1b77c8ac0de5a61284c426f155b6febe3a807b865dc63e945ba4f0cc2b,0.684798,243,47,7278,6649,44,3,25,0.2702
cleaneval,ddf692bf6da40c775aa2c830f934356baf64627a0617db29bfdcfefe8f47b646,0.510353,39,26,13885,13683,26,0,7,0.0741
cleaneval,bf0bd3bb72d742db9a0b78cc20d36820fbdaf08bed4fcc8133942f9d68e36796,0.710471,17,12,4692,5625,12,0,1,0.0263
cleaneval,6350ba5a08ca0de252f3e4c438a5909de6c22b39f90a2537f7645eede905c33c,0.119205,43,3,169,318,2,1,4,0.0838
cleaneval,e642f5b3f6c388baee0e9ea5f8cd268c3bdd926d3f53197612425ca6ff406359,0.772381,199,109,18422,18321,108,1,19,0.1825
cleaneval,291655dfe894fe79e95bc5bafa08d8fb07ce0820e1dfaab1a0dd652c0cec2cdb,0.749731,89,53,8598,8552,50,3,5,0.1183
cleaneval,71e5c50c46b296b270ae9fb86117b11744cd3d75b59207683d7b4d7728741171,0.746055,32,31,9295,9375,29,2,0,0.0494
cleaneval,4510c5ee5258b8eeabc822bddece366e63141e0126825a38bf182fa52e00d56b,0.735997,286,179,48457,49749,176,3,47,0.2983
cleaneval,d76bd4ecb119102454a9abadf82d187ca0ad835e4c44903ad082c20ab0ef1f60,0.661995,287,127,21654,28001,125,2,92,0.2998
cleaneval,30d89e3fc056f2cf4b1d455f3e713649189caa400b65fe46b64690be9f4024e0,0.587470,196,141,38197,46040,141,0,50,0.2171
cleaneval,7ed454bcd2ded48575ebdd5f816f0a2fbd697cf8ab00b9ea13930339bb844c33,0.693717,42,14,2925,3285,11,3,10,0.0830
cleaneval,c005d03657fdab08dcb2a7204c8b83545d093e6f11ac4b44148eba07abf276b6,0.023949,22,3,219,11187,3,0,16,0.0378
cleaneval,d07f91aafd22183920effd17f7d022ed7b07476bc086d16c1695fbf0e36efc36,0.667089,159,96,19411,20355,96,0,40,0.4740
cleaneval,b0a8d10cd596cda281ebdfd45a7094f9841b0f16063dde09758b83cae5e6ba20,0.350664,68,22,2539,6273,20,2,41,0.1030
cleaneval,0e87732a2105733e14375efe9a40377251bc6885cfb13518149d68ede9553314,0.353494,222,35,2326,2307,27,8,55,0.2655
cleaneval,f39f81609eb41f866b27ffb3a2e6371110014037b66207e457b8abc60b2952a0,0.655717,238,36,4807,4446,22,14,27,0.2577
cleaneval,59184e80891fc72835ae2a3f69094ed3ddd72dfdecd31eb927586cc714f9e239,0.738574,16,4,818,762,3,1,0,0.0363
cleaneval,00637c070d02ce976b725c180ab6167840dde27e62fbe7f3294d0ea74910f6d8,0.596555,105,95,30350,26622,91,4,4,0.1383
cleaneval,e909542a8b592867b879ddac94c943ab25f92fc590aee11ec05016baa0b1a4f8,0.594448,53,44,23904,23598,41,3,5,0.0610
cleaneval,4bb5dce075bb2a9085c2950a5818cf40ef4e40fc81bb8a78240d99d0e589f286,0.674010,42,31,14181,11494,29,2,2,0.0677
cleaneval,1e4bb2dfe3cb80cb1c90d6febfd95fb472b5a6503676d6d28253a41f39a0abf8,0.130217,168,38,2592,627,11,27,20,0.2036
cleaneval,d8613b002e16465cc88f8e1c5c1d7063160a2f371ec0eb7518a61669a323c71a,0.636178,55,12,7543,7222,12,0,5,0.0863
cleaneval,eb66d6b3c20e3b3f7adc3928f79a24ddb6c36c7ce5d29c59a45123b8112883bc,0.751057,37,27,10195,10000,25,2,1,0.0590
cleaneval,5b9161446f0e2e9bf620b774c43880ea4f88da85e9bd4334fce6aa1746ae80b2,0.000000,308,8,222,197,0,8,3,0.2729
cleaneval,4279d21f7b2f38f05e0d1a05cf4673a010254ac7050d87da0a4611814f45f7b1,0.720416,107,24,7646,6661,18,6,7,0.1318
cleaneval,e059730d50db28e5fe79a0f841157e0a93acf5bc8edd0fee5b6caea75b95a9db,0.105498,46,29,21899,2358,17,12,8,0.0625
cleaneval,d65ec4434b8702b6ab2fd0ec6bb67efaf1e4afbea2fea8992533d7928a8763b6,0.798548,19,18,5211,6308,18,0,1,0.0300
cleaneval,3e22d6fda06b7561fb5b720642362acf61e8af222122199c8fa2e5d98058b420,0.590970,96,55,16358,17786,54,1,39,0.1025
cleaneval,a2523aa03ecd3262512441b54bfeee45370fb2f6d1dee363539410eb015f83a9,0.672641,41,29,6159,5166,25,4,5,0.0669
cleaneval,b57beddefa40c5b875b3a5ff7f66a21665514cb892ce5ad87f9e20fff3425c20,0.608839,58,45,11557,10812,42,3,9,0.0623
cleaneval,bc215a4171c5f7d5ed84ce771725ed59871ab82907cfbaeaf340386efdd68f9a,0.508872,65,47,12324,14046,46,1,15,0.1029
cleaneval,b3802b51379808041a36a3d7217d9dd75c8de9f59347e5d407809b96df026ebf,0.351759,59,23,5819,15452,23,0,31,0.0845
cleaneval,edffb85cd17ca04520bbc111cf8052ab39e93476197f60180d752ed327255031,0.676517,206,133,36869,38526,133,0,73,0.1981
cleaneval,1c7d7373c387e6cc767ba6a6c9de68c4fe8e0f289513686aa1785a4adf1cc64f,0.480601,70,17,1960,2283,13,4,28,0.0884
cleaneval,f5189627060194986021566266a2c7e740f4deee435bb05c07313384c8d99a70,0.619067,46,46,15167,14736,45,1,0,0.0716
cleaneval,7a0e35f91ad2c965cd2a944ec42acdceca3ef395168d9e40fadf4e5aacb55011,0.601896,16,5,2642,2937,4,1,4,0.0346
cleaneval,9f1feef23e29c6e2cc2685a69d91bd7ca0bfafb85f9a240ef680a554051b9b7d,0.479040,65,25,5249,7243,25,0,33,0.0840
cleaneval,e9e090bbb38bbc6f51b802870a7e623bf81f48ba4a00c10929de418c6d10b829,0.513448,122,106,35650,36152,106,0,13,0.1249
cleaneval,bdad978e1754cf9a6b2191c7ef697a5c7801a390806ee8d0f063af949c41e2b7,0.642656,84,34,4528,4067,22,12,4,0.0895
cleaneval,e6c4383eca5a2bd6fa427a9e4069fba15f91cd48e6e962d7c103e0173f2c4f51,0.759024,97,5,8261,8370,4,1,5,0.1219
cleaneval,209dab117c99d34f5e613855742e4fa14381aca31b57fbb34f9546c7a5f149eb,0.275099,55,7,817,2987,7,0,44,0.1396
cleaneval,b9d50056e50d24ee5ab29dae824b551ca0f79c378bef02a9bf339133f9ebe4db,0.306002,57,29,3276,2807,15,14,12,0.0734
cleaneval,3dc2b0ba6b27a7152af53de4fcec3a103e1dbb2d051d8062ab233f698bf4534c,0.000000,8,1,33,109,1,0,4,0.0219
cleaneval,45942136047e0d9ba375c337c311da01dad734725a87024f121cc6e88b8843fa,0.546726,67,48,19352,18135,47,1,15,0.0946
cleaneval,a6e2ee728975633d4156ab01e8d010caec69cae6cfe60e36728eda563e81beda,0.607279,93,46,14097,13496,46,0,21,0.1120
cleaneval,dcb97ab9c06e095fec8ba3b3f6d9818989dc8e8645110fb8f17bb0c9d6cdd52c,0.000000,3,2,2852,0,0,2,0,0.0173
cleaneval,620b774e0518fb40eaeaed8d0658b0dbde02b7249fc4af67cecc5d12a74d853e,0.631685,84,34,4815,6025,33,1,32,0.1090
cleaneval,b5dc24bb33ec6fed8a2f4572b9f62393f746bdb0751937d49a8136f00d6b330f,0.478235,109,62,7541,10463,62,0,27,0.1224
cleaneval,4c75a455d9442297e48053a07f45844dfcfe695c2975dfb4563bb7bdaa44c2e0,0.758487,121,27,7828,7630,21,6,22,0.1479
cleaneval,83888e4f870e308f0799a1320e1b917b509716534380b881b213db7ab212758a,0.645127,147,46,11993,9442,45,1,16,0.1575
cleaneval,885380b8d0dcf912c84e64af8d1831b5f4930b72ee0977d69f4df67e5b624721,0.645954,44,39,11085,11242,38,1,4,0.0549
cleaneval,4f37e8ae430b8225923eb4c87b541ffec85effb05a3d71194ce3526dabf12297,0.694181,37,13,5442,5693,13,0,2,0.0585
cleaneval,e5ee6b800faf6ae88df0987e6218d59f438f8ca58a5c54d37f52cc23d79bb0bb,0.085465,15,4,688,8555,4,0,7,0.0300
cleaneval,3903b53df6f5ecdc34ee392f783a206a1474f34d008b8295a10b80097cdbf7cc,0.289277,80,16,1682,4613,12,4,33,0.0936
cleaneval,121d7b112441fe9b32bc35309a79017f65fc9e7d005c0c986db240e2b6a42c0e,0.742672,32,15,9334,9428,15,0,6,0.0443
cleaneval,67470eeaf166009dfd2dc8bfa33f6ed93c2b6587410f8555488ba18d44d8e578,0.420939,593,101,7695,5842,42,59,189,0.4503
cleaneval,9954beb228eb70f2015002c8914bed51f08b8010e25bbd71580cebbd7e3f0324,0.718327,24,16,8396,8336,15,1,0,0.0451
cleaneval,d40edf1686bd689a6039e506ea41933a0a9b2c07baae4efe794d36db35703c7e,0.704367,224,195,84636,82321,195,0,19,0.2599
cleaneval,0ccdf605924dd296f54ea230b15b11784fdf79f7d36b86df00a72cf7ae1baf68,0.424720,147,79,12747,11079,69,10,28,0.2247
cleaneval,06c671cb673dbf8acb77b2f0ca46810c743aaeef89752bc372a2fdc8e0185cde,0.599064,160,81,17832,20541,79,2,53,0.2108
cleaneval,b78896e0b11d4e1b0f353a3935e4575660848b5cf006e16e1df38c92ebf5d249,0.518635,54,43,12276,10494,42,1,0,0.0708
cleaneval,c65c715c8924699102127351e72f644dbbff5f9a6e801b6bae3542f09c31afba,0.280321,76,18,3463,10561,17,1,54,0.0959
cleaneval,ee63525b62bc9f5de26debf8294fc33e165fa96331672ee5aca7f068293390df,0.609922,40,14,2504,3004,14,0,18,0.0588
cleaneval,1ff27114d32215e2abd3d654be52370d47767293b79d969a1675b9537e86f36a,0.680191,25,21,18244,18218,21,0,2,0.0387
cleaneval,6f2c1220bdbd8dde5b65ed3ff2d560195f234db2f7ee305553cccca6cb038c5c,0.607743,216,97,11738,8543,75,22,40,0.2100
cleaneval,8008d3daa7eafb834bfb23f781752565f6171aa69b0f3839866bd9be3424db84,0.633263,96,16,2892,3688,15,1,25,0.1136
cleaneval,0069b434a26c6f1e78e59b909f651965a57d600845df45681f599075815c5ee9,0.518768,238,134,18761,30742,134,0,104,0.1872
cleaneval,af95dfbd1f28a49445f2488524202b3f124121332621ff34846068483a909be3,0.000000,4,1,54,4497,1,0,1,0.0236
cleaneval,5a3ddba38b586af2495ef7d09f84f2d2f2617be4ea6e78786e44f71853f57b5d,0.449214,132,71,7945,8157,68,3,44,0.1282
cleaneval,0a717b395267319ac17c61c98b587538c7abc9657d45529af3f56120a6629a8b,0.656821,49,24,3847,3812,23,1,5,0.0785
cleaneval,12d6b151f1becad39f73da78c4bd970a5076d9c26bdbac3ae277efc1eb051879,0.438640,107,32,6588,9125,28,4,28,0.1262
cleaneval,3699c12b4ddc731694ef7ee4f2a2d792ad5024fe7e5228d24d0c482ba00a84a7,0.320798,127,30,5959,19927,30,0,95,0.1409
cleaneval,50e1165ea94a0ebff97ed572e883ce847992d8506df184a328805a304de9aa5c,0.504603,84,66,13187,11556,65,1,3,0.0907
cleaneval,5e6760110820d18d00d9b12d661b94e4b2e0f03228f97fea577895ff1c8cc30d,0.776733,73,56,21963,21884,53,3,4,0.1125
cleaneval,95368d1a59109bf602c7dc2fbdb9c35d92e079684e019dea82e23d423a53d47b,0.325359,138,8,1227,3559,7,1,73,0.1845
cleaneval,a3837689e8fc6d702bbd223c749ed9354d5e391b7add52a20b1272a7bef6f585,0.716292,99,20,3636,3998,17,3,7,0.1047
cleaneval,026a0b2329b8bb430d64ceb4a22b46d72dafcc3d0552bf44d7ea529af9a65c41,0.597218,73,39,8201,10299,37,2,24,0.1122
cleaneval,f771c95615238127c894370883a7d8247bad88dfc23aedeb403fb9282b4e87d5,0.658824,112,41,8001,8576,30,11,41,0.1113
cleaneval,0827a8e9abeef94724b3e21942041564a8876275a24c5f26a3a50e7f399370d7,0.680508,107,26,5763,6308,26,0,17,0.1046
cleaneval,ad4da13d7170d8089c04e3ee44b69ff84b9f299e055b5c07811c362f114ebee2,0.657010,29,13,5039,5709,13,0,8,0.0444
cleaneval,db79915267eaf232305eb66c59921156971a021aefd84bf60581873568f09cc7,0.414298,56,10,4698,3685,8,2,13,0.0925
cleaneval,0490d8a5dfe65ffee2750495a86d1acd0af932a8a67d91c4b6b30d567e317598,0.564560,39,12,4148,4014,12,0,9,0.0583
cleaneval,3f2f5d13d07241475b666a1938ef3b6ff8456ed857469ea7656dd986dabff2db,0.429134,62,20,2524,6321,19,1,35,0.0627
cleaneval,5252a66aca444d39c1bb00ddab18a885de4588d96dd22d08dec2c043f6614a7c,0.722771,431,330,112643,117930,329,1,60,0.5195
cleaneval,f6e94210fc442b73a98e77892e38a0c51398a4ef17e748e67669d2ee5261aee0,0.519373,27,3,2004,2491,2,1,4,0.0963
cleaneval,31b573495ca3c74c2a8c18db2c7fa9bea9759a9d69296717a6d7c25e9a667cd5,0.402957,55,7,811,803,5,2,15,0.0788
cleaneval,f8ea473df6e3895bd9978e26d7a69a90294bb1ab3e9ba03cacbadca0ecbfda9b,0.621121,199,59,13060,10222,50,9,42,0.2339
cleaneval,68971e8363ee71ef5eda51e42dace531a4bc9cd6166e896773eea4e5f1c93698,0.555293,89,69,11573,10647,64,5,10,0.0937
cleaneval,2d99cca92f8a315ec64d9f95cffb9410035ca09fc73611568e51a3c641b7b8d6,0.816094,109,102,28931,29276,102,0,5,0.1141
cleaneval,77a700c71e2b53d36c12d3f7f0e5c184702e8f14f3c26890dea9985b905249aa,0.668750,55,38,21361,19539,38,0,7,0.0678
cleaneval,c62fab6ecd482cd44f5c8132200331652a87dedbd6fe928500d6202b3d86ad3c,0.329808,163,38,3598,7824,38,0,111,0.1596
cleaneval,62cf74a734b089fe4bbf689b3f1d3c56d47d3be15e3fc85f0329636c70fec46a,0.220676,100,6,459,2241,3,3,42,0.1077
cleaneval,c20fab55993574ba538996983a693f2df8019f4fded52645ae3c17101a1b87f6,0.000000,19,1,39,292,0,1,7,0.0453
cleaneval,6c1b44780bd48e6ba1e27526ffbee9508a2d91cc8a296281304459f88dc72996,0.082919,155,16,1174,17155,16,0,134,0.1615
cleaneval,54c8c8b92804ef05954e820040939eecc23e9975afcebf5306dc8d954f13bdd5,0.558725,284,178,30656,30325,160,18,55,0.2279
cleaneval,39431f03bbf0c004c5e40f4f4c3d3961df67c457dea23d351f74e9bf1c9ee149,0.583411,95,36,4341,5390,34,2,50,0.0897
cleaneval,436d88316dfcc0ddea39bc237b44cdef06a45c4ae2a9164928e440ce76aa9e5f,0.657185,20,18,10567,9973,17,1,1,0.0354
cleaneval,98148cc46f88e643b4540abfed36d44febe80130230dfd3054414fdd41a9c339,0.596277,182,108,19199,21502,100,8,70,0.2087
cleaneval,14244fbbfc639fc9a1b1ff2a7623213488891c4b0fe25224c3eb3c6e1bdea647,0.589837,21,14,3791,4805,13,1,6,0.0300
cleaneval,7de5db1934acc77a77ba897ec837f120e60fc3fc1c44c3d2bc0c4fdee2f3a4b7,0.633446,138,27,3910,4915,21,6,35,0.1429
cleaneval,f0ee7d08bfe26e707cdd418742caef14fbb48e725eb7fc7d73e0e9bf60a80b5b,0.038217,43,3,734,725,0,3,2,0.0980
cleaneval,cb071863d17cffae89810443c217424381b6f8082d1a6839e54c24296d8bd05e,0.386426,45,24,5234,9483,23,1,15,0.0654
cleaneval,16709cf8c732aad576f61b346ff967628582795c9361dc999b81189012ea43d3,0.585851,75,31,12261,12136,30,1,25,0.0977
cleaneval,dd83d5d3a0f8db076fff5194dbc9525e6029db0e0e7fa8bcfe456c47202ab90f,0.703431,167,144,28849,28921,141,3,8,0.1793
cleaneval,89cfb9a8574a695d22b645172dd12a8f668bf3833a11b6ec584b0916e1b8d6ca,0.648219,93,20,5621,5242,14,6,10,0.1184
cleaneval,841e258c39e2a617e8735179b8d154c9dac8b7f09fb39aac6270249dbf6bbb3a,0.341766,93,11,3905,9581,10,1,74,0.1091
cleaneval,300b2740a94d04f93e898c9e259fb68966362fdc7906a07722d866c6000627a7,0.751918,221,145,49321,50758,143,2,58,0.2382
cleaneval,46becf4696b477bc9668310a3b4b1c322cdff9b26fb39f7a74b95d47b87668d2,0.544507,113,90,25103,26343,86,4,7,0.1381
cleaneval,323b180b1f21427bc0181f572702c9900507fae1c88336b2368a6b3d743331b5,0.573263,90,58,18693,23982,58,0,32,0.1369
cleaneval,70c5f42fd39a8e842fb74509e05160eebd31fd50416f25bd385e79bc08406048,0.587585,301,105,23811,26332,94,11,94,0.2956
cleaneval,629eabd56e3a1355de90c35dc3a0a4ca36e6a07052005321fe2139c6fda7c85d,0.762106,139,111,20320,19574,106,5,5,0.1313
cleaneval,9ba6d7c57c1c9fb27feb4cf77ee24970bdfb9a67f23b102968bf85dff2400e3f,0.711261,55,42,10062,10696,42,0,8,0.0642
cleaneval,2b2f642dbf1150806cdebe2510c0162fde2a5a6e06b86a4d04983418eaec2893,0.598312,56,14,3780,4494,14,0,19,0.0699
cleaneval,e1918887a3e928163c57c0b9fe1d9064a2ca3623845999b0ace7a358d31a2c27,0.761057,29,22,14419,14180,22,0,2,0.0586
cleaneval,3c972370fe8ad94266f6fe99e09d9475d81cb12179e56f5fb19c6ad0e39fcaf3,0.409435,57,22,5915,5008,22,0,8,0.0760
cleaneval,db964022e55530c7534ef79a8c01cb24398a8dc39099f21a33a7c2edfbea707c,0.658119,83,62,24617,24470,61,1,13,0.1227
cleaneval,1df486cba0a614bc7f84e256791a0c37e6444b766d1159ef89c32e6c538a7e08,0.000000,61,1,45,1835,1,0,23,0.1077
cleaneval,83e72ae0fb977da5671d5584fb4481ed3613be84c84a86af44f7a0c106eb1988,0.578977,32,17,7047,6800,17,0,11,0.0514
cleaneval,79be544a514bb1975704af13a1cf69e691f279e6e9547ee04bd45bf7fef345db,0.509968,118,52,11257,7272,44,8,37,0.1900
cleaneval,6ac4533899f4dad958670275317ea06c608672d7558189d88ac1cb77f76efdb5,0.730525,112,89,23292,21907,87,2,7,0.1515
cleaneval,3352126c578cecbe904efd9458d912cb3bccc255d8800b1b17c124b7e178f6e8,0.594643,58,20,5435,3961,17,3,8,0.1027
cleaneval,c2c3ccefdc816709a18902ec3c964680075471402c2c3e53fdb24437ce3563fb,0.638720,70,49,8491,7960,48,1,13,0.0842
cleaneval,dbfa88dcdff4a38d0c1cf014f09b49554d8a117e5346c6803c9899f769bd3566,0.661336,102,47,9371,6070,25,22,7,0.1358
cleaneval,89ddb1e7ac096cde238c76bf1c4c6175d1c0ef723095acd2df3384b3c346b039,0.568015,134,70,12432,13987,68,2,47,0.1311
cleaneval,d350ae9347261f9bab57be3ccb245ac498e8eb4954f2419887ddc0f6e004e2d4,0.786851,66,44,8954,9004,42,2,20,0.0817
cleaneval,308153bd53ac1d2664eb9bd1a3b4ce42e36f39efec6e7e181e863cbe5156ed07,0.495886,58,14,2739,4753,13,1,25,0.0711
cleaneval,886ba562425116b5a12780be3e2e62c3c7fac48c813c299688dd351191c0c873,0.439045,183,26,5255,2414,20,6,8,0.2222
cleaneval,8516764a0435ce8106261fb23749c8bb103f39937937698f90498e22dbf77b38,0.594280,46,11,5664,5154,10,1,1,0.0655
cleaneval,bc8e776cac4b9e3fdc65b34f32b6fe8e0699a21eeca9c70526e77da2d7cccd94,0.000000,84,5,244,0,0,5,0,0.0989
cleaneval,7ab0c18189c6b59d6f64f8596d11d54d00f40282d4c01d3aff5a1e9ba53a5fb5,0.590247,83,71,36584,34236,70,1,11,0.1124
cleaneval,bde6dbc7deac64b8b85c3970cb35d6d70c9e55ab295a754b5a7916acd3e957b6,0.582812,74,60,25200,22490,58,2,11,0.0902
cleaneval,f4891b640d4acd5f6f05aeb9649f45a669b375d953e0e3de38d812e834bb0432,0.592885,108,49,19769,17661,45,4,21,0.1516
cleaneval,10ba6e9c0dc9029e590ed5624aefd47d0e5a1d58ac48f59462c44798a6e3691a,0.154248,192,10,1062,7052,9,1,121,0.2033
cleaneval,d3286ee4cda24ff3e4781fb6b6fbad5c8525b1fd064c73aac86e2bc458762362,0.412007,386,172,13815,16387,166,6,175,0.3116
cleaneval,1d0fca5eaec5be0893647b705ab3804522d73f29e81e4f1893128f202d776bd3,0.725784,79,33,7472,6706,29,4,10,0.1112
cleaneval,008bec23d9bc24b3f13dba7f3ebb866ec147058e9dc9f9d9cd9433df7a07933a,0.627752,103,47,19655,21912,46,1,37,0.1079
cleaneval,370a79caa8175cdbdccf6ce55f2296a7b93bf1cab97810a84eb803a41bc9e4c4,0.523614,284,118,19386,28609,112,6,114,0.2914
cleaneval,001560ee083ca491cdf469ea616f154d953dee200e690a72ddf68e310f3a9f2d,0.000000,1,0,0,15143,0,0,1,0.0699
cleaneval,b191c86b85c0543c72ddab18cf699ca11e44983e1d08b1dff3b75aaba8a8b910,0.578873,147,84,18984,15549,83,1,48,0.1743
cleaneval,d76a129e5332f4bc88f09d061d4179ede08da4806c79b66d0f9cb695ca42a27f,0.589216,187,64,8380,13172,63,1,79,0.1700
cleaneval,4f8ed1c33118c0dbe6fe3af46bbf60f5fb7846a5af36db04a08d507671c137ce,0.571918,74,39,7018,4901,37,2,6,0.1654
cleaneval,5cbe0f036e5d11be1d568a95ec9a0f0a902ee2939a7b81f9b2d017a4f0b43a2a,0.775473,67,38,14433,14201,30,8,5,0.1129
cleaneval,f06d940b28d47593058feb7e846e6f23aba6d15d1d229228999d539aa1e27236,0.615882,142,64,13094,16365,59,5,41,0.1428
cleaneval,e116c348dfef00af93dced365f3be041ecdbc30e97577ed20e0ba71e31334d44,0.438550,30,16,9231,7432,16,0,8,0.0470
cleaneval,f2e6b3b2d7586dfb9820f29d0498da37294e2b0e3a575da4f8f9c83de846c23b,0.546474,92,81,46441,37664,81,0,4,0.1162
cleaneval,ff28450bf14fa0489ab831356f2370ab521c4320e5cbaf85f3eec15c79a2b479,0.746011,68,47,22240,22379,47,0,6,0.0907
cleaneval,f115a5c45958bff521bb3cfaab73913576c0dc18b08bd8a741c5bb91f871df7d,0.654924,26,19,10512,10338,16,3,4,0.0423
cleaneval,1204bca10144df5077bcd3132c6fe86a638a17041caede8a88ca5f066989b5a2,0.662842,75,15,5792,6520,15,0,8,0.0988
cleaneval,36eb23df3e6638c62c2e96c9f2d04906298d75db8384fc63881db659b2017008,0.680003,71,66,21132,20955,64,2,3,0.0987
cleaneval,28c13f678e3d033862d47ccaa17426622d4b876b5498fd9f77a7423ef04b41d1,0.496203,119,16,563,446,4,12,8,0.1199
cleaneval,743cf1f091be57c7022a159c0b76b486224eba023978bef2589086b3b51412ca,0.696158,164,113,18080,20177,100,13,35,0.1844
cleaneval,9599628e9b652d34066ffda89e09c029fb0524c77d5a71627c2cf7a4a1a1b5aa,0.432245,49,35,12082,17069,30,5,2,0.0793
cleaneval,0c213b0bf5610ce00b36a982f8e21d9063fb2bc213b84e04208623a5de6cac40,0.669861,45,11,2730,2820,7,4,5,0.1017
cleaneval,01d2d66463ededad2f080e046bb746ced1f3dab739451eb2c37d882d2be0deff,0.157098,15,8,1443,8659,8,0,1,0.0309
cleaneval,80c80768247c017e58281cb7355c3ef7f5e5e589688bc2b4e0156b94eec8fa7f,0.503074,66,45,29685,26282,45,0,7,0.3427
cleaneval,ceacfb8d25f7d83db2281ad0ef09e90563dc75bc80979549924449d472abfe25,0.762644,233,74,14567,14373,65,9,38,0.2264
cleaneval,3eeab0f2ebee3824dd20618006ad042da82eab240c7390998f3e58f19080b160,0.733393,102,55,14004,14897,52,3,22,0.1370
cleaneval,9adc8dd873811e2bafa2196f29a6efe1d8d54c749e9b242180794df51dcdef0b,0.718150,116,25,6290,7162,22,3,23,0.1619
cleaneval,611bf82072bd87d49ee499d766c8c8668826ba7d957396c4572af476e01e8d9c,0.686207,49,12,2518,2549,12,0,5,0.0937
cleaneval,3fdd448d2beb66e5d639f3a5eba3ee3568b8a6a61b7065befa9feba5ce05c877,0.705911,106,59,19509,19772,59,0,9,0.1107
cleaneval,28f9c3f75c0b25906a8d6810a35cb4c28e012274a0d4780177f0cc965acd88b2,0.739143,1027,638,116606,113763,627,11,387,0.8125
cleaneval,fd3424776f82e57892eec1a64350408fb0da30c2016f64caf88fa99236eaf693,0.724280,29,10,1733,1693,9,1,4,0.0474
cleaneval,4fe41affb810a155f779861d7f6d349a5e25eb60492aff61e12b1bc2c8ac44de,0.677649,71,43,12077,14027,43,0,27,0.0822
cleaneval,64715f20a61df35508add98e71b20e2bbc157fbf0b90f77ab3664e23f3b96753,0.575297,130,74,34997,41188,74,0,39,0.1599
cleaneval,bc2edd130672e54e1b71b29e4afd58d3d6128dd57335c58676340e4ddf4794e5,0.683221,26,16,2039,2082,16,0,2,0.0645
cleaneval,b20c3185703119e8156e98bd2586921f128ccace2431f66d78e7d0d253515d78,0.811044,6,2,4110,4117,2,0,1,0.0142
cleaneval,e0b18a17b39cee807e3941de2f897274f2355154a4a8254299e0c8417992a67e,0.593590,180,74,19132,20731,73,1,101,0.2002
cleaneval,8d4e25730d88d36ea5e09057e4842666d81f762d6d34bf0a0bb61f4f9fff8989,0.748176,103,34,10681,10551,31,3,19,0.1094
cleaneval,1ccf88c6aa85636726426369a2b79b115cbdb88ade41998c496e3d8575b2b8a3,0.516854,38,6,1468,793,3,3,4,0.0834
cleaneval,f962816c11bd9fe4af04dc479ae5ac4a321ce6de8ba227e6f7bf2c6c97bd2950,0.591756,47,35,10442,10386,35,0,4,0.0721
cleaneval,5dc42f216dba465957199333a5640e9b20297b855c45a3984338bda807262cdd,0.757233,29,22,8085,8087,22,0,1,0.0547
cleaneval,bfc504ef2e246718198a7fc025ef5cce660d902680a751d0ac5251152e8fa3a1,0.254237,87,5,625,2152,5,0,37,0.1236
cleaneval,6eac95f4360b08ab974c68a898ebadd20ec1e4b4e6b1c079aec5478932e98938,0.619326,153,65,9155,11642,64,1,78,0.1665
cleaneval,195b565c1925b403a11ab2893c800c17ddaa5113a18b06863b2da9e04ac5dd96,0.320540,115,25,3027,8198,25,0,61,0.1347
cleaneval,084cdc54fb3105868bccf6ff4c00e4a8ac35208128dd16629df6e39ed2384124,0.493491,45,19,3949,8673,19,0,23,0.0623
cleaneval,aabea7849ad05e9cba72ae3e31240e9fe41bbdf5b5742eda76e30ccf20834ac9,0.604401,150,62,9177,12850,60,2,61,0.1527
cleaneval,a28a8ac1f8059b755edca5696d0ba41a5843d2ac5ccd7752ed15a6b2320e6d35,0.737557,116,18,7358,7063,13,5,5,0.1256
cleaneval,8a5e2b5ef95498183b9e21dffa0db0377b5a7343dc96886bd457d10f1e63b952,0.705926,244,192,50169,52742,191,1,33,0.2849
cleaneval,4368483054c71bcc75b5dbca8adeef64be3d18b8aadc5ca5e455a6c074945ea8,0.711556,67,21,8025,7499,20,1,3,0.1014
cleaneval,5a153484e21f15317ac2ad92c5ff5569895303de948424e384c1b5dc3bf37922,0.678746,87,31,6360,5869,28,3,21,0.0833
cleaneval,f07f12f45eb36f7192328f2967aa6584d8d36ebc456469d43c3c15e642c2d699,0.015748,40,1,15,302,1,0,4,0.0658
cleaneval,312e14a99343b10cab7340bb7830484286ef7b753b85b5aa292e51f082e5c877,0.767369,109,88,14121,14040,84,4,4,0.1393
cleaneval,952fc207ad723f4c1bf34ce40d19565c165209f1cae41228e9b3fb1e2d58d9c9,0.532185,20,15,2611,3882,15,0,5,0.0303
cleaneval,cdb4b00095ffe716efc7475c87bb526609c5ca31bbcbbee139d2d88499a460c3,0.542365,37,25,17175,13123,20,5,1,0.0603
cleaneval,3a1f8dacecedc2de5568fdbfe0484f70a3b5752baee08fd4cb189b6d34a7da87,0.430785,54,34,14993,11358,33,1,5,0.0663
cleaneval,63128827af552513efe11c6866d01ef0c65e8eaa9011f631b7ce77f75aea6ce0,0.520945,271,157,18533,16175,99,58,88,0.2896
cleaneval,70b604983a02e0c76f896bd970f5c531f7fad489d61a938bff0786042bfcf7a9,0.370758,200,66,6542,9857,62,4,108,0.1994
cleaneval,438570fd1e917aadb4e42edb446ee62871f27c4c7438f28e1eaba6b6f2199b5b,0.608417,31,23,6271,5441,19,4,1,0.0458
cleaneval,e28c623a1faea594583a806d36a87facc90edc71dfc84d4f3f14b7874573d8d1,0.639640,103,47,10480,11054,46,1,25,0.1096
cleaneval,1d9d78f4831bf57a6ae8ca23d601ecab55dc29fe549259857fc46d58839d5a6e,0.596491,66,17,5122,3796,15,2,5,0.1314
cleaneval,703267a7476c277aaadb422f82bc89d161a5d24fbfc1a55bf9302add9ec0587a,0.702460,106,41,10556,10209,41,0,32,0.0988
cleaneval,dc5ccc9671a72412b188c04074da88f0c5b1baf3251624d6cd9b5637d0a7c53f,0.644983,54,48,29769,29495,47,1,2,0.0667
cleaneval,3b7b798994f0de8962ffd429c2e01eccae393e6c652eb4f4da1861783e71d116,0.199017,32,5,1055,5992,5,0,26,0.0437
cleaneval,363ba9545e6169c56ad758002e0bc71be067501702f652e89eb56e83e0d244d0,0.421708,104,34,4020,10019,32,2,58,0.1048
cleaneval,ef3ffcc1624103b57baff4ec075f9cc85e5d7ac718c7f3065dbf26e66e5590ea,0.507454,112,32,3854,4504,23,9,44,0.1195
cleaneval,64e7972dc21de965fdcb5080dbf6ee25ede4947a23cdf9463ac6c97809e31de7,0.427355,586,189,11923,18781,186,3,307,0.7923
cleaneval,6e1b920b60f3a27d1b000ac007bce559ac8f8e18f1308d3957330674dcce4e61,0.654282,11,5,4488,4495,4,1,3,0.0207
cleaneval,a8baf01542f007b70943f3ef5c8ce766228481c9a7584cbd6d520b75f04daf22,0.535479,147,18,3874,7081,17,1,74,0.1354
cleaneval,66ae34cf0cb2d8cf003174e483ffceb22199f2c3cf2bafa260ad13bc93f7e770,0.733348,50,20,5876,5840,16,4,8,0.0855
cleaneval,3d7a7cd02b53dd25f311510ec86e714572a7f337d3f65327950746e8e07cb27d,0.725275,42,23,5239,5594,22,1,11,0.0554
cleaneval,a24808e810c97e43b0e324e80e54fec759647c20412effc443e4185ae231c1e2,0.752012,78,53,10755,10474,52,1,8,0.1090
cleaneval,b5f55306d57d35056174cfff1311fc2a3c7bf46bead35a6ee743e4abd3848973,0.234043,14,1,77,209,1,0,2,0.0297
cleaneval,10fed71b27e886ddddae8b01b95ac7c35b4ff240ac34f113d4a4ed2b348532d9,0.395710,342,112,13702,33214,112,0,201,0.3290
cleaneval,c8126ddacc947ce1e2aaaf9f216c2a847eafa7e79f7ed2abc657e6ed2ce40b1f,0.214564,56,12,1052,3219,11,1,29,0.0686
cleaneval,a3295a44b6859b5f135eaa13bb88d9fcdde38d5d6c1785f358d5915962405a02,0.711000,69,12,5847,6245,11,1,17,0.0918
cleaneval,61fdb54e5c459e8067aa2a0456c6ce946f570e54256140b195d0e55bd97b4ceb,0.677742,157,78,23631,21196,73,5,38,0.2357
cleaneval,ee04a750cfa5f6ed70dfe4536780bbac482ff4af75934822c539396426bbddcf,0.241950,206,52,3010,5427,40,12,63,0.1907
cleaneval,1ab43895ba171ead28ce0304ffedf566bfe24882b27d3093fb3ef761b9bcda00,0.646776,168,90,42098,37466,86,4,48,0.3077
cleaneval,83004a19b0eca11ec7c6101170cebde246344271b49043dbb8bb1a65a407f787,0.048527,34,3,302,984,3,0,7,0.0577
cleaneval,0f660f3687067b7f4d9458a9789d1c9aabd42725a5524c72592552d29f305f22,0.562736,50,16,7138,6028,15,1,5,0.0673
cleaneval,167515ad7b45ba290688d09daa79e882ae6bf06d3e8115d6e73501e4a67a514b,0.787052,102,91,16713,17276,91,0,8,0.1069
cleaneval,9c5bfd4ae2c8d904a4e93c5b7ee03c647c0cb97c94b7c6410a42e22bc0ecc837,0.401059,117,62,9486,9264,60,2,43,0.1410
cleaneval,bf2cf70e8476caf679189bfde8d8fe0b444bd2ce54c7d68d77dbcc36228ee684,0.504941,181,58,8332,11362,49,9,40,0.2300
cleaneval,0eabe82125d1dd0e1061f743faba052749c4a0edb4b4421a782f8b76061d065c,0.133333,90,9,554,5212,9,0,67,0.1174
cleaneval,3e792e4849bf3f09aac2cf8c091b34aea69927ffb2db5c22a19f1158d766e90f,0.681047,132,94,15345,13912,86,8,8,0.1295
cleaneval,9a10c0b9c8737d119a5ab368733f06165bdfef5df535df8b29b6dc42c96bc14d,0.657444,76,20,6421,7184,19,1,25,0.0851
cleaneval,e76ef3ea24d5917e63fd7a13a34f4249462de054aeb26dcff7f990f0def7a451,0.631746,76,69,27025,26820,69,0,7,0.1092
cleaneval,deb70acb8b87adcb0950eb2e469c9ce7c96dac1a034fda3a73781c84998619f9,0.633031,57,52,14285,14512,52,0,5,0.0695
cleaneval,c0a14ee8a803804c68c69873fa9122cd66fda002bb568a847aaa146cd219bc0c,0.575300,115,50,3721,6159,48,2,61,0.1146
cleaneval,29498b8a60a204af9597fa5f37fc37af38c67f2fe9fdc886fa6d5df44fe71499,0.688207,62,7,1527,1895,7,0,6,0.0933
cleaneval,e7f22d43888ac75fa232b9fc53af7aeb127ca02b4ee58f1237e8c06eeaf31b20,0.685210,87,49,12080,11375,46,3,3,0.1760
cleaneval,b043e0dbb03bbe2e155c567742e5d0d17bef6d033a7ed02a53ba965faa770ec0,0.000000,1,0,0,0,0,0,0,0.0091
cleaneval,10fec916c7c2a7cc279086b5b3a0db09a20038fec0c84ccf857c03b2485bb2d8,0.755679,58,45,10930,11230,45,0,4,0.0803
cleaneval,a01e5c05e15193a988d7a990dfb769fb50251e993ae24c4ec64582371807a84d,0.672779,476,349,52256,68634,348,1,122,0.4005
cleaneval,5596123cb45336e61ef2a6a9cc0658f4c6aa7fa794eaa3ee9f4c9d09180d57c7,0.744235,45,41,14197,14119,39,2,2,0.0654
cleaneval,ac141be122828845a46ebc8da82496153753388bcc98d3e3225cc2b0260c83a3,0.753723,136,63,10808,10539,59,4,2,0.1470
cleaneval,1d0151e7786d0451a9fac534db85c9b407da70dfc097eda37d56da3c8d012330,0.169550,73,13,693,3855,7,6,9,0.1242
cleaneval,8f28ea7c4d77b03c0233dd66c4c801a0b257ebbe92ea907b929673f8eb2aa4bf,0.588539,128,22,2235,3531,21,1,39,0.3975
cleaneval,036e06ee1999c45c768f07d6f5361487723e3b5071811434415ba0481bab796c,0.000000,23,2,63,5549,1,1,9,0.0554
cleaneval,fa77fe5929fce9b27a1a3452f34a9d90d9cf0823c590aa35a00291f76253323a,0.816634,108,62,25198,26532,62,0,30,0.1243
cleaneval,7c32b4ec2268a593dc1acbe44ca25468171c6fd1fd91c04626d9950d00ed990c,0.715780,23,15,3232,3045,14,1,3,0.0410
cleaneval,6ab4f994ba0cbe6c6dd23bfee3583f539a34e52cb849329314c7c8bd618bcddc,0.490677,34,13,1828,1314,5,8,6,0.0562
cleaneval,b5e1c8b4b35a83bf9ee08cc014a6c72e473750a41a6a8d6a3956cc51eff1f7bd,0.737402,62,35,4840,4996,34,1,4,0.0721
cleaneval,c9b0476a59c6275c9f7abfc9037c01a73475478a9335ade134be2fbe48b5fbae,0.413978,10,5,304,699,5,0,2,0.0224
cleaneval,0f763c00e21f43bb011a8b0e5fbcb2c3591abf43de15c7336bb8d8d1ece9b4b0,0.706468,202,121,23714,23434,118,3,55,0.2047
cleaneval,3c386d70602e0220de2411f9099cdb65406f13255a81c9e65679fd78a4e5e283,0.738575,20,14,8087,9594,14,0,1,0.0317
cleaneval,101a02e9cf3006232be5bb50d5a0f1030868b9144460dc85db21cd8cf4b449e9,0.668944,80,15,3567,4056,13,2,17,0.1200
cleaneval,0d6719f5f6805bc7e5c78f1e666a878243d582bdc911fc388b42cfea11791502,0.078368,185,21,3526,6141,20,1,95,0.2548
cleaneval,5515dff91a6a9c1d64a33dd4623e6508af118dc2205e6600ffee9646b431a45c,0.358028,191,76,6779,11364,66,10,74,0.2349
cleaneval,2c5d3b89e608b2772286c3d3e4547f41139fb8a937fca8a1dc3e922f0a62da75,0.777778,39,27,12261,12333,25,2,1,0.0632
cleaneval,4c59fd9dc81889af7ec31cbc0baefd595b7a8f0b00863c6b5b7a679cd6e2c087,0.594546,122,103,29748,31754,102,1,13,0.1795
cleaneval,86285a533d3a53243b4df1017e87768c4e1818c5eb39b93c5e62e8ec2486c249,0.587339,235,190,29012,29727,185,5,32,0.2202
cleaneval,9aee019c7b7dbbf6f70fea56895d772adfd2146f7ad007047cba4d3f613c95c1,0.000000,22,2,476,0,0,2,0,0.0343
cleaneval,130d63b977a9f6692dd587c1244ccbe07a0da2794953e7b1b18c5216c928e9c1,0.681829,65,29,5176,6136,29,0,14,0.0795
cleaneval,e38f2ca8845144dd49e1b58a437c6466663719e095afe2886ae0e730146b11b9,0.745360,75,13,4603,4191,12,1,13,0.1020
cleaneval,34e3e66321dd0b5e5b04cc78a0387f3849996094965553d40cde55c0c6cb1151,0.747212,27,18,4670,4631,17,1,5,0.0428
cleaneval,2bf8fa52eb3e12a5cff2b3582f7ac497ff188fc77247f4abc593bdaba5ab45ce,0.395107,83,37,9828,9909,36,1,24,0.1069
cleaneval,da8d5027bbb62a2196cfdf03cc947582b2104be0017efb7de08edd57b48c8401,0.474672,93,38,9681,7594,32,6,13,0.1041
cleaneval,41b897e83dd1db8afc46356e0b200b3c4e1419fce011c46769cc1b630dc51a51,0.661492,30,18,4524,5544,17,1,4,0.0491
cleaneval,dcb0e17c642259bf4e0e29b71975980790ec376c07b532c0dfa6afd995e8817a,0.647321,56,9,1107,1318,6,3,5,0.1030
cleaneval,df8bca24e0c55a89804292f0cf927508f198f071712167f30e697a2866e7a804,0.360337,44,11,6775,13334,11,0,20,0.0745
cleaneval,f256da278b3c7f2b1e5395647bdcb641932fc7a99cc4007f64524ac19f69b266,0.210169,102,17,727,2249,16,1,66,0.0977
cleaneval,ef26ba35a39eb8dcb578da384754f95555dd164e3830fa75e4fea14d7c07dadc,0.657388,260,116,18755,22948,110,6,79,0.2836
cleaneval,f2b59ac9ce5ac4171d24ce419c3558474e798595b49e77baf69cad49eec9e244,0.000000,23,1,40,0,0,1,0,0.0569
cleaneval,7b398d99e28af8b249d2bd8f0fbb4f1bb7029e2015c73eef7fb2d7daa13f71b1,0.699043,323,149,32755,34842,149,0,66,0.3091
cleaneval,4550b46d5f793b8cc0ad6a175fcb49743168df74d0b8ed099d3cb9ba01409bc0,0.315074,290,40,4552,12058,40,0,234,0.2550
cleaneval,f4c9ecb150efe876deb83c6c0bd070708a5955dac28bc9f1c4c16fe942f3c187,0.615077,123,13,2333,2745,7,6,29,0.1914
cleaneval,be61bf15f0d1fe5446fa90e1b23ad3209343cabd3f32fa4c34ab3a582ba7fee9,0.715486,100,84,35259,35602,84,0,7,0.1178
cleaneval,4f3800ea26ded31270eec32bb4701fb19c9858dee8d9d41c758c9653b4174117,0.472202,62,29,2957,4166,28,1,15,0.0690
cleaneval,292df1daa3125755f03d7b397e727838f969a70319cb7eba27d4a5947f43ba76,0.442177,21,10,3121,2444,10,0,1,0.0419
cleaneval,62eba44ce44e80f989c65335e36b56434d424c26341516a2486e20038095d127,0.561426,80,62,24143,23919,61,1,9,0.1084
cleaneval,16f79130b02ca97a4c8d8bccd397364ab28076036172f054d6b1a65f46f95b51,0.708427,922,407,37617,45315,405,2,457,0.6067
cleaneval,5c6aeed5ce2533b9f9efa71fccb89ff891e650fc1ddcb3e8aa855bd1053848d2,0.739316,168,131,37280,40738,131,0,21,0.2324
cleaneval,0ddee96bb8e1078b1014395b8801e26d039c27f38fba7b9d7233fd58239553f2,0.474805,30,18,8133,6111,18,0,3,0.0501
cleaneval,370b3eb1fd3d89f92c5316f71bd3048cb147cfe9b2a4b01d5711f2e6f77bcb63,0.675952,35,10,3117,3252,8,2,11,0.0543
cleaneval,653437ca3d10aca8d85a013ede6b06c4bba8a272c3002fbdbe41e58bafc394e2,0.590249,78,61,24190,23878,61,0,13,0.0915
cleaneval,aec3f8058c7b13be03906b93ac2a7a1fcf9429d731f5d7fd4094b549a4e3fbd7,0.709198,135,110,35126,34400,108,2,13,0.1491
cleaneval,3160188ffdf09d03697b14f575a9ae8e617b033e4502d4fafda08a72a63529e2,0.632254,153,133,24232,23685,133,0,15,0.1543
cleaneval,7cc31b327ea50e19f2328532626bbd2be6b700586d06fa030259286247979da0,0.475981,26,18,9883,14783,18,0,3,0.0498
cleaneval,ea1094a8dc5af38646286071ef89d2326402cfba75d8de79e690ea12d97088be,0.768842,120,77,16356,15796,69,8,21,0.1656
cleaneval,d24d97956b5d1a074a1256c66c66664d12576a88965ddede97686ae97059a6dc,0.745505,44,31,6079,5960,30,1,2,0.0583
cleaneval,568499abf5d2d7049bf9f5f9aa0af5e6ac82a1e89d24c57d36c6b76cabae29f9,0.636651,154,80,30104,40927,79,1,57,0.4582
cleaneval,850f7ac92dd8329961707947def8a961fe4949ce3217adc0b0de8bcc9cf4be35,0.787776,31,17,4002,4214,17,0,6,0.0433
cleaneval,261a9e89e706916ad305105b8815a96ef04a10f81218c848a639e9c028a630bf,0.574811,173,95,14660,18423,95,0,76,0.1299
cleaneval,31ff069ea5bbdebbac02dbc3b5fbee66c689419db1740a881e3af2cec6bafe78,0.277372,63,12,810,213,6,6,2,0.0872
cleaneval,a86671593cfd51d5e31af353c88638b6eb2b3ff2f39788d600e2983290d21895,0.752232,113,84,29975,29560,82,2,7,0.1318
cleaneval,ab0556880e1e7985b820829755d90a76fbb352a7201463c32bdfc9c531ec7bee,0.725580,127,45,6146,5940,42,3,12,0.1796
cleaneval,f0818d4a07d819600af4f5d190240c14216f3bc73c463df1c31604eaeb9418b9,0.417769,91,20,1690,1637,11,9,15,0.1009
cleaneval,74a9915c8892129cc2ad6fe7ed3bfa61e1befbec7f1a4fc49f56d085be4b40aa,0.477812,79,20,7478,7410,18,2,21,0.0925
cleaneval,d3c5838c7e292aa4831375502067a787978c8fa86d0a334f81398dc4be8b526a,0.795319,49,27,4938,5206,27,0,3,0.0694
cleaneval,fce6a6819c32e2a24723bd33baa170595f9fc72d662f9e2805737a018bd2daf2,0.706322,62,52,11605,11590,52,0,4,0.0782
cleaneval,42b0bf4c4a04b93a07abc6d72bf45465ae9cf9cd882eeced7a08d127a6b205fd,0.764800,60,17,7112,6968,14,3,8,0.1313
cleaneval,76b51c35b747591b846ae7f2fda0f74ce0d5c6963182af5dc544636675f05510,0.672835,73,27,4390,5418,27,0,28,0.1092
cleaneval,5227cc3040c4bd4413786631925e8bf1ae0d5ddfad20aa8efdc01ea134aa173c,0.755129,22,21,6247,6510,21,0,0,0.0338
cleaneval,800348a3d6811174d1a195df16e5bdad262865490468ce18614f6d8768b3ce7e,0.571023,56,52,32230,31767,50,2,3,0.0642
cleaneval,bcc20acbdfd7f778e076740f122aed5c630b7ebb11da6d547e1b21d421037a9d,0.417147,45,20,2736,5099,19,1,16,0.0659
cleaneval,51dc5df99d6e4e62a1f604f53227d5b0044150398f1592a5aac940c139d022c5,0.721306,65,39,9212,8727,38,1,3,0.0867
cleaneval,677a842ab1f8ee5f9c3f945604595f5eef6b75b4c798ff9699b491452fa61796,0.756830,191,134,57036,58408,134,0,54,0.1942
cleaneval,fc1ff4675dab532ba7a733197793e4b5f1c50ffb1bbfa96417f7a6cd0d8d4458,0.446763,43,26,6933,6072,26,0,8,0.0686
cleaneval,93f1bbaa7790482b1035d4a27ed700119cb6ffdaec5d9000f862061c1bf41473,0.556130,135,25,7278,11282,25,0,60,0.2240
cleaneval,30327c5468faf868a4bdfd1884297ae1b9b269f51c36401914fdde4004f30cf3,0.616858,32,11,5996,5950,11,0,9,0.0627
cleaneval,40e0e8e7b2f0a18ad54545024fb6aa04137cd1b93dde7d7451b5dbcb4dacafbc,0.650600,138,86,15371,18628,75,11,24,0.1668
cleaneval,a4d53c69657e0d0683e37f3ca2f2e5118c880ce481b9f41cbd8d4fe084f31d71,0.641928,198,105,21559,23405,104,1,60,0.2522
cleaneval,8b1f646bfb359c8dcaa1cdd6af9d039f33e5aee4999549a2dbd431db89548392,0.723527,23,19,9201,8935,15,4,1,0.0402
cleaneval,fb522922ae5641db45b9532dc5b7c57810b94379f80ed2b3926c5c0bef90c126,0.747969,484,162,26698,26584,138,24,105,0.3773
cleaneval,5e1d8a407913de0c234a6e6f047911932504487c8ffda23a0a33b7ffae77cbd5,0.549008,115,38,5236,3942,25,13,23,0.1479
cleaneval,467da4a44e1d31f27d8b15fe65d5c568e6d7d169474cb7feec5d7f3f7940dcd5,0.523765,84,59,16187,18117,59,0,24,0.0902
cleaneval,1ea9731683861640f85bf3e37fc46dddd63268ffcb32b81edc7504442d8547ed,0.787330,73,44,18137,18049,41,3,8,0.1133
cleaneval,e7a66dca4a98dc1a41090a58582b1c5a4664535d7bc1e32298860cccff32209c,0.451575,119,21,7422,14635,21,0,75,0.1977
cleaneval,93d93d1cc93054ac2964c47c9408faa7e8f2db866e176efa126b0746d5e4c4b8,0.140255,170,22,897,4751,22,0,139,0.1531
cleaneval,d4372c0b0f2af6880f33a88add856ae9226d657a06d75c9db9fe11532c13a7cf,0.254200,90,37,13264,11391,34,3,29,0.1229
cleaneval,cf810b24928f6976a94cdc506ce81ae3d9a4cdc2ed433c6e68860977f162fc4f,0.631362,43,9,2274,2255,8,1,19,0.0702
cleaneval,21dab7e4d3ec0c8181701ac9996f59ee20ac3f635103d7cddc5a0a8d59c9843c,0.663014,35,31,13400,13356,31,0,1,0.0541
cleaneval,85cf432edad31057cbd92ed29ba23a268fbe2077f8e28610f40070224ffaf9c1,0.308848,202,41,2180,6469,40,1,140,0.1636
cleaneval,e1a32fd8e5119bb1ef7eb9faccfe5223d602a5fc51c04e759c7e6617afb3de18,0.768362,90,65,22119,22539,61,4,15,0.1177
cleaneval,971b43c31c05e49ff1c055eb9878cd3b9033a9f82be2411ce3767b0860454417,0.499563,149,34,6438,13128,33,1,100,0.1775
cleaneval,5da461efebe95c9b0e727c141c4d432a6fdcd621ab388fe05f7065462fdb8058,0.712062,60,10,4561,4046,8,2,2,0.0868
cleaneval,fb57939692bacc0c329163c4687e56cbcc97688dd208786b991cc25d99811efb,0.471205,39,14,13709,10767,12,2,11,0.0665
cleaneval,15b56b91ea52da085d7149adff8111de300cf61e24d9990f77b7a0477626a41c,0.711941,132,54,16945,15398,45,9,26,0.1304
cleaneval,2fd38a90e65a0aca5cdf9db3d4a70b077920bd6b6702c5a822ccdbfb34962088,0.601694,31,27,20756,19632,27,0,4,0.0531
cleaneval,dc6d616f65ad51d8f2a58dd37c361e4742723348b5d80d045168cf2e63461729,0.658181,69,60,9376,9859,60,0,7,0.0762
cleaneval,c82183dd10692ee456831be5704f88c65a1c8c7beb07c5d1691a725191cb21ec,0.877181,1,1,6930,6952,1,0,0,0.0099
cleaneval,283f7ea346702e08c2438c8b8aa944b577c6a32ae026b18ce3295a788f42495a,0.552840,62,54,18955,16437,50,4,3,0.0953
cleaneval,c047d2ecc63795ff591b348a0b11fb984f39ad93d2908353072d72fd450521a5,0.606550,57,42,9455,9499,40,2,5,0.0899
cleaneval,33a2c9acf61b15b2ee35ba74af76f7366ad899040f9dbbc01cf7072d5258abaf,0.750409,121,49,15495,15494,48,1,11,0.1485
cleaneval,3a264de05b61eb5fb08177c16613a47fdefa0240b12c63638d5e0ea4f3068b95,0.537281,137,30,2832,4940,30,0,49,0.1397
cleaneval,13a590a378d2748abb746a93d2a4288fc627f63e5f64bd5f248fd2d3ca4b7e4c,0.712536,41,33,12904,15030,33,0,5,0.0629
cleaneval,e94168b3d3ed4c3d0e9905113bc2ca15b17f406f95f8d5d94b2cda81ac69f961,0.723949,72,40,6862,6188,34,6,10,0.1119
cleaneval,f252c8ed9dae4df41dd086e08af96780023ee80535a6717d3513ba88f7df271b,0.701700,215,176,25351,24707,174,2,35,0.2553
cleaneval,c2953041ae2c37a153e6eb9b93ff9357d28fed751330e4b7ade4a1ca5ceaa748,0.451724,59,9,845,829,5,4,9,0.0742
cleaneval,c2737cd20d034da709695bfb269d5e779d41de113f34957143271d41adaad595,0.572329,85,28,4235,6788,27,1,23,0.1019
cleaneval,fbaf8296c91e14a2dfaefb0241f927c02b61f8be756da302415214c63453041c,0.480747,212,95,16457,34886,93,2,62,0.2708
cleaneval,8a3b01d2e575e7729c64b8b7dfc59bdabcaef9888b1db9f13ef4022b631456b3,0.581458,68,46,15285,14503,41,5,16,0.0857
cleaneval,6e5ea27ab5cf549fa9cd937230a6ab193cfa89fdcd628f161078caa27894a1a2,0.602185,51,26,6536,5546,25,1,3,0.0904
cleaneval,b5c0ab2199fe37c1500ccff48ab10c7adaae6636a023d3d70be9223c634ad861,0.450721,240,180,44898,39888,180,0,42,0.2532
cleaneval,321d36e2fb8914cb87e956fd9e65d57c337b2c49d3c0ed78b3b64276f870f30e,0.666075,88,59,16065,12447,53,6,2,0.1035
cleaneval,5d8054775d0a841834fa228ddfa9309e511d674eda0a91a4e4b1e66f069e3b2a,0.561728,13,3,586,339,2,1,1,0.0317
cleaneval,f950ff92b855dfebbd03e94c79b50474827aad014f26510bf16784bde3490950,0.677276,612,255,36825,40877,223,32,161,0.9547
cleaneval,b7f440f19845ec0ed8c7cae5ba97953fa0f6ba65bd55d82b6dc7d0fffc35f1eb,0.000000,19,1,41,0,0,1,0,0.0304
cleaneval,0805938d8af6c43f3ff02d6eca3c31ac9e1002cd29f59e0e3604e344cd65ecb3,0.728927,109,55,15895,16318,49,6,18,0.1255
cleaneval,f07061bf936c1c3a02fe818f93627786cc3ebffbc6646698eaa9038f755819cb,0.434496,54,38,18180,13656,38,0,7,0.0687
cleaneval,34d8a29270e2a27c38e4e93290278f2cb9a03670d1d3e6ee4d594af9bee2ae65,0.746362,36,7,2637,2390,4,3,2,0.0942
cleaneval,9b2a43e92ad091ab36a59d02abeb40ab294ca37525257a435ec5a8c33ae213d4,0.473161,80,32,8977,18541,32,0,47,0.1018
cleaneval,5eb3d1c3f12c4c2fcefb5ca6f50181563f20601653faa89b96ff1f77eb553951,0.373991,62,20,6800,19070,20,0,35,0.0635
cleaneval,b9b73824b053906eb0d4ec7851e52fa5872892c53c8a14fb7d59caca8e281456,0.284722,47,12,643,2361,12,0,20,0.0559
cleaneval,9241cefe8416a807700d4f552d962f14f94f49406acd760cc73879bad5252b70,0.716971,112,79,19507,21656,76,3,23,0.1561
cleaneval,90cad0c15d9f1b4f73c819499068740d278af73d42e9244015f03bbec00cf512,0.653745,60,21,4093,4422,20,1,10,0.0890
cleaneval,091551253839bd14dd0f05bb32fa05d9fd67b12811f4f3bc67269776605c6c5b,0.620340,418,85,25640,28707,84,1,217,0.3356
cleaneval,1e4c2a5c0d8a1438e36fc705f9a04125352c88dbd1bb8977fcd78b169ca6730f,0.540922,160,92,7688,8239,84,8,48,0.1973
cleaneval,916a6851dab318dff634395808fc45724476d04a270d9772c9bdc0a52a13f485,0.552808,197,175,45912,65445,175,0,21,0.2206
cleaneval,7e0482a7d904a79cbf7352102894470cbae4f6e0458fdda69a9162f429763eaa,0.639448,118,91,27949,37352,91,0,22,0.1420
cleaneval,88669b088976505c90dea08e22b5c9c69060ec6734674cb1df7f8c44297f6599,0.593320,93,70,18381,15980,63,7,9,0.1227
cleaneval,00223744f7c2db425cf6fa4547d9a10f565110a948a6c2bd07dc4bc8f2114549,0.742569,66,30,11359,11383,28,2,2,0.1128
cleaneval,16ba209aafe7eea35b05fc94fb84468397c15b73cc5408fb71484fa619aa9844,0.649497,12,12,5425,5485,12,0,0,0.0208
cleaneval,f71800ba1c6a39655b856001a72e52a4966c204ae78ba75b3b3eabebf1825fd3,0.754106,177,109,21325,23453,109,0,66,0.1490
cleaneval,f435153263b139010f688f4274296f52725857fddbc3824857c04df2f4a132e8,0.616430,72,39,6705,6758,37,2,9,0.0834
cleaneval,0719d987790bd1f5e76f20c9bd56ab4935c3899fe84c2ced5d03208254849d14,0.129496,95,5,147,194,1,4,5,0.1219
cleaneval,57c6658858bb12c97a2b7e3d2d3fe65b712213892ce221119188d30367ee1cf2,0.741899,56,45,9417,9744,41,4,3,0.0623
cleaneval,612ab4dbd3119f88a245c8ea43e1f771ac2c9b18c3037f88a766a609f5e50d37,0.497787,69,37,9454,8624,36,1,18,0.0854
cleaneval,58810e15a88c282b979bf253c34e38de4a92b16257a2f0eaf4df0dfac35d1d10,0.579532,294,86,11207,13183,64,22,176,0.2411
cleaneval,06d05011d3443539cf4e0bb2dbffe238a4db9b3f5346d6e89632f6da60a38e75,0.745285,241,177,47465,47477,177,0,32,0.2800
cleaneval,7eab3b7e85f67ad9d1e05599d97b6f264f59c64edd57d71c2a7302fb2cfc3dce,0.620607,149,131,33765,32636,131,0,15,0.1810
cleaneval,5d52858725363f2f101e410396fd2c7ae93bae00b71f7e05c35760c27fc7f243,0.741975,60,36,7331,7855,36,0,22,0.0665
cleaneval,9c1c8985bed909b4b8f2761576328ddcde4588a50479d2862f676565957b8bd5,0.722848,113,14,3329,3128,11,3,7,0.1114
cleaneval,770a90f4dfca01eb8e2c53c1dd2c1a387cad921e0337735aee93f8c33f02c91c,0.732761,183,132,30933,28724,115,17,13,0.2204
cleaneval,9aeedf918a24b329823331ca96695f9b4fad53de0bd084041f9740703d86692f,0.571354,27,14,4577,4082,14,0,2,0.0453
cleaneval,fa6009040d39ed37aa26e7d34388ddf95a5e3008b4407e9e6dff428d135548ab,0.618182,243,32,5532,5248,22,10,27,0.2044
cleaneval,3948dd482941d9c262b37b029c2f9ce9e791a5dc846988b10a6619586c579b6d,0.518458,217,35,3020,3675,27,8,39,0.2100
cleaneval,6e64bd40741d874297e77f3688bc6bfa442b6fd32232f01d6146903dacbd8b60,0.531460,205,99,9996,15455,99,0,94,0.2125
cleaneval,07b889d459670a7ce32c6efa97503ca581d008c0c1aab46350c3605ffb2d2e3d,0.736340,43,26,5786,5859,26,0,2,0.0677
cleaneval,abc7e892092e5ecd6ee5a755e9d37b30ad29aaddf19842328460141762014ca5,0.135894,67,23,1549,4614,16,7,26,0.0815
cleaneval,a7eda9bacb6db001048d4d7b5bbcee7aa6a6c3999d2336ec11bfeb77d540da4b,0.671640,74,49,19105,18474,48,1,2,0.0921
cleaneval,db6f357c5f033153e0318624030da2921c2a5f1a543f41633b49afca75a44b83,0.634843,67,38,14815,14655,37,1,17,0.0818
cleaneval,99f2ad8ec19bb5ebc5c15906148ca800489cdf1dbae9c33787f5e2cec2b3d6b2,0.629758,47,7,903,644,1,6,4,0.0708
cleaneval,499db66d8e7c1ed824ab18cafae6630134065142d6b1eeb2faf7d1c97db92490,0.542156,68,33,4480,6223,33,0,28,0.0833
cleaneval,841ec261a0c3e599a06d5019ad03dd29099b68ec2e72ff1e0f68825feaaa3dc9,0.685083,64,10,6914,6727,6,4,22,0.0804
cleaneval,bf789aefaa86e6be8fdfd0190f2db7488dc24f3f702eb42761ba3b99d8c589b3,0.665327,83,31,8407,6936,17,14,11,0.1118
cleaneval,9ea8ecf9f96b2f05d4c0b3503d917415c906aff3221eab8ed927bb87b29a3a2f,0.476473,95,28,5752,7518,25,3,38,0.1156
cleaneval,11f20b054848d8b8d6432e77fe3cd75824960a97d31858bf53cf373801c7be39,0.246316,157,28,9242,8140,26,2,48,0.2758
cleaneval,3a09bed48696014f812a3f3484028a4299a72255b1f2e929809c220cd0f1b66c,0.367925,66,13,692,1090,9,4,23,0.0833
cleaneval,a2967f192d9b918d3d94252239977486eb3008f054e06764555ab85de140b00a,0.614118,81,43,5129,6171,42,1,23,0.1025
cleaneval,33382b660a40813782f7248b0a75d53dd821ebd4473763f20b0528e154348f3b,0.513653,201,66,6529,4700,45,21,40,0.2087
cleaneval,68745a66a93d4857e83b6ea6ebcdd85074ba315d9e648b6730e4d1a37c650aef,0.492375,417,160,22866,32685,159,1,196,0.3694
cleaneval,abd4e01e840d4bd4909b3c1da3d9f39938e2f9bc6ba7adc15ec2e4a1b821fb2c,0.614110,124,85,18717,20074,82,3,27,0.1721
cleaneval,d80bbefb28fd42f422b4b59f015c9e7a3e1a47e37528cf7566b39d011b97e6a0,0.442464,38,21,7306,6261,21,0,9,0.0554
cleaneval,c73ef1d89d1f4790c58f18de65fdade36f32cd897483d5210751949eb6dd7856,0.602353,78,35,10791,10734,29,6,25,0.0815
cleaneval,c92e2488a573315948f62fe6cb14ce0f927c5023a4c01431f22eaee3e8f2da8a,0.720385,49,20,6429,6117,18,2,2,0.0679
cleaneval,19c016b6a49d8c43b72d935ca8289d8b682f7b7d89481b217399d5b0aa38b1fe,0.632279,59,29,5276,7451,28,1,20,0.0840
cleaneval,67ffb1ff8e98551cbd45efeff79a06a6548703a88ffbd32ad1b9690c1eebc559,0.752663,94,57,12287,13406,56,1,15,0.1224
cleaneval,1e4ee0d624fbf2cba836e9a72e686c9c30f0ae065ae2d6d1a6b655a9ff24acfd,0.619551,116,73,25152,27974,73,0,25,0.1519
cleaneval,54c17cc5acde839e3c119889e2437867790ff32ca6a06f51e9f3d3fe020e1352,0.409241,159,25,2082,3738,22,3,56,0.1494
cleaneval,799b59b88a9d453d3a31ebdacdd9d417573b79e88254ace9968ee136fc90af4e,0.568132,364,337,76892,76083,337,0,27,0.2968
cleaneval,f4826b2152a9c37bce8ec0eff5e8c21e37ddc644099cab2570b1253e07d9d5f2,0.491446,551,104,6600,4597,72,32,185,0.3712
cleaneval,1ca5320795b7cbefeaafc12def5cb26a6a0f0db50d8171a5846128ec0c625b23,0.772876,46,5,4710,4785,4,1,10,0.0778
cleaneval,590f47629bb777790378538d6ce4008d074c2f5a161e281b22f7beb5d87bfe47,0.635862,135,126,40296,38704,126,0,9,0.1752
cleaneval,272755bff006b4da41a0b2e74c625d521d52ab7c11e4a4386fd0d8b0210345c2,0.082695,57,2,261,3371,2,0,42,0.0633
cleaneval,3d3fa011d32079ebaabc4e0014747571bcceef2e1e06f9b436ecc912dd1fee99,0.556735,381,162,34976,55909,162,0,200,0.3645
cleaneval,90a9b7fddadf7dea3917721feb3670bcc4c394aeda6b37a093e4152b442f65a8,0.650409,32,23,8953,8997,22,1,8,0.0534
cleaneval,7c23f390e918767cba2215f684fb7b4428da44cb66e901fabd2c03142f1ae657,0.676487,99,50,10736,11066,47,3,34,0.1372
cleaneval,d8b2eb5760d866de8983ca5c1f42b683ebe3cc613addf471be4cb0bf981e9a43,0.784013,99,91,28984,29358,90,1,2,0.1139
cleaneval,3ad60449856987026facc79999f6652c417943050e961445b4efe376fa644ebe,0.716747,102,21,9152,8741,13,8,9,0.1160
cleaneval,0f27708b25d47e149cebd4142584deaed61ad27e856a5f421a1c3802e4371c6c,0.738183,412,158,46332,47816,149,9,106,0.3695
cleaneval,2cfc92acc34b58a3e1fc6614cbfc6dc07a28e5bf138f9e4450c7155394bbbd33,0.781264,67,61,16476,16983,61,0,6,0.0740
cleaneval,d65b47eb01750f28dbcf64281e232b2aff3cb281ec5926f33565b8f69de0c92a,0.400174,158,56,14363,42059,56,0,95,0.1832
cleaneval,0839a5ee0fa2c39c5c80a713ad10fabfb9d76eb0798a2a3796c8d66a9cc7863c,0.583026,53,21,3736,5713,21,0,16,0.0645
cleaneval,0f554c4b69c362a950ebede1aaf8b189a2b6c3d6576b50b348050b03dee016a8,0.494847,322,151,13783,23348,147,4,155,0.5732
cleaneval,777c3630333f8a4c6f69c4e6c96d23a9334b070f3ea2de7fc50869c94fd75539,0.750924,100,66,17981,18343,62,4,14,0.1355
cleaneval,e3f6055f2ea75d24ac6096c394b29bb9d18e72a5f7e3aae934204ecd9fa3ea72,0.579752,91,67,17744,16669,56,11,6,0.1026
cleaneval,d06dabb01f41c93fd614cb4d05ebce2af6035cadd0f85dfd3cb6b4a11fae07df,0.701154,118,21,8785,7779,13,8,5,0.1294
cleaneval,588ccc5b201c9f7c78131fa50552de00cfa43b48a36eafadd7884f412d7c0bc4,0.578243,156,82,22710,24338,78,4,15,0.1538
cleaneval,a9a3e4966a0ebe0fd96fd6ec6acc0a2e972ada0c44007a4877f88cd4a3eb0f98,0.598378,344,123,24594,32060,117,6,143,0.3697
cleaneval,49828072577a3e5904de8f4fcf831e8b6d0576f8e6023d800404e1c648d87596,0.475919,68,37,3585,6162,37,0,29,0.0790
cleaneval,508c617b94a74d815dc00d8f942754cb59096a6e50d847e669eaae8e9f6c84e3,0.401685,62,34,5019,4770,33,1,10,0.0925
cleaneval,7ce7b620aea34d62d86e1318533d81ccf6f67a7a8910030e7e6916d5ff7efe5a,0.488433,143,80,10763,15357,80,0,56,0.1428
cleaneval,771d3e640027a72555cde48150d47a07693081ca9e843b3bb740430f29032042,0.495264,49,10,1773,2514,9,1,17,0.0703
cleaneval,4be74a50f3de596b7310574f8bfd79c397c557e82177b60670ba97281b99e96d,0.670064,173,124,20858,18850,121,3,38,0.1653
cleaneval,4a9df9bc4fc5b42a5f167110410b66e63ddc873237d9102183761b728bbbec66,0.633165,42,35,35917,36171,35,0,6,0.0709
cleaneval,60ff905e5b6352767e25b12bf05eb0a29baa217cd9e4df0ff0d4f317eca5bace,0.745870,129,100,17186,15994,85,15,9,0.1205
cleaneval,a65e01f9b2977b73829be97942e79160e207e29d93f3cc91ecd4e00b2cddf9b2,0.683873,64,45,7908,9286,45,0,9,0.0661
cleaneval,d2f8accb31d1145394cc5a1da09c663de2251b738e44fbf60973186df02bb6e6,0.545245,197,176,51101,45588,175,1,20,0.2090
cleaneval,7fbc2477fea4cf36f850622a9e721fb2b8888bfe43358c3708a9ac9efabecbc7,0.470500,21,8,2419,5096,8,0,10,0.0326
cleaneval,c76c6e97c513c89df38e4467984056db53b79fee1d4af323f4be281589876482,0.764124,46,24,6877,6895,24,0,4,0.0586
cleaneval,3a7217162219b0ed7171463e70ca5e848c35e2e401e7f311d231a3238cc97d1c,0.326617,137,63,10814,4282,48,15,25,0.1349
cleaneval,0115465583ef71421745dd15eb7f74f298e01a118c31d2a2d5c1b21cf8480438,0.602411,240,116,17836,17908,111,5,47,0.2196
cleaneval,873c7cede1d7523f0ff0d5b3c5a3b83e335e440bf56adf2cb509bf41e3f8b6d0,0.543393,236,109,31778,35701,108,1,67,0.2350
cleaneval,68a31d1bcd6759dcff8d71d20f2cf49ec7870c84950b0ef07e416216090457f9,0.618550,125,89,17179,18665,86,3,31,0.1768
cleaneval,395e72951990fe7df976f7bc5e709ba766434e4e1199cad719cfc763cfd4f016,0.773079,113,73,35828,34525,69,4,16,0.1685
cleaneval,c712089f8b46a7a19cdc3226e164e8ae9885418cc8a335be530e6ccd0b51e9d1,0.672428,225,141,30672,30094,124,17,58,0.2622
cleaneval,8f68b774b84069a920ed282794167deca76b3124a8cfd763d0dee5c6c381db28,0.145310,16,5,400,3793,5,0,9,0.0344
cleaneval,ad045eeda62b656712c65e7e470e491a6355c8c71086d833bc43597400745a67,0.609611,32,18,15598,15247,18,0,9,0.0549
cleaneval,dc5ee6781ff705548a508bb2cd4f352cac52652af3c41a21535bc52e022a6a1c,0.378231,33,4,653,1414,4,0,8,0.0622
cleaneval,3235697f9596b4a5f2877f394fb07ef7386502ed4092474bd65f43d8a6e2503c,0.486981,41,23,6049,6249,19,4,12,0.0747
cleaneval,9bf8538b30d03e7ec73214a8705eb7600d52babfa86cfe4cb993cce053fd5742,0.490505,32,11,2785,2699,9,2,2,0.0731
cleaneval,fcb44c0f5ee027e042390ab7e8f172822d60af2bb575a79fc218e5f7df2c3370,0.716008,52,20,7753,7592,20,0,1,0.0649
cleaneval,571b35096d3abaf75ec05b48e1cc00f1b03996be5c534e3c7f064523a038c08a,0.595837,70,45,11571,14048,45,0,17,0.0820
cleaneval,2327b180d89d7f0555b45e0d690144e0a631c273bf2f33d5e3b11997618de667,0.717175,70,50,18453,18071,46,4,7,0.0938
cleaneval,e3984b2dd7cd050322a679ca4975f54b02a1e7c19792a95ea0a97676afd54640,0.446850,21,4,931,1898,3,1,4,0.0402
cleaneval,6e4d2ca197d7d5550617a46dcc85dead800f7184ba58cfde6b0c5fc0c22cddd4,0.760278,48,45,13070,13089,45,0,2,0.0617
cleaneval,1ac7bcdf4c32b61174af56367af126babbee3b9bd940a0b5f0808a8377ba0b6e,0.226224,135,24,912,4288,24,0,104,0.0987
cleaneval,e66dbf864e6128642bd041eb04010d4c3c6b308cfcd801cf6ae11e05f17f6720,0.061806,88,13,739,4770,4,9,15,0.1052
cleaneval,9fb6856c53943dbd115775de60afc65f5b2d7fc8df7b570e0e9a083205d6bc49,0.649428,31,20,5997,5937,19,1,3,0.0443
cleaneval,521df26875e1a40e24fd726c93ec45c43272bf4b908a45ee25400a8173168b81,0.764105,16,12,8103,8117,12,0,2,0.0281
cleaneval,c498eb2df205689533091b05053fe940e4a777459d09204378b4beaf959361f8,0.604737,48,40,6662,6948,40,0,5,0.0605
cleaneval,a0e63d0c0f5529369d8916a8b3202ce4d257c901d8fca003c8a4533b727bd565,0.242502,125,17,3886,1222,6,11,2,0.1295
cleaneval,b623ccc4b3ff008cf788546400dd3c7d2785e89ffee2ee161880f2d599b20d7e,0.644553,20,11,3835,3739,9,2,3,0.0393
cleaneval,9bade4a2b7eea7b30d492ef9c133fc91298141f50adbec1ff380e10e928772bc,0.610808,166,127,28849,26768,127,0,19,0.1736
cleaneval,6be41913830980fac3cc5ff20ba91f53a4e81aeb91966921dfcbf09099431c53,0.760331,37,5,914,850,2,3,5,0.0649
cleaneval,a09fabbfae89b161b5b41f89ed1f7c84327c55bc03c2e3aa9bc7e9b841a08381,0.717733,82,20,5390,5409,15,5,10,0.0899
cleaneval,526a43e739b75ec982a48aa5b5eeae85e7bf62e1abe731e29ded71f05f1ce8a6,0.576473,117,60,8071,9178,56,4,20,0.1355
cleaneval,43817856e7a9dce9312a2687a8d58f638cce9885ac6bc145a7445544ffc81135,0.639191,102,92,52875,53047,92,0,8,0.1641
cleaneval,24eb0b9b98fc77a705a2700141226741f8c60b8f9d81974686bf74cc2e2351fd,0.487701,50,39,12906,10518,39,0,7,0.0609
cleaneval,0a39f230d0843d5a89305ec748d0df2320f5c9c9d01363a6f3b66c303564d8a8,0.752720,78,45,16507,16413,45,0,15,0.1026
cleaneval,165515dcfb99678b75df71b826c4639b92d9d7ecea43673c319da0e5b61123a0,0.248175,115,50,3378,3729,24,26,34,0.1123
cleaneval,949b480fdfc8e58e34a65f8db3c9ffa77e91ebf857626f75399fbe5e97314965,0.741749,12,6,10458,16690,6,0,5,0.0244
cleaneval,6764db3268411d72650d0ef5e580035b98c8dcbd5c94e63ba0133b74f5e5d83b,0.313947,67,32,2661,6021,25,7,22,0.0865
cleaneval,2ca319aecf289b475d5e50c9a78d0f100fc13be8e542258bddd42942602e0089,0.558101,39,28,9446,8479,23,5,5,0.0560
cleaneval,9772902a5357900272cda856ad8eac87f51820b63e86731d5e02a9a5f43afd3f,0.682846,100,24,2674,2537,18,6,5,0.1315
cleaneval,747087aaa10e6ff6578c80ab099b1ac9d9db0107e77de3ab0e5e6cb5a7577f65,0.443130,124,37,6663,7847,37,0,30,0.1508
cleaneval,f5614b709c937ba9d58c09274baebd4faa2049eedc068b4a79fe75447edafba5,0.391821,99,19,3681,3731,18,1,19,0.1106
cleaneval,81996a239b7f0244e8ef8875aa2ed87676e800eabab18e2fc5b25dfc8aa5a8f2,0.713783,200,109,21188,21743,108,1,90,0.1568
cleaneval,bb7e56ba057a3ee9ef7643f6cb8949f649f08e52bf7c8e06b6c77f8efc5a9ff5,0.563415,36,3,5296,4509,2,1,0,0.0559
cleaneval,10271654e0b2991faa31be71650371f1e274777a10f08db18966d51e58c75cb4,0.718721,46,33,4568,4274,27,6,0,0.0529
cleaneval,37717ee2e122f45e6e2dcab4d444ac33ae03d9d81fe39ad63dc1082e580fc680,0.338681,53,16,3209,3332,14,2,18,0.0684
cleaneval,bbdfd435235a7dfa712dfc84359eab05bb5ba2ed66f9c193298b1b8b43d17043,0.538756,153,82,7838,9227,82,0,61,0.1167
cleaneval,84230f7e22af0e13aff7000cf014d6880b984ccb174d521896762124e481a8dd,0.702536,103,30,9030,8952,29,1,11,0.1555
cleaneval,25ae34612fcb06ddb69cd420e4e9b705b5b3bf637e066308656198e97b059f3c,0.602503,41,36,5027,5333,35,1,4,0.0445
cleaneval,bc0393658ec7164993d5ec6db0e6b9281e1b591fe739d3199b522233b461cd76,0.631424,344,73,8646,6121,45,28,63,0.2999
cleaneval,af8bf4ba84acca129e77ac25d54babbe064469ab35f7e8fa0352b0ca98a4570a,0.673142,71,22,4592,6148,22,0,23,0.0877
cleaneval,c7c889368b8c32782b7e952effd69f024d860b4c9a38ab8c5c990592476d38de,0.597538,76,24,4449,4538,22,2,35,0.0849
cleaneval,2468473a26534e17700485539c9e5778b371c4d20e7bc3225a88585ec3bad367,0.719618,40,18,3868,4168,18,0,3,0.0665
cleaneval,d84407e4cf608228b47c15ca74deb40f794dc057a2864d78cc8090410ad12180,0.586093,66,23,3929,4864,20,3,28,0.0792
cleaneval,b4ad83d67511242fd6471edef0a34b32b237339c4de26017e34c858cd6a63e41,0.015799,206,17,1105,33177,16,1,174,0.4659
cleaneval,09ad2db32a89bc73dd1bc76b99a5873eed62cd49b040a521a287eb558d559a7e,0.673803,113,27,5301,4330,16,11,15,0.1470
cleaneval,562bfdb78c2827172037c607d2ede1af6a7b3cf0cb550544dce5ac172e89e6c6,0.758019,120,74,15927,15706,70,4,7,0.1405
cleaneval,e2c9207b5f1ec69eac2b2342f6d8546d4c8274051ff504bcb9aa1d6f5d0d8452,0.687205,107,47,16020,15944,45,2,33,0.0956
cleaneval,ce3c8dd90c4f229d75aa6f8612fcfed6b9d07df53fd46e9c7d358aecd8fe9f5e,0.608352,216,140,43961,44274,134,6,21,0.2603
cleaneval,f7c0a5e29d46ec9a1129866d2cc0febe200de616161e530cf3c766d407dba407,0.717363,90,87,54532,54284,87,0,3,0.1120
cleaneval,f8afe9c493dfb9e9f7b6a229e737a80772eae097d3c872511d0eaffcd231f398,0.711204,124,19,2156,1909,8,11,8,0.1339
cleaneval,814f3bfdc8d9f644016d34692ad99d7215a35c23e8120df3d6a5bf0c2c4cc6c0,0.642751,67,27,5442,5678,25,2,19,0.0680
cleaneval,72432708806ec61fd72ddc82bb111d3a230d706119a380db455b57098645d885,0.639071,96,25,6215,6323,23,2,22,0.0995
cleaneval,f3420ca4433676706688cb0ea40c721032ae5acdec91a70b2e70ff68a7f77ffe,0.705125,157,104,24765,26101,104,0,23,0.2069
cleaneval,2486514e6b482aa373b3120c8aa7d1acdb93ffbc73582ed52700cf4c072f04cf,0.744022,249,230,89718,89464,230,0,5,0.2774
cleaneval,7090989fb1c1c98e8f3cde27559b31b5c9e740762c03f82e3c13ef95106dde46,0.737206,99,57,18071,17344,54,3,21,0.1202
cleaneval,ae4b93fc7da313d3201306d46ff2102562a2862b7703a02a3798ec79fbcc264e,0.724349,383,290,60276,59497,272,18,37,0.3509
cleaneval,9da3c1424272bc1cb155a3c51614d7163a9edbd8e63eb39bbf1c86afc80b5606,0.478671,28,19,3692,6877,19,0,3,0.0414
cleaneval,9825eebcc3db29059fecacf2c1f35dcc1b662a3d92f6b51e5a9b7812f20cdf3d,0.496241,61,13,1928,2490,10,3,7,0.0857
cleaneval,8dd5fb47e21af1694f21bb8a16f53a54908e5bccff2d6945ea874a003186c609,0.544278,63,57,16333,13805,57,0,1,0.0935
cleaneval,b4c6b3d5b1abcb6ab8a41c35631741b9bd855919c4a325c1f7b06184d87b3c37,0.419621,63,15,2854,2050,9,6,1,0.0717
cleaneval,7fe23036d98280f9e1634489673a664ed4a893ceec73a98dc3a49a473097aa32,0.554991,169,71,40441,34487,71,0,20,0.1938
cleaneval,a00697643d78865e5f369d2aa008609d19a8d78d91d25f99aa33d70c612ee10d,0.542043,54,29,13166,19089,28,1,23,0.0647
cleaneval,86c5e896dd2e4880baa4fda19290aa024a9273f9f6718b8363aecc9b3019d589,0.480032,130,21,4605,2652,6,15,2,0.1761
cleaneval,725a6c2dbff2737838dc3cfb9b31428d3ab57661e097f744fab781b7c6c9b41d,0.286852,334,72,9200,30116,71,1,243,0.3589
cleaneval,48ecad7268c343d7d243e44af27ed2826f47d5e44be11321be39bb57334231f8,0.679887,34,7,2050,2172,7,0,3,0.0599
cleaneval,71d6b1f29db4d21a6cbbf1cea4db4839d5d360e861345578ea28a09490975367,0.687114,564,203,28451,29788,199,4,252,0.5592
cleaneval,7f9ec229ae8b757998bd3bb0f3edcc4c7bbc1a70965ec488e3411479fd66e9bf,0.267483,63,16,2556,10619,15,1,23,0.1221
cleaneval,441dc4d1b14cfad0ee7c5d46951449609a5dd4137868ecf2b65079026c72ae3a,0.637402,182,62,6791,5454,43,19,46,0.2125
cleaneval,6d003b432e34b34e8ca3a5c3129264fa42eb132cd4af5f2f9f948fc616ffeed0,0.577292,173,125,35544,31997,108,17,31,0.1661
cleaneval,10b9d21e90367021498f3a113dc1aaa5c9b66e1b070e8170bdac7c74813a3b19,0.671492,20,20,8583,8543,20,0,0,0.0345
cleaneval,38b563284cb4430e344d5c0fa0cff73ece3cbc63fbd0f4c4c90c8dcec348f723,0.643581,67,10,3371,3951,8,2,8,0.0865
cleaneval,f580abb90719d1aae3984132d74ff8439721771eb99902df971336999c38f580,0.565828,120,90,18054,19803,89,1,27,0.4022
cleaneval,fc978a62f79142f2bdb3db0126a8fb85078a97df2e4ae240202378b2a78ca05f,0.433501,86,79,21388,16432,79,0,6,0.1104
cleaneval,54eada9c4c58921f38af13020da8af8585ccb1f0558028b2d1695e396f278ca2,0.755062,120,82,14230,13561,70,12,9,0.1194
cleaneval,fee3c38cb1a0dc62491539010117381c11c27a54863f5c851fc5a194e5d2b958,0.488606,40,29,18556,15164,27,2,4,0.0652
cleaneval,7001ebd49d900a7edff2ec247279c17975c944326ccae34169d4ecb2d25d2691,0.681777,74,52,11908,13232,52,0,17,0.0845
cleaneval,1ed1a983634cde1698af2777e831cca6a72f1303cd183b56cfb614042f065642,0.460695,94,33,25674,12418,29,4,21,0.1438
cleaneval,2bb65065a4d13fbc512cbaa93838473d6e3894dd0620eee8da05273e1e1d2e2e,0.564844,302,24,2795,3584,16,8,65,0.2820
cleaneval,8172190ce1bdf6b669c31d8d0ea9eb85eac2375f93bd58c31d6f562d1de8c6bc,0.747968,266,242,162657,163236,241,1,21,0.3550
cleaneval,075c12a974b319e04703d3f89a01a804db0eaf11e825113ef66d5885d9671e8d,0.693948,108,91,19992,19704,90,1,12,0.1444
cleaneval,cf274a1b4e2283bb246f53e28e5008c3124c9590b488008e8ec8f290e8e4611f,0.498465,149,35,5104,10214,35,0,87,0.1455
cleaneval,814458ae9d694b9989d733fc47992daf6532d94537d5c825d35492a5f6b55382,0.709011,50,44,22342,21937,44,0,4,0.0643
cleaneval,9837cb2bf871bd98626f45b67b10a6c510594d5565d722a10d587b88f3da1914,0.596195,106,52,9377,12071,52,0,36,0.1114
cleaneval,e0d31af49f7ca12b7f574ae14c39a04e8a9631c2dd43062c5a3abc2c02cabfcf,0.719728,203,81,13228,12912,68,13,43,0.1703
cleaneval,2508b89fd2f7e788392d02694075ce19042b5452c312d2d717b0e850f7530002,0.780504,82,75,10277,10348,74,1,3,0.0833
cleaneval,fa0866b253eb77157e426db8670e7e4f14c348209a95cd7a52e0b1293b5c1c98,0.641056,37,14,3584,3306,9,5,2,0.0552
cleaneval,0a63e55881b55452003b58c40b9b6355dfa7b4731a7b8dd7c2cd15182ae2057a,0.699410,54,40,5746,5921,40,0,10,0.0594
cleaneval,823fc6b9b60f27e384a982ecb5522b46e6881edf1dd40d690c52c1cd98a62b59,0.363636,201,59,6369,4614,57,2,47,0.1965
cleanportaleval,d6f869e04b48518fbf20e1e1c59dfc2139819ac68d05b5b037ce61755e4fd86e,0.631507,95,24,2074,1945,20,4,12,0.1313
cleanportaleval,59b3b5ebcc37823ac2140b00c7673a0d11dc57e914534578f06f5932a15273fa,0.714887,115,36,7495,6884,30,6,21,0.1456
cleanportaleval,299330920f11ac56a788e64c83be4655d175c080df4db077486e0f9cef903959,0.598140,83,21,3167,2159,11,10,7,0.1139
cleanportaleval,50aff366e1645667404afc8dcb2d4fea6e813e3fe1b8637b15b85e55e6b46f2e,0.536466,132,34,3658,2352,14,20,10,0.2213
cleanportaleval,cddc4cfaf9fcdc61021905b3d83a04e28ad60e8de204db8134512a88244a3432,0.721552,104,15,2631,2438,12,3,20,0.1397
cleanportaleval,274020ec557a087c05a266c78d8900fba92c40f3923a04e4056d70b1d9627110,0.000000,101,2,33,0,0,2,0,0.1453
cleanportaleval,f6dfbb72fc37ac4051d01900b89764e0a64f9dfa3f096099e279c7fcc0c2c940,0.787070,37,16,2653,2634,15,1,3,0.1075
cleanportaleval,c1213c1130b2b07203c11fd40697829c12c8fa1ed805e3fbf5ea08a9a9cd8761,0.284424,97,8,900,1418,5,3,18,0.1290
cleanportaleval,1ade12fe982018fbc10b1beaec4b19ed900596f0ab0c0331ba50393aab4a5506,0.596342,113,32,3997,5639,27,5,35,0.1483
cleanportaleval,a868d08340e472cac8c9f0a7d91abff1607ed1cb829c8d84e7d3d180f9da408b,0.761051,102,29,10377,9718,22,7,15,0.1325
cleanportaleval,a85569b1f665316728d8b8c22bd68808f208519d106b13d62878190aeaea6b77,0.555414,163,70,9254,5496,39,31,19,0.1763
cleanportaleval,f98f00b8ff0df09028e5c1912ba6ef9041a013a8e6a383edd3c09cd173d064e7,0.739115,83,21,3672,3226,13,8,4,0.1108
cleanportaleval,5e938bba0b13b4c9aeac0a5b750e6bd17c06e3ae2daac3ca498b833f4bcce1f7,0.609792,73,18,2236,1677,10,8,6,0.1061
cleanportaleval,c922d440fce2fb672910c520e7a8c1dae9813461f8f53bc048ee9d1b46bb9317,0.662903,114,29,4179,3991,24,5,27,0.1397
cleanportaleval,23ca48906ffaa3721609012c4e055182432415c7fd303d9571648641735fb31d,0.702532,94,5,795,820,4,1,9,0.1207
cleanportaleval,1b322a0b176eed1da9e9ce3719126c4c235efffa20d7c58f9c7e145733bf5ec3,0.673128,96,10,3456,3153,9,1,14,0.1239
cleanportaleval,57a786e84fe4e74253a3a4c209f6368adb99ee178246a8c33a1bf377ee951dbc,0.620572,131,37,3779,2767,12,25,6,0.1438
cleanportaleval,556861516d0bd42f4a18b6dbd4b0411fb61a18c937284b959277d7e6c83a8f8a,0.000000,27,3,153,647,0,3,9,0.0926
cleanportaleval,056e6a00dddc8fec85d8cbee164b78fcebb818756e88cceb6bb5845bc29cc0b8,0.640068,98,14,1801,1501,10,4,3,0.1302
cleanportaleval,57651fea554d98f26063a75f315d339ce8d7941eac32284aba5eae4efe7ef362,0.697427,105,24,6445,5813,22,2,10,0.1377
cleanportaleval,79f67c01944ef4c536a6522bcc64105c7a7bdd22da19519d63f07d961f947b5e,0.730303,95,9,1889,1805,7,2,6,0.1216
cleanportaleval,03608137179b569012a84e791e7460aca698c0186c26d9f712b48d58654f21a7,0.593230,144,41,5805,3842,22,19,13,0.1556
cleanportaleval,8e315efd05a81a6214c3ccbe2b2294e3779f9104d739e0015dfdf0baf8361a9d,0.208955,26,1,111,757,1,0,5,0.3540
cleanportaleval,b217eebd8d4d3c55902b6e128be3263bb0ad76a3089a59de01b52115d8d527d2,0.358037,112,14,978,1808,8,6,42,0.1767
cleanportaleval,1abfd1d8965f5f0409b6a646ade52c1ee5e9ba35f768cdc2b19e2cb24af2fadf,0.644757,130,25,3110,2378,10,15,8,0.1406
cleanportaleval,4a9fec0987dac4c50879a52fc8f797122db08868cafab1ec360ee567e81d6bd3,0.563796,140,37,5067,3129,19,18,19,0.1503
cleanportaleval,0a4540058322d64011e0a2de38b90998b309d268c6860498bdbbdaad792c950b,0.545113,129,33,2728,1608,16,17,23,0.2062
cleanportaleval,29bffae939830a5d9f42871db5a9e94bfb36f1e2606227dd06d7ad9daa7b55af,0.662139,95,9,1754,1618,7,2,6,0.1228
cleanportaleval,5980990f48d12b368a52e665eda8547dc5562cbe2bca01e4869d1ecd02457abc,0.719749,122,44,9430,8510,33,11,13,0.1517
cleanportaleval,4c1161d1a560b3dd606f9dbf1cc4d7b27e1cdc7c7d0817cc3b876fe2342cb94b,0.428212,32,6,686,1462,5,1,7,0.0974
cleanportaleval,c4c7a1f6646c729c163b6e4b50134e3d1984ea7a68a3c3d8a20db80027845616,0.611483,130,37,3495,2367,13,24,4,0.1426
cleanportaleval,ef6c4f8bd3c262c7792e1f8a3d20d8b76fd1294744e1cb6b56c1b6de03688aec,0.028470,25,3,153,643,0,3,9,0.0835
cleanportaleval,1be62f6bb785b9c79cd52aa2523cde01de543b0bc4eed562e10a0e7609e44966,0.468325,153,65,7191,3410,24,41,13,0.1593
cleanportaleval,8d4972ec95c2c09aa3b783180b89f13e772d206db41bdb1b331e2010e2f83d5d,0.747557,105,23,5891,5656,20,3,14,0.1326
cleanportaleval,63465902781c0a2d499c148d02d32b13799205e01507174bdcd4a2be0c623eda,0.251497,86,3,251,766,1,2,8,0.1137
cleanportaleval,29b9cb1f141143151829c488314ac88406cc61e6df9f5d2c975e9852b22bf6b3,0.415684,143,53,6548,2475,18,35,6,0.1530
cleanportaleval,e0185a4ed16841d43380dc378e2f8f336758a7cca517d1ae8dceb9197f78619d,0.705050,119,41,6307,7023,40,1,31,0.1543
cleanportaleval,6d3b011c5e6f1ef6ed2e940679ab87ec348cd4e695344d1bcf4b3d5d768a1db9,0.606512,128,39,4050,4474,33,6,30,0.1602
cleanportaleval,39095618c5448bbcdda5f8a08529d74278f20b77bb98fb9d769e5d73ba0d23a5,0.712612,113,26,4251,3960,20,6,10,0.1355
cleanportaleval,fb5a65df68e27d6064d435576a44a61f8888d5353a742a098a5a75cffac2aef8,0.327979,155,62,5312,1990,23,39,12,0.1602
cleanportaleval,b3bcbf45fce9f2391a183bfda7080a275ae08d8c17767d5543875a2ca74d9e72,0.581976,131,39,3142,1971,11,28,14,0.1435
cleanportaleval,8ad2a544569729be11425ceb751b5ef18d60f577d91ae7d466345c7c6334896d,0.746896,108,24,7004,6754,21,3,24,0.1429
cleanportaleval,3c2d44cccf8d23abeb8621ee1de41a9d5b590c1ec7500e85eafc72a651d1f8c9,0.083425,113,21,982,1485,10,11,23,0.1960
cleanportaleval,d31996a919f8b4139cf477cd509d1fd6ac391ad4e409cf8ef62037ea0a7c52c1,0.645658,101,16,2227,1662,11,5,12,0.1320
cleanportaleval,e011db1ab388aee8e51dcbf4d65a095607c82031078285d06bfc159653fc5628,0.681787,99,16,2199,1910,10,6,10,0.1294
cleanportaleval,86f716fc5363ae9d1f9826332ef90af03f0b60962b509bd05579654df6eb3dbb,0.694995,112,23,4598,4235,17,6,19,0.1399
cleanportaleval,9c07b177ad50d5173c8c795bc59a4eb9e4a583b16e1f72727a75673348752a4a,0.640971,124,25,2684,2703,23,2,27,0.1585
cleanportaleval,dbb6b601c55b55702a705eeaf26f089981ec4b316bc59766dffc9c7104d7442e,0.580967,161,94,12412,7687,63,31,13,0.2270
cleanportaleval,7340bc1affe853806ef836dc68b00b6d9b9b3c6906d877cff72306fdb12627e5,0.682179,102,23,5106,4632,16,7,7,0.1402
cleanportaleval,b1fd005f4e423efc00607f77aebcbfab8a9ef6bb8dede9df1b8f1077dc1bb37d,0.034335,92,4,216,2425,2,2,36,0.1637
cleanportaleval,2a807f16ee38dab1e7ec894005ea7a0d349fdeb2dd7e00ae58be662198b33ee9,0.475358,134,24,2155,1456,9,15,9,0.1452
cleanportaleval,b17f78cf6b85efd0e059006bc994969bae7f4d4a6ed99223827999f22f2308fc,0.650091,100,36,4336,3600,29,7,10,0.1402
cleanportaleval,d52668b0bedbf60945c04da055d86db30dc47eb1bcf7051c4845ea4b0609578d,0.603093,141,33,3740,3487,19,14,48,0.2171
cleanportaleval,202501142ef427aa4bf7f885196569053b0a6a31c8118ec8e6cb153ed097425c,0.557604,136,43,5304,3380,19,24,6,0.2169
cleanportaleval,b0dcb099a7df4dae5e817e333ebf35719b776f3bb116e126a23e8c5db9bbac92,0.000000,104,30,2021,0,0,30,0,0.1462
cleanportaleval,cdc0428da841dbf06ac1936e86b7eab151dff0346530f473b1026667fe52c277,0.691032,83,21,4411,3839,13,8,4,0.1146
cleanportaleval,8f0811555b64e59307d755c119ac9b9acd5f850ba968091b2f76de53303df7d7,0.646108,130,52,7321,7396,50,2,35,0.1828
cleanportaleval,c3aaa59f1430b70c2f52b17dae4e804140eb46c4e739b4c0cf19719aef235b67,0.740683,82,10,3283,3139,6,4,7,0.1161
cleanportaleval,75b398e099d0704930124b7e04c46423cde2775d8c8b26110b745c70560dc0cb,0.654505,113,52,6853,5943,44,8,19,0.1526
cleanportaleval,2f13d2d556e80349bda15af12af56ebc8e1a1e7e510cc587c8a3c57349b61239,0.607880,140,33,3239,2831,19,14,13,0.1484
cleanportaleval,435b4a8833925cb17d794895aa843b933b941cf09e5522610f2cbea24b1e2a31,0.669152,93,11,1591,1342,7,4,14,0.1210
cleanportaleval,d5eee80c614ec796babcd44d547c9ef8bbf0770e13c9be56d713de05c974fc7d,0.670186,110,37,5965,4650,27,10,11,0.1383
cleanportaleval,3c1c6a63dd4a7b812adc97a7eeba28581cf6c538b9762979883fc64a65a4bc83,0.591241,32,11,1557,2017,9,2,9,0.0954
cleanportaleval,d147868656f4909c5639cf7e17523789e986c6aeab3347f38ab12a227521b82a,0.661671,126,55,6114,5655,47,8,23,0.1552
cleanportaleval,894bfd0ee47a4c3f7e5ba44213a23aba44c6dd47e3ad7e82f1908d59156941e4,0.697389,103,18,2776,2436,12,6,15,0.1353
cleanportaleval,1315045d278e45c36c8a8f9043c4f3b4340e15c3861ee66cae61e28ca15ff2e3,0.600410,164,41,4761,3348,25,16,19,0.1711
cleanportaleval,7d38503cd218fa56d81ee78447dd4e04599d34e0be6fa7d41c623256fc957746,0.500000,142,44,4227,2252,13,31,14,0.1522
cleanportaleval,a9fff3aec13d2a2e481b3934f92d19b54615e2f85cced4bd12dc4a887789e59a,0.741497,32,12,3493,3496,11,1,4,0.0992
cleanportaleval,a9eba3e26983b20238672dbcda9193f2811bde9fc4ac9a2f7809fef3f7cb3dcd,0.315068,28,4,322,849,4,0,10,0.3472
cleanportaleval,62027a052950294e7a7dc7fdab5290f54806a474a368e4b34b16ac4284981238,0.651163,82,7,1673,1556,5,2,14,0.1101
cleanportaleval,7def5f607506b47ea523ead8b25a77af2155c0b60333ed5da230605f8885d0b9,0.717187,99,13,2715,2642,12,1,18,0.1311
dragnet,10887e32b19551ad2bb1ece29037991d9ebf6f15c151f20d79cbe9acd0fb38c2,0.848218,89,39,7851,7885,37,2,12,0.1260
dragnet,0f4fb9afbf5f0328fb1021827cea51f67bf452cf376991114a34fd367d459a10,0.640097,87,39,4251,2341,17,22,3,0.1431
dragnet,23f70207989daf6ccae7a9bf98a97ac4f8b7852fae07ea9738f80868fbb9e4f5,0.571956,51,8,705,758,4,4,4,0.0775
dragnet,934e9f17ac45e38eee5072e654ef593e2181b962c0cc8f535e5786519a1261a0,0.168776,100,4,214,1663,3,1,30,0.1606
dragnet,4cea15de6802c09240d9ac0bc7cd34527aa0418c64763a08764cbbd7eb5b7116,0.760227,106,25,2700,1902,12,13,8,0.1267
dragnet,3018f4016c0ade873b2e5e74582dd7ee896e6a3267fac82ff7242a0badefeb6f,0.608696,44,9,956,1670,9,0,7,0.1146
dragnet,773b8339c8bf983f2d8f8485e7a0416bec05aebc17a1f3c977ecc883d4d5c743,0.679421,62,15,2338,3268,11,4,19,0.0834
dragnet,2145b39a6d02d009c490815313585d2dd49730e7be6d2ac4b500e9534dd455ca,0.496230,85,7,2861,1047,3,4,8,0.1644
dragnet,bb2cc9f55b019a3a02bca75158ddb3a8e40c5e9a60ed20669ee05d7078fdb548,0.761251,114,33,9379,13581,32,1,54,0.1298
dragnet,bd39941107c199df96b1f1db8c0695755ceb30a4f05cc2c87f8bce2fef6e9632,0.033233,81,11,430,1415,3,8,14,0.0848
dragnet,7dabe7a14d0f6c2c5ccd4b1d025304693983e878324d6b25ff8d98b3c0a436b1,0.515034,134,23,2653,2536,13,10,23,0.1680
dragnet,bd387c170046ddd8eb9f2d024d78160d2ab8de35df6c937dacf55d189915187c,0.764855,108,52,7481,5482,50,2,17,0.1401
dragnet,b9f88c6682346442b6ae0d681391a74a99307fa166a75d570ea6030560a6ad69,0.570404,165,18,1559,1319,11,7,14,0.1870
dragnet,0f1164058fb103ae4fa3e6917ef913328ee97fd0f1c3c43c9e280ce855336492,0.633729,555,162,21115,31899,157,5,331,0.8097
dragnet,ac36219d2c0623af8b282867dcd325faca224c3210ba67e8f2d556462607d406,0.429907,108,14,1066,2808,13,1,39,0.1430
dragnet,136ee1c65a1ea7ab5cf85ad021390361c8a82131f1bf0e5136e9fa117457bfa8,0.858561,120,75,13134,13132,74,1,19,0.1358
dragnet,ec2d29aa427d2956a5fec40e42caa02300d2217d8be64da271bbaf923748a915,0.346585,77,27,3301,1683,17,10,24,0.0959
dragnet,e54556d34abcc3659844d7d9c99af5ea780e280ed943ad6aac984c7984c98ef3,0.232210,132,9,743,754,2,7,21,0.1548
dragnet,f1580735594446b34d64d2fbb468d758cdf5fb0985a647a28baf7e7239eb3fba,0.795312,146,77,13132,9634,52,25,15,0.1828
dragnet,b1aed40b005fa80300cbaf517520209430b520123f5bcee6efb8731f73a1ba35,0.095522,20,4,146,601,3,1,9,0.0383
dragnet,29130c7cd9095b41de05be07bb7e03d086837a5bccbfc3cd84850c053f7e2ffd,0.561345,57,5,645,934,3,2,4,0.0862
dragnet,e5c620b6fc99475a4670ccab6e5f08b015f1d3590ffd91c3d316a1da4f5c08fa,0.836289,80,17,3226,3634,16,1,20,0.1260
dragnet,ced9e8dd1d943b3dbd48c7fb6f7f367f0f7553669b296f00fa601d91c202f0cc,0.297516,121,21,2368,6928,17,4,40,0.1412
dragnet,643b456445d11b427c2dd67bc55832380ebcdfb117e90d2a7cf6472c0392fe36,0.000000,38,7,316,98,0,7,3,0.0687
dragnet,29d5d3f9abf2265c9cafb85e310dd52887cb72e2a34dcbc9dcf1c0ab3d464c9e,0.742351,180,61,5577,3550,34,27,32,0.4916
dragnet,75fa0e05321c6c1e145f47fa94521c72e59c629da2078bffe341346415f0dbc4,0.829160,149,64,13235,13609,60,4,36,0.1925
dragnet,8a3934498a0ed0772844602b948ec4899929ed86d063eb0eaafbff33899cdfaf,0.832962,68,5,586,513,5,0,4,0.1317
dragnet,2fc8ec4a2f319f2c12e6a50357d12656c46b53290b93faa57097fde69af30ff9,0.756661,150,14,1991,2316,9,5,26,0.1611
dragnet,ee3159110c6b1886e6c96aec97bc1a970b19e1ef0c7d46eeec2a03bda0bdbd89,0.424331,59,12,1325,3795,12,0,26,0.0724
dragnet,d2c1dee1faeead36337833fa984bd56d8539799040da9d504078b2056263e3c1,0.666903,85,25,3961,3304,17,8,13,0.1141
dragnet,8dadfaf71bc0713a59693add3d1d385e4da9f4907e17beb2c842b1dc9f94ad7e,0.894260,97,42,6878,6597,37,5,18,0.1321
dragnet,b5d9681cd47d2fc2bc1d5c05315d3e05cf6d1f6b251196afa96e4a1fd79f07e5,0.751139,194,84,11031,11761,73,11,40,0.2450
dragnet,3789bfd69a5b507fa4f9ea35314afcaf9a63907d79323f50f35342f650e354be,0.863037,95,43,9687,9499,33,10,14,0.1212
dragnet,be43133fd744abf7d7613231f724ea86fbcd1188e03badb2a42e1742574f38bf,0.625944,115,31,2894,1383,9,22,3,0.1462
dragnet,e2e81c2ae34a537c3975c147a5451f3c2946f0ddbfaddd652dc60599272bceb5,0.859043,115,22,3139,2845,15,7,30,0.1212
dragnet,7f02711ec4210e64a0761e8514ed2acd0024f209a4fb507b30cdf5a8e029dee5,0.631408,65,10,1433,1784,8,2,21,0.0933
dragnet,b77f525791f53b95c42d0892e36db290a0e39c93d6d700e17e5a924392ef255a,0.756410,27,3,250,216,2,1,2,0.0551
dragnet,8dfde060b15e227d4b318aded3a64d380cc874f2896e685485caffc99c8e592d,0.810356,66,31,6215,5491,26,5,10,0.1062
dragnet,1d623ff0551b96437c09b6925a374a97a4ec4944c4abafa4cc572ef4fed74b61,0.601631,104,25,3706,4834,19,6,56,0.1497
dragnet,53ea1e9c2a9ae8d8234ffea0224d559f59739b88655e63da7a5dadb6a684537a,0.782989,69,26,3879,4180,20,6,22,0.0943
dragnet,945e4dd8c362e43cae897c06f6741b194b8a4d30daca5a28f4e89d8660fbeb01,0.862913,87,55,9297,8916,49,6,12,0.1110
dragnet,a18e4c3d7be70f7316627c43b015db1412bb8e6fa63802c6dc4c1486e31fe4f6,0.189369,218,12,643,892,8,4,31,0.2503
dragnet,3e502bbbbf62c17ddab03b31608e5ef22c552ad5bdcb9874a3288c99b31192f2,0.622030,147,13,1434,2298,11,2,37,0.1804
dragnet,0a6ae7d7b73aef183fba879a81fbe1b942e62c4b6aee256097afac21016e9095,0.500356,102,10,2923,4355,9,1,25,0.1329
dragnet,1718c947bf8ff2898963d0a95cf0e67ece9d42afbf56bc7d1cf18e927742a393,0.813481,28,7,2263,2573,6,1,5,0.0587
dragnet,3f882db447b304ee273d077f03454ee57b1d38263d11e0c06de45f25f35c68fc,0.768148,376,45,3804,2712,21,24,74,0.3749
dragnet,039aad6007c84da24c9941db0e1020b32961731174f5c0869f9548b5fc4a71e0,0.837351,91,24,3959,3442,22,2,20,0.1306
dragnet,2b2a43ff4486a94a904f76a854d10ec9c2b2cc3f2ba420218733a40608a2b527,0.657534,43,6,729,506,3,3,2,0.0602
dragnet,aff3cfe3eba898fe17085b6265d062ead17ae88e9e23701c92b1c3248762161c,0.138408,163,12,489,1060,9,3,44,0.2030
dragnet,e9b10cec776ac1f02f115d468a63d80aac4b907e898975244458076e87ee0395,0.611916,92,12,1092,604,1,11,4,0.1239
dragnet,7bb4cbce5dade9eb99c86662d73f2172d0b34721ccf58ef6f776b26a34096db8,0.769966,428,137,20431,21494,125,12,148,0.4497
dragnet,fbc0ee14abc453e8f3fa336d73a9bc58d59b824634c9c90b171d3676b9664707,0.839133,86,26,5191,4100,15,11,7,0.1450
dragnet,b239a08faed4ea950a4d4d2be3d2d90b758ce15141b4ae43238e87589cf17440,0.514828,97,10,1535,788,4,6,8,0.1709
dragnet,2ec0de1224c610b21ae880fd2260dbfad945d98b0baac41036a44088b73ff887,0.508530,66,8,1503,1699,5,3,11,0.0985
dragnet,ff99f666928bae9285f431591ad115a346eac006d5ab533d6df5444385005cc0,0.815454,130,22,3828,3069,14,8,10,0.1595
dragnet,e913c4d4ded7800b080d46c2c0e25237026f9049a60d65486cffa04ce610dd9b,0.749268,123,13,1465,1073,9,4,9,0.1412
dragnet,590690febb66637133b362165896faff106ffaf85dd0c838db3fbc785648670e,0.543210,62,3,306,500,2,1,7,0.3675
dragnet,c8be1b19d484506b652a50eb9bb032ecd8b4397295c8408a58e89fb79e33283a,0.246377,59,8,542,1936,6,2,14,0.0984
dragnet,6932459e4e19e36ff7157f42edcc39a67c2acb9db7b6dde55ee5cf7140898cd4,0.000000,298,0,0,582,0,0,21,0.2485
dragnet,2322075d55d8ab65cff316d3248bd893077e819a39abc213f8cc505b2065a160,0.669513,232,32,4389,5197,22,10,79,0.2470
dragnet,37f3f1ac8fb3344f29947e9dec98ab1d5bb99320ff46a624950fb804ee608bc0,0.637337,152,25,2385,3498,25,0,42,0.1640
dragnet,348b59276c2ec9de3f01e129f21b9f635e6fe07340893e23819282b9e66695a2,0.361868,84,8,913,1813,4,4,12,0.1018
dragnet,f7a1959b14d2df6473266ba21db4bcb7290f0b19a31bbb8ec4a7f1490f33440d,0.502001,84,20,3189,1559,9,11,1,0.1058
dragnet,e92c3144495a0436c3ca73a0594e01a394a946d821c0fb7595e0982fcbe91d78,0.535988,77,16,1123,596,2,14,4,0.1429
dragnet,ffd5c93602d192bec7f2cdf5b448fcaf08b81d40485cfe211e21bafc8f290468,0.887648,69,23,6381,6068,16,7,4,0.1034
dragnet,66ec6b171864b67112a28952035c6913c67ca1831ac2cec2179a2842e6cb8054,0.000000,15,2,144,338,0,2,4,0.0224
dragnet,b768fa3a4afc07dadb08830109fd75b7a2f9befa426b8898b6106ee39d84f54c,0.733679,95,11,1503,1080,4,7,6,0.1424
dragnet,260ec844266e101f4eb08e4d692dd0bb35cd9497062c0408a9220c3e22c0c2fa,0.865140,95,15,2179,2057,10,5,22,0.1229
dragnet,9303951cf1626ad6d4ea67bcceb917c52666ad51b44e6bb9e84bd0375e56ee7a,0.773494,149,23,2570,1965,13,10,17,0.1741
dragnet,c6fd1b5b15244676161a14e654d9846c5fee0c098c978315c4500af4d9e5110a,0.871140,43,15,4202,3568,7,8,3,0.0637
dragnet,fbb81f7580245c8c7da9bad56c0951a8b7bb4bc38e7c05309e7cb379bd26d401,0.496299,118,34,3491,4193,20,14,26,0.1503
dragnet,1269d389b3903c912a4d6b4d5a1d13b0aa97ea0b0f25ed6d681eae0cbf27a6b2,0.171123,78,7,411,896,3,4,16,0.1256
dragnet,c902c2012213186c1628974d35c902239faeef3e40e9d3837322022f75798c69,0.827939,93,8,847,822,6,2,10,0.1510
dragnet,fc6dc3b44de8203d9e6ef5a103d19f84f7bf9878ab043e3ee7a928c468d4a6de,0.788325,123,80,12897,13687,78,2,34,0.1241
dragnet,bc74557f860304d77d9939eb0dabe8b61adbf87d6700055fb687121b247c2056,0.672594,2,1,4322,2436,1,0,0,0.0517
dragnet,cd8764da4a03e9b135d0aff72ef8f3ed4ae485ae684b50694329a2d702da8e6a,0.221154,344,58,4438,693,12,46,27,0.3564
dragnet,fcafeb95bdea1b42f438c19f3c6fe3727720d0a31221e39bb2598888086aa068,0.392208,123,5,475,1333,5,0,41,0.1883
dragnet,fc6e108e1562014f25606fef6b6c74a2bdd22af71a209f6897cf025662b3e659,0.043478,53,4,176,1587,2,2,17,0.0859
dragnet,a6d6b51fcbfa8eaec355cce6e4cebb8aa64652adc44a521ce9fa1f44a357ece1,0.778426,94,11,1019,855,4,7,8,0.1659
dragnet,b596ddd46429cf55e0e2ff94cc19874413074b99bce597ffbefe0a47962e967c,0.781025,105,46,7370,7412,41,5,24,0.1380
dragnet,0218835a9a8bc8db5ae4b4f9d65fd2fcef07831c0c714b85a732bc889ebcad3c,0.644664,168,13,1708,2554,11,2,50,0.2845
dragnet,e9368752e8060391fff061fb3c8e91f40e94f73d37433f561936df8ecb652b9e,0.551084,58,6,437,506,3,3,11,0.0823
dragnet,0517e289c0d11483f1de53f6d68e76e5e014692dc342d9153cf5f0dddb0db60b,0.864129,62,21,5414,5783,21,0,11,0.0774
dragnet,8f54cbda168617f8b4b7d5b9f113f9770717b58b14430be60ebe4957c4ce3276,0.795430,75,20,5769,4318,15,5,16,0.0995
dragnet,69852010ed0e22fbbefdb926e6637ac391ea45a5291987f6e174eb13998324d5,0.887580,125,23,8372,7835,22,1,19,0.2000
dragnet,ae2b79a575a8806f139d0220a3ec2b7570f580c641c6fda46548d7d3279c2ade,0.804798,167,78,17086,15092,76,2,58,0.2073
dragnet,5d7bdbd83e92a4cedc2dedd16034cc21aefe738154539698b20f50f5ff2c9a5a,0.168130,57,7,359,1741,4,3,11,0.0967
dragnet,160fbed78c57f1911c10b20cdb78367459c8ad4e8db46146c3eac8c9237be8fd,0.706885,251,113,10375,12310,105,8,86,0.2560
dragnet,0a8580b806bd44bbffea8401a27cacf22a5a240fa081aa78716f20dede187c2a,0.721014,74,39,4612,4069,28,11,9,0.1107
dragnet,8f7c9c24c247f73f3ffc719962a2bcef3e110c83aee1462f681d483e53bbc7a8,0.854561,2696,1245,226686,247312,1243,2,1048,2.3914
dragnet,9c408b5cb061534f6f22423056423452cc3388ec9b0e43ebbb3b93c45e0e8e6a,0.275862,79,5,410,997,3,2,15,0.1033
dragnet,8038effbc7f2fc68e5e7dce6d39fdb603a17ffb6fcdfabe003e207053eb879d5,0.677395,93,44,5439,4347,41,3,18,0.1030
dragnet,15a5cd889742b4b3c89f083406a3ea9b477e47e65af6e45c67335217dc1944df,0.840208,89,20,3608,3340,14,6,8,0.1547
dragnet,2dfb593e84c02ac28f1db290f077c4ce7fd20e413740debe1209dfd6c42ba965,0.446916,73,13,1918,3300,8,5,24,0.1060
dragnet,8a95167e1e9ba181a7c1b34da7c71482e5c9bedcc6b59016401bfe23d7ab9894,0.866379,1,1,37489,33936,1,0,0,0.1067
dragnet,25dfa5cc207e9649ea90eeed78a1bfed383411105bd55a7d28a9663e64e6f15e,0.758696,45,6,1108,1330,5,1,7,0.0827
dragnet,65baed00c07b3b1840d52f5e29a7d32f1226b786686578fd3beaae4a0d4edef7,0.834626,113,54,8623,8694,51,3,27,0.1560
dragnet,dc65277e090fa96dbe929c6273927303f6228b4249851685cc6ae4f535dd2796,0.089109,99,6,372,129,2,4,2,0.1475
dragnet,8b4905276d60f902eb4680bfbd7c4aa730aa7b83fc68f101a1d18bcd88758efa,0.772406,85,21,4266,4040,19,2,30,0.1100
dragnet,2da2263a0607b100613f781ee1d92cb495e82c3ca0112aed82151a7ac2f9f800,0.647687,72,11,1076,991,9,2,9,0.1008
dragnet,46b8f9baeb8ab64cb7ca2fc27d76f02469aa6b09cc5e0c0275124b944bd54a93,0.757252,272,116,12970,14954,112,4,71,0.2929
dragnet,738f94cf95510fa917895427a0c21be60b9c0a9c42d12b63b39465eafa6b2afc,0.812880,121,29,3523,3842,27,2,21,0.1489
dragnet,036ae89ef0d44c5c17f5f708046851b559582344a1ed7512374af509cecd56c2,0.889275,125,35,7416,6871,32,3,23,0.1330
dragnet,59fe2994163abbe6291545b73535922f0478bb62ea8ed80022177d0aac3162ce,0.651102,176,32,2887,2890,18,14,36,0.2207
dragnet,5594b1bb3f8ac01819dca70b0be77459aab5dd5814634811904f78c4030b6252,0.560694,268,22,2252,2079,14,8,60,0.3767
dragnet,9f263949a50fa9bc90216ed5187887f071ca30863111eba5b9d68895268beac2,0.681186,58,19,2791,1708,8,11,12,0.0880
dragnet,436996fb8d704022692157cdb98c66abff8cdddedefd0e4ab1e63d3421f3b773,0.649926,88,26,3372,2150,14,12,11,0.1316
dragnet,14d00dc4ccdf48a4af57c72c79e10478ec54ced5419ddca844657743ad6d11c7,0.749568,42,5,849,703,3,2,3,0.0601
dragnet,f68ef0e7a9e3549e3c0a6ad2e6b98344a862795b904504d9494cc7a1a711ba1b,0.735839,47,12,3136,2078,6,6,6,0.0765
dragnet,2e76b5f816574a4c0c16ae9caa621d6c018d7be6d64f1f721ffa49dd0f911021,0.797120,50,18,2716,3067,15,3,6,0.0816
dragnet,c2a08b5a16454bd275f0ac0f0af560d7b0727df4811de92466110fb66a15152b,0.818630,92,17,3197,3123,11,6,13,0.1108
dragnet,8938a7ee9a3d626571c56c5c89c2f129986013c48a6ea2e18f17afc054405579,0.474790,42,10,1176,1391,6,4,8,0.0606
dragnet,b3635fb7a4e40720e15475d3e066bb55bf37aa3732feb2fdb235474992a253bb,0.686970,155,26,3530,2085,10,16,19,0.1990
dragnet,45f4550fb891a661be11cd0fb4a9bd3146eff33a4be09f8ebc31cf76dfcef555,0.806141,107,30,5797,4983,18,12,13,0.1296
dragnet,b18fa8642eb98bede584a852e259cf26a20b7f22893e5a2bbc384dfbbecba4bb,0.544055,51,6,1423,1902,5,1,7,0.0729
dragnet,d837138404f9bc43bbed25f1c45de2709d53f763d6c31d55c83ca5bc7b5f8b9a,0.828063,198,57,11614,11453,47,10,41,0.4892
dragnet,3c7c1a1b1b092832c8ad6e7c5ffcaf8e1a601462deb1053a4a61e7a363194dfd,0.681876,58,8,1162,959,5,3,5,0.0880
dragnet,4494b7308572654554bbcad1009c95a86761f58be3dcb6b9b268920bd91d0fc3,0.541667,26,3,162,205,2,1,2,0.0501
dragnet,89ffbd692ef9a1d63ef6832b69f8cac22b3a0df55242028c3a2db426cc4ce212,0.512947,82,10,1024,1102,7,3,9,0.1155
dragnet,47871eb4ce7cc7893671739d727c4905ae057cb2ab7d9e87ec52e6c2a1bb9d0f,0.500000,192,21,1059,859,6,15,14,0.1879
dragnet,bca84af2a0bb52792af41fe088f2189b2ddb7adfeaf186e2965268c5692aba4d,0.511050,77,5,1143,2555,5,0,31,0.1274
dragnet,16ae386ffa6fbb0b79fa12d4721fbe448c63d8016cc95f2945fabe68f1d2f862,0.240997,212,32,5216,803,6,26,13,0.2085
dragnet,468d33f465b8da1d546d44862ed1843a8de720913cf35505b9ca2e5a780eb9e1,0.870045,94,43,10210,8645,37,6,15,0.1186
dragnet,b39ba21306f278b3b90e31b9f27c443e90840124d621e5341b7846231376b1b3,0.760602,98,11,1082,867,5,6,7,0.1341
dragnet,54a618927c7a41a1549975457f60db792955049be308205f7e8004e305dac8b9,0.862876,31,7,1889,2231,7,0,6,0.1016
dragnet,b7d1a72d8367181c53eee7de2eb8c8233bdd214cd9428e1728af7b9f2dac8c4f,0.677551,91,13,1247,860,3,10,3,0.1247
dragnet,23fcd02cb7b1e3ae0909e842f1c7e79cc61a9d76caed03ea948b03532ad192df,0.623088,62,15,1826,1936,12,3,21,0.0859
dragnet,1c2ac4567069e110faf8030eb0f94ac76afddbbb14a37f4a6b249a4dc6624eab,0.874583,187,30,4515,4170,25,5,12,0.2453
dragnet,312b33d49d5feb5505a11923befde0a4f63f011527bc1eed022bc66c32d676ef,0.722824,98,39,6797,6183,34,5,20,0.1366
dragnet,7f892f4ab429251ef7fdce0cb4d347ce043829e65397a02520027f915615c64b,0.782486,71,9,962,872,5,4,10,0.0893
dragnet,5d6cb177f7a176b91ec0c63abc2086556e5f3651fa5aedcb5a5d7f6da48e085f,0.812276,77,23,3152,3269,21,2,17,0.1099
dragnet,ab24bbcd8e72bd9f7dfd30b7060d957ba6261044f30cac9fca15e18c92785d74,0.605587,148,40,4785,2503,19,21,16,0.1943
dragnet,d5e8218e39b72e4b91bad83922d2b0bf2fa0cdd81d3415af6297bf270b2f097d,0.492694,148,43,4455,4840,36,7,63,0.1727
dragnet,8f0a13577823534e552d145958994db0a1c447e1ac03efe446881f12f87979ee,0.550861,53,9,779,1017,7,2,6,0.0768
dragnet,a1aefaa09cf8a657a062c1728e230dd9e3281b210b71c0f0e1447df13e008b26,0.669089,51,28,4126,6039,27,1,22,0.0604
dragnet,51924ad84497397bbc0b768add65dfb87b7de1686d6f89f88644e478241b23a4,0.619107,85,14,2139,1954,8,6,13,0.1349
dragnet,73b98b9c0c9e21c285711c5395f57aa4710a94dd8323719105ff5e3f836c16f9,0.758621,54,14,2134,2034,11,3,9,0.0966
dragnet,950a93404d751deab52a3fdc0ca7e2eb7114712072d628455b0a30a1e595b31c,0.808651,195,59,8595,6276,42,17,42,0.2640
dragnet,ba6c9590a53ab74eb3bf545313054babe96092cc1f52b47febc40ccae4b8e873,0.299699,319,48,2987,674,14,34,16,0.3424
dragnet,f10e973b3cb795baa42c0e5e1760c03d3f2ccd40a12e963997527d12505b9f4f,0.720663,154,26,2219,1729,19,7,16,0.2433
dragnet,db642890ff138da18a7d881d80113514e43fa9c9febe28903ef85361707d1888,0.840741,81,56,10631,11363,56,0,18,0.0860
dragnet,2b465ce3b7cf43dee85857db78de8783bc6a91b6dd8e3cec4206b40235ff6352,0.820677,150,79,12288,13048,78,1,34,0.1746
dragnet,57ce4999b91efe6cb0fb0f74f70a89b5c8cb8982a11f214be56a321bbe468f99,0.253333,38,7,357,90,3,4,1,0.0648
dragnet,d7d895a6180cffec61bad3494ae795a1ed09cbead6e43fa14e2988137ffba7cf,0.670840,55,17,4565,3383,15,2,16,0.0695
dragnet,6fd709a1c77c380c7ade7962d6a1f3d5ac0803cce35641a82fd195ca6859fcc1,0.829395,1,1,17549,14051,1,0,0,0.0867
dragnet,ad9bb8016e1ebf32441f033db26c162b5aa85c17a171e7c47e9b603df670f78f,0.864078,168,34,5231,4603,24,10,34,0.1935
dragnet,826b9d811262f6c553a82d6db3fe49db2cadd96006d4167435fa685431ae8107,0.760834,396,208,27004,24032,159,49,76,0.4522
dragnet,c7ecdb355713b1849ce7dbe0742439cdcb25c392b6b419d3876fff178bdc93f8,0.625497,215,52,7184,5769,39,13,35,0.2523
dragnet,8af10f0564484eb6d1d16d2b8696234466567054032dc876fcd2d9e7469b2fba,0.769231,43,14,1612,1412,13,1,4,0.0625
dragnet,ab9262533d3ee05ef4722ffe62592e73237334eb8dca48caff9eb74925514ec8,0.866035,44,21,4148,3819,17,4,6,0.0827
dragnet,fe5141c4b69772f01c3a78af6b001aa6460a470a5d9fa8f42775a1640422f0c6,0.825482,36,14,2879,2409,6,8,7,0.0792
dragnet,39c162067b391d05c7a32b8813d1d9c6a61646dd01cdf697cf2fa0a931092c22,0.770543,208,69,21573,19334,58,11,30,0.3272
dragnet,03ca9d156fad993a29b8edda0c5b8dee3b126168a0a8b2770f4cd6679944f9b8,0.745682,139,51,6757,4394,22,29,17,0.1636
dragnet,a5d68f8a52ca99eb799440ae175ca87e7858f4de1c42f213da4dce7869bb890d,0.868119,96,36,6742,7203,32,4,27,0.1255
dragnet,88950820f6f69164a95665d1611e68f6fd8c05ebb7cc50a4309c135f3c9c75a6,0.389490,150,38,2366,4587,32,6,83,0.1414
dragnet,763e2c3f89d613b6dd53456a25edd3678d4197806155e30eba580313e528cd16,0.736707,152,56,10392,11791,54,2,46,0.1905
dragnet,e7901a4d94beaba32e1e15fd5351239d07a62c1e677737bee3a5a015aa99999c,0.454800,26,9,839,1814,9,0,11,0.0458
dragnet,04b6ffe5a4ad0b1201199c435add4369c65465a35e4f01d60927ed1bf0007698,0.610526,84,23,3057,2217,12,11,13,0.1268
dragnet,92c47f0459e98dd58ea58d25b64ca9f0ad332778636f32dd8f8f98a33c7a9f57,0.327778,46,7,619,514,2,5,13,0.0657
dragnet,6b47b1b8400d0844fa4397fd9ac5d8892ea9816409f15e4db5e69e47f5efbafb,0.741061,120,36,5621,5861,28,8,32,0.1351
dragnet,8b07d32250a5cdee71efc40afe1f1dce80dffdbc9b97209343e4031a15a96b19,0.692025,56,10,970,1234,8,2,8,0.0924
dragnet,d9235bdea2241eda4e3a59906d3fd623916b0740489a6bacc479bdbf6bac31b3,0.631597,128,45,5470,8157,45,0,63,0.1250
dragnet,cf0da1ce08abde14512cab26bcbc7cd1f5e2e2a2b43cac01a0f4076e722f5541,0.565551,254,32,3002,5054,18,14,28,0.2039
dragnet,4484b1101535407767659d6317045d336116b19eb94bd4f5e5eca57bc6f6a3c7,0.771321,291,61,6765,8896,60,1,80,0.3826
dragnet,9662ffa95628187569d8df1784013aa12a818d8eb60ad4a67a9d84bff12810b1,0.750066,91,16,4706,5266,14,2,35,0.1097
dragnet,7caf03345847a5221ba8ff189ce53b9675698231e9853017f9527b96b04e2e15,0.217262,154,16,614,1123,10,6,39,0.4415
dragnet,6a10572a5be5d7ed04303d2138cc3777b3f4a9d26254ab8404be1615352346ef,0.500669,95,24,3136,1451,13,11,8,0.1205
dragnet,5414830b9b2e78fa5e755ace94f15b8cb304a2f1e712ceb414b046db5c566cb7,0.782186,52,8,1790,1613,8,0,6,0.0879
dragnet,159a8e69d472d493cda818d151ff71123c7256679e5693f0f1d23b0b7892e1d5,0.726027,107,14,1774,1212,6,8,19,0.1244
dragnet,b8d081a0b25be30202315568d4eada58b0bf31ff633effcc994d4c08be068066,0.690042,38,8,888,1159,4,4,6,0.0554
dragnet,a9571771f42d53eadc897f8003e6d9ae6cc2c092d76c98b372b9e8f6915d6c7a,0.818392,185,111,26080,27072,109,2,37,0.2240
dragnet,383cb977a870875d6c88a2c041cb5d32ad9885ccfa830586577b8007f310e9f3,0.773050,120,30,4314,3330,21,9,14,0.1450
dragnet,fc183400184758501b52366c09bc72a20f9307a5997c39300b5a5a109b983de0,0.594346,92,13,2576,1469,8,5,10,0.1174
dragnet,cdea3f70c5c80a9dbbd408cee7063cefd026a2fbea2d59a5309a1d6b7cf3888a,0.689168,114,21,1931,1441,10,11,12,0.1395
dragnet,3027be4cb010e4d9e68674843c5f5edf22b5d6ae5dbb8619fd52e34fa60b898f,0.651087,71,39,7465,4656,29,10,8,0.0988
dragnet,4ba4ab49b3545f0bb61b8da42efae993bc8e4c91205be1151826d9cc274435cc,0.805757,276,97,11414,9452,81,16,129,0.3034
dragnet,bd935379925e69d620fda54d63f330151bb11b545a0a3b900a336e90ce619451,0.837608,2069,1100,159524,172269,1077,23,431,1.7604
dragnet,01f3a8d586ee99bb9c0e29f41ac7a5cc50613e31a596763e8af48131440bbd66,0.601695,63,8,599,595,3,5,5,0.0942
dragnet,99bc8270f5fc0bdcadc2ef929c034dd31990d0317393bcde20231feaaa4120a1,0.519952,53,9,1130,903,5,4,9,0.0768
dragnet,577f59e13d56fc4917c71f06499c6e126997c8a6fc1f9de5e52b2b61db6255dc,0.492421,203,23,1691,3837,21,2,67,0.3155
dragnet,81e99ab731fc978e4a5cb70d2c3127a2c45ff85a78791fe578aa452570cafeee,0.728626,134,52,7697,9363,43,9,50,0.1521
dragnet,8990f9e1fd93ef0bfd296a0714b622b385990fe7df8009ec8cd3b84a6c1fbbe8,0.843185,115,26,2968,2788,19,7,16,0.1462
dragnet,c945b5acbd84773ca4e6ebae21774377e623d466b604dfdfca0e78f4ceb95bcf,0.758083,91,23,3508,3234,19,4,20,0.4013
dragnet,9aeb8a6ffdd5437c1856f7581a1d38e1d032e4a6c14d7ebdfa8879567a531b96,0.884676,51,13,2737,2602,9,4,2,0.0781
dragnet,46974fc71999b42d86d3e2f0ad53d289c9f240230d1ebc1586da9934b7a8f2f2,0.208889,284,32,1727,748,11,21,13,0.3029
dragnet,3c3adfa2bf6c2b79b8d34b0076b5cad6967292ed23a218cae0fcc8c56bbbc723,0.811953,86,19,2045,1785,11,8,7,0.1004
dragnet,6cd73a7281201170f4ef85ae92638a87890ef303f8d04cf3429651bf564703f2,0.816931,96,9,1160,1140,6,3,15,0.1143
dragnet,c436fdda44fd734f806e4d535caca27bc227336d319258648adc253ff1dffb02,0.797160,142,19,2816,2542,13,6,26,0.1518
dragnet,42baf84408922410946e4b82cdcfa88d2f9b9d7a3a1c74eeb384a2ddcdd66fa8,0.697622,77,17,1363,927,8,9,6,0.0966
dragnet,187b224bb863dfd35677bfbb5077710541f3ded908d8bd63ea799c934b0e4675,0.798432,734,247,36094,36579,239,8,172,0.6734
dragnet,20b8e91ac74a87a975632a59f04395ae08568e3132a29312bc9a4263469d95f5,0.795335,132,37,6984,5711,32,5,37,0.1443
dragnet,2d9601e90059c7258305d7d3cc52d6ea5bba20aa83d5a2388a4f5a7bf9180016,0.435174,229,58,9133,2673,31,27,19,0.2161
dragnet,1020d0c0d3628e763ac59e9fb47bb50b7d9636cf0c4d26bbd149b3582fe1f11d,0.647362,109,21,1790,2211,18,3,37,0.1326
dragnet,244b8828194520ac697d58d4580507e9117587d2141fbaf8da6879b9df809b2a,0.775484,89,20,2113,1670,15,5,12,0.1151
dragnet,c95726c6d2bcdc2a89e4ad379ada46fc62933c6815f2ddb13c9318181764de96,0.833529,119,71,10309,9440,70,1,13,0.1469
dragnet,92f68fb6db090c66cba97c576ccbcd3761e1f09e7a7ca04e1b0031ad18a4f3cd,0.699623,111,23,4446,2490,17,6,26,0.1428
dragnet,c38870d89a9297769fe0e7d08efdc67ce95f1b92f45f6aace0c8558c1534bc77,0.610219,59,14,1865,2089,9,5,8,0.1043
dragnet,1f470716422ae9b159e1ce39684dec15ba8143bb43227e4b19680b2dee03fb18,0.625216,19,3,502,1007,3,0,7,0.0313
dragnet,454c5e3dc0ac9d81add055f00c8c30613e7fd5725a603836d8d181d3f8124c7d,0.846810,89,34,8206,6968,28,6,13,0.1604
dragnet,cda9b0d2a5cf05894be553e941bbeadb1c695d58b68f051d47896eb13150f450,0.000000,32,1,17,58,0,1,3,0.0803
dragnet,936b910bd11723408febdb87eea238b44979dd0e7fd3d34b3a0108474a2e4868,0.743797,133,41,5859,4115,21,20,18,0.1829
dragnet,d0977a7ee460c7ca1ec2dc5196f4ed2c5604f6f7e24f318cf1ca1139dc2d08ae,0.751135,184,43,7897,5800,27,16,33,0.2809
dragnet,4881fd1d77cefa2882c95a44603a9fdf18d924d06506644171a4e788a83077c7,0.676190,70,14,1844,1489,10,4,10,0.1086
dragnet,4691ac41e546f35916351ebc29254dad0c4e1a813ab9c67b8636b88072c58010,0.811618,73,22,3605,3024,18,4,12,0.0908
dragnet,ac9e90ef43fd83c840bd35ea53f9573361d0afbef8d1b597c13cea854a6c2d48,0.741789,106,24,2779,1866,12,12,6,0.1308
dragnet,a0364a0ef432ece427ffd538da26a3ec7a7b00759c23f322d7bac21b63b6e4ad,0.843703,37,16,1726,1539,8,8,8,0.0521
dragnet,b0c58df1797cddb73f5a5e03340f3962f342f1f1e298a077fb49d340c7621be8,0.771571,129,32,7385,6201,22,10,26,0.1442
dragnet,405c8ac456c5441ff6f4d9ad1db6b36050b05cba55ba512d71925f6a872e3533,0.755959,65,11,1321,918,7,4,1,0.1012
dragnet,d3c9ed174ba06fa7a3bdc68fb5fe94a66c99dc61e24f4aadc4927ae4e387aa65,0.837093,206,54,6530,4886,39,15,42,0.4575
dragnet,773322ca35d298ee464111a6b474f6fc52621985d3b2cc23f42ddb7018f55b88,0.665188,39,11,1491,1102,6,5,5,0.0768
dragnet,4b0eb222c89bd9bfe44484ef3ad2f098049509b0f309bd0e5a75b1375e4d471a,0.158478,23,10,823,6348,9,1,7,0.0382
dragnet,09689ea8247beb924a9300b5146c41fbdfa2c97c9254bde05e846d1090e12cd0,0.724803,140,27,3224,2595,23,4,25,0.1793
dragnet,140a47b5f1bb1033dfd3d4f7c12baa53eab4ed0bbe1147308c710ba82148c291,0.829623,148,27,6491,5564,18,9,28,0.1730
dragnet,39d97dedc3035bcc778df10d3edc869262ecde32c750aa3a385b0ed74c2b1dd7,0.327332,92,9,783,869,5,4,13,0.1248
dragnet,497a879c93b475cd7c0bc7dc8653f07856ff16c2ab743aaebefbeadb8d678e99,0.694005,104,34,7695,5531,31,3,25,0.1513
dragnet,ebb06f1524668fc19c0dc28436bf06337ca5d25e3a4d0762eecf0fddcc05bb3c,0.496812,601,168,8539,14039,165,3,255,0.5822
dragnet,61d9d3813d59b9adee5777d430c5b10e842d4e4d1f8d666854fb6350e619dc6a,0.845387,44,18,3097,2886,14,4,8,0.0852
dragnet,a424e293f3a9dc17ff9ae2e4d63e6173b57fb86fabf3c3e1ac2915c70e9ffdf9,0.855452,36,12,3427,3018,6,6,8,0.0800
dragnet,faeb3be2d03b19a322664b48c7f799335594172585fa38ec15885f723cce19d4,0.645299,62,9,723,390,3,6,2,0.0801
dragnet,3628877f8ca103d0f3f32abaefad1fc0921309b5865478ce57c7ce3982366c12,0.858920,113,38,10719,9011,29,9,18,0.1806
dragnet,34dc193bec9a38df0942df04f60883318c0414fcc3f52d32511444aa0ec43dee,0.740591,123,15,2226,1937,12,3,23,0.1308
dragnet,570e88cf575e069bc84d26900ed9651e81386d70cd56220c05c09017a01299f6,0.793722,136,8,1320,1202,5,3,30,0.2232
dragnet,e50d3625ca69bd93116300319c434358350258d2e204c641ca9be6aa84fb5fe9,0.827487,148,38,4283,3331,21,17,20,0.1692
dragnet,15815f8ce659919966ad6710b12c014d1051ebe19483ce9860edbc82b69de6b6,0.825771,84,41,7401,6293,35,6,11,0.1094
dragnet,b841ccc1bee2184c233a450a7f18aa262cea07d2f391e536bbbbe548abfac26b,0.825467,85,23,3173,3076,17,6,9,0.1239
dragnet,aac512ff8e9e477393ed52ea44ca2c8a16e79490d6e073d766b1e724fed4785a,0.488889,19,2,97,146,1,1,3,0.0269
dragnet,cff550ceb265401ba2a7d727cbfb85c8e876a150106afb23c2e561d13b4dd460,0.740416,79,9,1352,1293,3,6,9,0.0934
dragnet,d4f90b4e5305dbeb6473748d1a323dcaa92e306d49ed81928f4d42ceae44bc49,0.752123,498,271,49014,68373,271,0,204,0.4382
dragnet,920ec6879631b603879cb797cb10d176ec65478d6dbfd7ca38cee6b9e48c8cdf,0.688442,101,38,4559,4403,34,4,29,0.1226
dragnet,83582ca117d9a7a0fe7d1acd987fe671f6775c60a3a6f8e5cf497121a4154f93,0.713531,270,98,8210,6070,74,24,115,0.5510
dragnet,7a5b07af2e1c9f1c0a27cc15e2f9298bf04ebc23631893707d8a7ace7dcb1686,0.804934,175,38,6054,5292,27,11,20,0.2725
dragnet,833ead972921558b924e12caeab6f2f62dc0ff1969894382934856925d20d03b,0.718017,175,35,6914,5096,20,15,17,0.2748
dragnet,816dba90b7380ab2f906d01b6079cb7d6b3228998fc894651a7f03093cec6246,0.753638,187,40,5463,4269,31,9,62,0.2672
dragnet,fcbf27937f4c86449d66cb1afefc71f2c77c82ae2114062ec4e8caf6058a2080,0.800324,141,39,5025,4961,27,12,21,0.1456
dragnet,e35351ca79b1329caea93dd3a4cd6a2ae4ca89bdee85a72459b173a901ead616,0.778418,122,27,3678,2823,19,8,23,0.1290
dragnet,5686325f588303fea2beed42c540fafe862434be74643bec72a691522b29a23f,0.644474,91,17,1424,1970,16,1,27,0.1217
dragnet,60d3b43742eddf53abf1be38d8ae6e06cf8ee8a8cedd69c0fd064a00e5926d87,0.658615,174,30,4117,5171,24,6,55,0.1979
dragnet,d81ed9f58ae21e52e3991844dfa6b6670423c0e3667deba6f71b0cb93014fdb7,0.738187,142,69,9161,7328,45,24,10,0.1781
dragnet,726d15553561f50eeb5779e8b961ae2a80e809de84257b66183a0383769a1204,0.836446,61,41,8361,7469,40,1,8,0.0764
dragnet,98d81da50aa8a4e13bb0a4e963a0eefbfb9a76560315cbac57a63aa90ded4806,0.807716,165,25,2487,1993,15,10,28,0.1896
dragnet,0236ab85d3fd7bc00e17df0d3e76f77a591ed41dba933a9f195d343dbb9bf95d,0.357739,242,34,2419,7097,32,2,195,0.2066
dragnet,07afbeb4c3368c7cef3554c6baa8773e0aaac986242d4581b0ec30e8d24d52ef,0.349315,147,11,620,266,3,8,14,0.1635
dragnet,2619eb324aee52cd7979f96c87a9e1f0f6f93db2b66432c111ce5d9f81dec4bd,0.752549,104,29,3549,3815,27,2,26,0.1307
dragnet,8448c3524c3785edae71a64ead299b16362d43c03264abe3a16a8d17510f3ac9,0.805550,64,25,7698,6352,22,3,17,0.0901
dragnet,29a84b41b94c29392ef565d84c2fbae898ca2f1246b76eec7156bf9eea8f3f26,0.653654,255,74,9923,13710,72,2,100,0.2865
dragnet,e642d167491e925adfaef26b938cfe64fa751f207411d207f630d94448afce9a,0.809895,143,29,4097,3528,23,6,18,0.1816
dragnet,baa03f708ac1d8280a0aca2fb537e7874fb800aca5d6fbddd41f493a9e0ada75,0.695067,69,7,618,581,6,1,6,0.1296
dragnet,6b1f22910c9f534a963fa79126097556ea98db61085fb79f9876b2edc1421751,0.644270,152,30,5547,3798,19,11,12,0.1771
dragnet,7522d4d3f9b59b8b0fd17b3cab8ccedd29f8ba8efd4f5233d21993a4d5334f5a,0.886569,64,31,7378,6875,28,3,12,0.0963
dragnet,82103551fe7c6f6f5641760b41cfcea692ef006e989e9aebfef9272d5a4e34f4,0.906977,58,12,3730,3923,12,0,18,0.0984
dragnet,4609d3916a61392d07bbf01c8bf25678facefc6bb4f73b57cc201e52ebbde5ff,0.657973,248,71,8886,13948,69,2,152,0.2680
dragnet,48853a05a8a4fbbc8f6534c017611ddb531d10c9dc056fe1f6aae7464cff385c,0.711166,371,35,3947,2648,19,16,30,0.5546
dragnet,6af01fcc28d864bb8c54dd8536be324cfd2612464a8f8394b4aad9d841e5f816,0.059829,76,2,85,607,1,1,6,0.0960
dragnet,a6ad7d034a5a659cc39c1929236cfa5cce943946e535ebe12542021872ca3f68,0.636922,254,66,8284,4165,30,36,20,0.3114
dragnet,ea5cf0f02b45f8182bd04a4591ad14859d8f25bf937305d2ef48be21e27e42b5,0.797101,62,4,501,586,4,0,10,0.0830
dragnet,107b56520bde81668ea1d362b27bad3f7ea92e44d2e27d7015547519205f3b55,0.907097,30,8,2079,2140,7,1,6,0.0969
dragnet,c5007743b9a090072e68d8891952246fe33d14f665abc6c008ee5ea280cbe13f,0.820383,101,46,7939,7327,44,2,20,0.1380
dragnet,437003f68086d101168722d7c5a5979e11a863fe55cdc198cbafd92f8cca2b07,0.898308,300,218,48947,48246,217,1,25,0.3379
dragnet,5286f28164f50fe3af24c68574185970297882fbaebdcb649770a839b1b74d32,0.209790,45,5,286,895,4,1,8,0.0790
dragnet,7ea45ba4e1a75ee785967584a6945bf752d70720c5427fa7ce93fceb8516a60e,0.795311,193,81,15269,10891,68,13,55,0.2105
dragnet,67f1df529f14d388aeb673febec8955040b746bb39cf31163948ec89081d99be,0.722965,103,18,2477,2026,7,11,8,0.1304
dragnet,9fec07adf4772ac7e2f5dea4b55b17be6ed56936c76842c7a5a3b9c7340326ad,0.625917,107,24,2857,1514,9,15,17,0.1274
dragnet,dd609b00eb000b51034c12f8de51b5aebec7896bc22aae2fe66563555eba78ab,0.492363,107,22,3147,5623,17,5,29,0.1638
dragnet,88a19865d88041d66a3d37ea7dd32f5ef7c85441d4e329f8778bfbaf95a502e5,0.413882,198,10,905,2615,9,1,81,0.3233
dragnet,6f80c30a9ed07334d94067955174402a34c632dba32003eab8a45fabc50b1789,0.557467,163,36,4826,2099,15,21,10,0.1939
dragnet,89a902b489f709ee1edb863c00efb4bd4c827b576e6c30ce2a57f33300ad5c05,0.841530,106,15,1592,1432,7,8,8,0.1176
dragnet,bebcb373762f9e7dea04db32e6c2546ec8ed0383c9d88ff0aaa0b49b13cb9c1c,0.688896,112,36,4845,3761,20,16,15,0.1654
dragnet,9dec957cf538ce688b576a9a37e6d1db10f3493075548f2dabb8a9cd303b65e6,0.842064,38,14,3808,3236,8,6,7,0.0804
dragnet,36ef2da2a0c3c6d6a7678880b36e161bfbbe9ca06379960eaa44b609a0c45f3c,0.385965,65,14,1162,1058,6,8,9,0.0882
dragnet,cbdc651c2b3adc2781827578f777121f061d7ee0c570d7487e9563501b65ef52,0.812650,153,102,13628,13383,95,7,30,0.1628
dragnet,5268156ef9bafc9d6ec0e46ab9acf3a007889192703630fddfacd41537c48ead,0.677966,50,12,1655,2545,11,1,8,0.0825
dragnet,e860f512155d11089fa35a7d2188f93cf833b8d46e3a51ef310e2ab733d5546d,0.601602,252,65,10615,16170,61,4,107,0.3067
dragnet,7d0ac8e39086aa6b054200e0208e177f0cb80e3377ad033fc1b639978128f0e9,0.808921,104,13,1968,2422,10,3,17,0.1579
dragnet,afb3d3cc889542ad1c69ea8b1f979cf4ab8886bf73f168ae61e961af37a35d25,0.727554,113,18,1812,1750,10,8,24,0.1561
dragnet,4450f41a9ee6bf898486563faea3f103a3f42a1e658ecfd5c1b152874dfc273d,0.886173,189,75,22169,22801,75,0,53,0.2150
dragnet,26ecf3a0945f45ddbea3cb6524a4c9b0522f8d62df66b76f05b966d0cff00f4d,0.796888,145,58,9375,6984,36,22,23,0.1742
dragnet,8d422ee377c60c7ad08180224d286e6bce7292561e75319f96e53b76db0ee968,0.534060,93,8,443,619,5,3,7,0.0883
dragnet,649ae6e936da8b65f2bd4149af7afd419f1826b48d01665ded69aa43d03cabf0,0.815689,51,25,3837,2998,20,5,8,0.0656
dragnet,c9147610ad94aeb47079fa85acf47e042c007e80fb3bcd128842c6c1469ef164,0.654941,31,10,1880,1405,7,3,9,0.0533
dragnet,02dd5f8487e36b3b40f1f9d59d870ce3c065f0133e94d74a2403b5d1ada073d7,0.734974,103,27,4167,2759,20,7,13,0.1555
dragnet,810561a15c36ddbc11aa0a973c4f3787ae913a63f1cf5ab7fb4e307e21f5d011,0.825065,103,35,5324,4216,19,16,12,0.1204
dragnet,e8cb08b3cdf60e91136285e3a128f9c2e76ed49e22ff00ec23cbb64cac539b5c,0.677284,71,17,1493,1461,11,6,6,0.1063
dragnet,0555e963cf9f07c0542c6dc65b7d99d96af0fb44a30c80866960aedddb17664a,0.587635,72,30,3862,3896,25,5,25,0.0930
dragnet,95aa0a78ac17119d83e222b2240de4dbe6a33d65c99be98c91fd054ade40f590,0.716735,518,185,13103,14364,181,4,297,0.4946
dragnet,80e5fe7561c42b186e7870217fbc2745b2183505067a29fb8ac3198afabae621,0.779676,177,58,10966,7510,49,9,54,0.1809
dragnet,eccfd741072129d39385dec07264351f8769ae86fabd4a75ac928b804d80f88e,0.265347,303,37,2392,480,10,27,36,0.3175
dragnet,47591e3cb3a1530ac1fb688c90029561fb9398418964b6c1f04ed08266a1a0f2,0.780836,70,9,1327,1360,6,3,6,0.1333
dragnet,6080a15dfcf467c5f60ba5ff4fabac45a3718ca0eee725dbdf9b58b23641808c,0.866109,46,11,1853,1888,9,2,7,0.0771
dragnet,3d98c30271e843c2cd6d19c255f9aefbae070dcf822d8428dabc3da74d7f95e3,0.792493,72,20,2582,2495,17,3,14,0.1007
dragnet,33eab2eb10e3b424d262426a24566f61a7b12c80d1d21220c9283d925e80b65b,0.751150,78,40,6106,6534,36,4,25,0.1082
dragnet,857348b1551171553bd5ee2dcfed5782a0a1a658cf5c56706c782b1eb6abbae6,0.738255,23,8,817,705,6,2,5,0.0297
dragnet,97ee8be6d4a8b7c1021144a7681ac7c1efb8fd5d28eea939b050178822991f32,0.684211,57,7,1121,861,6,1,2,0.0857
dragnet,733cf0856d2eb7b782ef0195d7a5ab0717887c5cad49ba106b358de9d1d2218d,0.771655,1824,836,113670,139781,836,0,936,1.8053
dragnet,1724314ea941d6acc0b1b9aefda953a1c7f86654ca848b9ce745f2aa014a2f54,0.879269,274,179,31824,33742,179,0,54,0.2901
dragnet,1b80f73991d565a1cbbc14794ab28234e405a5f46bbddf40a3a2fe0ddd0c633c,0.139635,151,11,1470,1101,5,6,26,0.1693
dragnet,63b3bc74389997d242784d6c48ad7f4991f53ac594872fe676c54f7571ab6ce2,0.724679,119,9,1103,721,6,3,5,0.1381
dragnet,d4d738c2576762d3e68c576281d57310a93fc7ef8ffe7db19a5e57287473106d,0.000000,118,4,347,534,0,4,8,0.1381
dragnet,dd1ce04da39fc2942674510f7a02126b5ba64447b6a46c69b47f6d15e2160ae2,0.474446,225,22,1731,958,9,13,24,0.2701
dragnet,ceb3edad082ff7360aaf38f8606a5a0945885ed1cdec382962ba795f1597d98f,0.769494,84,28,3969,3818,19,9,13,0.1007
dragnet,bff5628acf76ea97e7ad3e771d8421fa4b14196644c9ff5f95959781bae078dc,0.471105,524,60,11683,6648,55,5,188,0.6546
dragnet,7a9f4decba4568be449375ff9d6bf827e27eeeeb00cf9dd3122219ac4a155ca0,0.600248,62,12,2891,3334,10,2,29,0.0744
dragnet,2c393dd131a85d98af72b3e41b6755f732fbb3acca99a76178d0240843874bbb,0.754943,179,17,2221,2037,13,4,53,0.3064
dragnet,d98c891b903d51c35ba5536e6b67ab0243e516b3a9396294acd10449662cfe46,0.849556,123,69,14522,14181,64,5,37,0.1472
dragnet,7bdf6f9056227b9cd45b601714e1fac70409ac9d1a1de44324a3ddd8b4e9c0cf,0.857005,45,10,2963,2548,7,3,6,0.0734
dragnet,4c89a8c6eab784b4f866019d5252ec671a257b5bedeb1ab927d81ce53b3a5d5b,0.788881,99,39,7758,8389,35,4,42,0.1537
dragnet,d87b51244db0f55b39c64a0375fc07aab7d37a74780cbccf947e7e2ff97bf2be,0.788760,280,107,19286,22304,100,7,68,0.3266
dragnet,f7235b26edaf3030fdb9f078d8e1853303e5c394503031ab01d810866d735895,0.858527,102,61,6909,6419,55,6,13,0.1168
dragnet,0727e74cd5fc365117df076b986c0db5e4799fb3a58076ee76235569b9d12741,0.059880,88,2,38,406,1,1,8,0.1483
dragnet,442d09d36be5cc7ce0c2c35cef524b054712014bc1b502d91dbe035fb40cc242,0.875856,336,210,39556,38334,210,0,64,0.6313
dragnet,328a1284defcf3bc26f1220e4602003c79710510d1b499415300f41498d8df62,0.866678,83,37,8263,7394,33,4,17,0.1175
dragnet,2ebf43fef13d163847d8ff387f6bb2877607231639088f554a62199f01ac27c3,0.606447,73,21,3044,4083,16,5,20,0.1054
dragnet,39b05fee572ec34c9d24688081d4c53260a08e37e411b0d5f7a6f0352d80565c,0.795604,59,19,2491,2271,16,3,10,0.0729
dragnet,550cabab9215894d0142fe88c430829342e9954a14154d48bb330d612e2e1c54,0.523495,232,28,2927,2745,18,10,63,0.2724
dragnet,c9e4414cf22945a6edaf31e9e58a26183fc46355f6a71abded3edffc71888eef,0.705244,105,18,1912,1190,10,8,4,0.1304
dragnet,33dcddb3a34ec409163d0b1f6f3e318de4f6df52a6c1fafec7c19040fee06ee0,0.845254,198,82,11645,12501,81,1,91,0.2013
dragnet,0985fdcc92d9c95e6c6ee60d03de176ae029a93a553fae5a46b73ed28da23c6a,0.420876,1853,419,26102,67589,418,1,1054,2.4689
dragnet,c5d2ca7792e8c3fa3ceee628b4a5cf7481e8024751a41d095cea564ef8d9d5b8,0.734476,136,27,4742,6156,23,4,62,0.1770
dragnet,1c9be48621fb73cdf3b3e4819709141324c5fb7f7b2d0eaf036c3288e631f4bb,0.305263,87,12,1114,922,3,9,11,0.0969
dragnet,83015ec2eda50b1ac4844020293446a8c7125406537d142916d42264287cb4cc,0.000000,17,0,0,44,0,0,2,0.0253
dragnet,b40428dba31402fac4d1d38b854b9ad5cb7557a66bbd553507c013f56bf9af54,0.597303,96,24,3279,5151,21,3,25,0.1066
dragnet,30532517e67f9016905d6395dd0990ad558d1849a9260d756cca284f32632722,0.719697,104,17,1931,2620,15,2,24,0.1256
dragnet,5e85414b25e572881fed376e175bbfa569df21632a8fc27a65328f8d28b02985,0.754125,53,8,1782,1629,6,2,8,0.0855
dragnet,a70dddc56bdef892dc33531b9ea3ef3aafeb54c628a58422d4997cbffccd75f2,0.441917,111,11,1320,1944,5,6,31,0.1353
dragnet,be00a936931f1e52cd94ed211e00d467729d8d7013b2779ee52bdfc546603f58,0.782190,84,18,2301,1685,12,6,7,0.1436
dragnet,4ad0c5bfe77958f5736d0b99384cbd3049784c44f3910459d5e1f23df3a585ca,0.755252,109,22,3080,2550,15,7,11,0.1450
dragnet,73d21f50f9aaaf8ff835d698e854e26593ffdfba6ff5814eb0d997b1d55a8d4e,0.894435,59,13,3299,2909,8,5,4,0.1021
dragnet,9efe00ff79e8cd74456d3df59edd56046fb55511bec6dbf7b12568e62cf2c2db,0.662363,138,32,3724,2178,14,18,15,0.1617
dragnet,a979e7502d21ff1b2c25c1a3d9536d9376868f5bca58ed9cccd8de204de671cc,0.817661,91,31,4978,4568,22,9,15,0.1032
dragnet,52e39600542bc3f61fb272344b91adffb35ff3c49ba152e9a5191a656e0d003c,0.105263,24,3,1208,372,2,1,10,0.0400
dragnet,6cf9796b436188b8929236a387c0456b192814c6df3b9e01297730ab9d8821c5,0.898634,63,44,8885,8527,42,2,4,0.0732
dragnet,c54cec84aad018b2f363bb88d8895c800f0baf3d494cd3543f05cd9a81cbb483,0.663404,47,14,3646,1798,9,5,3,0.0837
dragnet,cec78fe0d7bc853c84aefc5af2c79f050a7108ed611f750eb0b7c0fac7665ed8,0.904459,220,140,35467,35651,138,2,46,0.2404
dragnet,024260650bedb106d3829a78ea681eaadb6d92e59110f4ccee614413388caa32,0.596787,180,40,3959,3252,21,19,34,0.2197
dragnet,ceecc00b7415b8026d08f4f974a2a7bd800edf0bd14cbe0b4dcbfaea849c297d,0.661947,57,4,624,855,3,1,6,0.0863
dragnet,32505216b67baeeb578c65593d301fbe6915bc25129f04eb01b7b03c60d3c3af,0.835196,63,24,4689,4186,20,4,2,0.1122
dragnet,a8360bcd338c09ae472d04f201f17e9e4e434df07c244448912e5943e7d5fe36,0.169154,24,5,1306,329,4,1,8,0.0392
dragnet,199598eb5a40a48f1c9f4b198a60fbc14386185843940b230795b157ced9d5f4,0.798189,85,44,6499,6150,42,2,22,0.1127
dragnet,587a1caf2a3112ff35b179ecb1ea848e7713d0f13c397235f0e8d9a7b55c798f,0.857949,118,22,7462,8839,19,3,35,0.1799
dragnet,98fcbaab587e8ce8a8c9a8627b000a7002dc6b4492e26b05c88206cccc704871,0.651069,103,33,3669,4485,30,3,32,0.1272
dragnet,577147b4e7e454f7ccf2d3c9b308b90d5df5b4093f59eebb9fdac100fef4941f,0.733564,201,74,8107,10093,71,3,47,0.2591
dragnet,6dd5b1fc0142c6baa04b2fc2da9865a489514b4cd4d7df0e4bd206c615858072,0.117647,110,9,342,1723,8,1,63,0.1551
dragnet,3854dd5c707420ac64357e3bb9c8ac92058f5ef476197833dace0386ed138ec5,0.013878,62,6,192,3489,5,1,17,0.1109
dragnet,4a70909cba9205621570fb517a07d4918561c82cb6c3f2cf2bfb39d7f2926233,0.825575,168,64,12300,11705,58,6,49,0.1976
dragnet,7a9aa609b1adb16ee48cab9093e0b653348755c9ade8935843090ea495bcb2fa,0.839264,82,40,11174,10686,37,3,20,0.1123
dragnet,0fcb0c3117ad2aa73c83efb8ed9e4a0ef66fdf2954813c9d5cf662c6a88c1bc2,0.832438,202,58,16823,14812,52,6,35,0.3271
dragnet,6022bf2803df353d4acfe911beb06255a9c9bd70ddf8416ff89907114d79184f,0.848283,82,10,1333,1281,7,3,4,0.1450
dragnet,b2ddfac620690a7c6d56be73f133e14ff570454793940d35def0f906db8d45cb,0.716785,55,12,2406,1755,7,5,9,0.0857
dragnet,19d28732f835ddab482b35b856bde397d662e03b7d4bbce04c14217c37019bcb,0.773181,116,29,3856,3738,24,5,34,0.1908
dragnet,68e84e134ae6d0a89763db8fc05a382ed6b0dea8cabe8f69338be90b327e3ea9,0.480315,109,25,1297,637,9,16,22,0.1209
dragnet,d499a3b50ac945b532a0313b98648db3da0bbe12db103da3844de6461f08ad70,0.520197,182,54,5081,6868,47,7,57,0.2115
dragnet,3479333022c574dbcc4c8c2ebf21bf043ef43876a3a45ed5220eb6ec89dea121,0.820621,385,154,26937,29620,145,9,172,0.7590
dragnet,5aea400f2d614f1ba316bf0a07dcb28aa1f0bd069b21081bf1f9059d7702700a,0.869205,61,21,5370,5014,16,5,3,0.1179
dragnet,0bff928ace019baa133d7c2b955fbac0d7cf807ee376b0047ab2f2804013c5bf,0.810313,59,26,4088,3103,14,12,5,0.0835
dragnet,ddb79e70680f7668925c0c09a5bb83a589886140d8c738b6bcdc103e5ffe14fd,0.840566,224,96,28352,25373,81,15,35,0.3395
dragnet,95f57a60d4e91c2b54f12a7bcf301e0b26073ac9aae85a6a322481c3e180e2ef,0.586207,59,4,368,449,1,3,10,0.0943
dragnet,59871c3a26a8f777018d88ca261c62a0c45be8bc8a0532b103eb56a0ca94c4c1,0.658683,97,29,4973,3362,16,13,11,0.1345
dragnet,9cc6d87a9f4c420648e8059475bedd1844e1a0d5603b9082e0c8e0f43505e46d,0.608468,283,72,7123,3458,38,34,28,0.3100
dragnet,1375c3cfc24bfbf7919fd68ec99e5e14cc53b9e1bc078e9163f0eb427e558f3c,0.166134,29,3,103,704,3,0,15,0.0349
dragnet,0cebee13485a11c84f6a2e7a0577be74aaf2546c429847fb0ac82a3939e818dc,0.531250,24,3,144,228,3,0,2,0.0519
dragnet,78fc7797f1674e93d909e1d19f10fcbefc0e3df7300364732a3af2d1b0a3977d,0.848728,1,1,26681,23026,1,0,0,0.1011
dragnet,24dacfd6532b6de870a20c072d3d065afc92f1e69912594df95594b7902d03e7,0.738164,81,16,1573,1335,9,7,10,0.0823
dragnet,c79969d9b5de312a75ab44a42f5dd3ccd446ea47d753d4ed8573c2dd5ee8ea59,0.069930,23,1,34,372,1,0,5,0.0520
dragnet,85de1d946f58bc13af0f2c482aa968ddfa031ecc31796c8d2dbe858a284a8a1b,0.000000,75,5,234,480,0,5,7,0.1138
dragnet,425db49bef85259402d613adb942398123032239e44318625153cb6f49476384,0.657673,27,9,1559,1565,8,1,4,0.0634
dragnet,5414a4fbafa7b435ea846a9b80c02d9f8074e24d8cb5424b66f564a36683afba,0.145815,55,13,758,2272,10,3,8,0.0965
dragnet,061d3b6837f06a6e88505972791f9fb532ff60b1019b2efb08d5f953715a51b3,0.603390,33,12,1047,1180,11,1,4,0.0678
dragnet,ab09cc981d3103e7f66045120fed80d95cd7024360668ba084af8fa04f18f075,0.107623,57,3,226,370,1,2,11,0.0764
dragnet,34b41983f9d3bc304a30c3648090cee278259e165c9fdf0d0ee32d0b289befec,0.857461,41,19,3928,3991,16,3,9,0.0727
dragnet,b6e57f2488d897fc299b5a2368c9e7809d05c508956105100fd10154b5f3cdfd,0.407567,206,16,1811,1145,5,11,26,0.2670
dragnet,c47eb157567f9cdca6d7c9f1ff9ac62b666deb2c577f24b5f9a00e671fed0e48,0.730889,117,17,3099,4428,13,4,29,0.1556
dragnet,ce628315e2ebd07d5798e3a7463f840ffa4c9aeca914e3e4d2ffaeb33e945149,0.730959,123,35,5192,4177,24,11,27,0.1705
dragnet,41bf9d439681608b170fe9a6a1f536e5b7636d335f9f88a675560e02d423c601,0.776547,43,3,1637,2167,3,0,12,0.0798
dragnet,ae624c4fe982e7865ba56d69d8d57af4078d3a511782156dfbb11e276cc0e374,0.064516,54,6,195,732,2,4,6,0.0915
dragnet,bd96f3987144c37673e33f0ba53ac0428a89d5158ab84ba95598383d32e67188,0.624292,411,168,14087,21268,166,2,170,0.3959
dragnet,0dba7939bda7d56fe7de5d8e68e25a8d389207159c82afa01a21deca4d18bd5f,0.786420,151,53,7245,6267,47,6,56,0.1985
dragnet,6a32e4bba5a5819c54e404dd39bc9761b87539da29bd11ee2a50e2269803cb3c,0.360248,102,25,2671,1066,5,20,6,0.1293
dragnet,c01b7fb08bf55a23d461d43dd846bea12e885148d0a84570980f8f1df45150b3,0.024390,132,10,576,29,1,9,1,0.2036
dragnet,f2a883e98fca21da3d5ab3ceaca675c5b96991ccc99c83c3bb4ab92f7cce1e62,0.875201,51,13,2676,2369,9,4,10,0.3387
dragnet,9dac54a56a6a19da631991bb904bbb70f735a7d42af19934d6e56801c29eb800,0.840766,227,38,8851,6469,14,24,44,0.2553
dragnet,0add26faf77fb795cef26a9c01170a6bbe4ae573530ca9d0468a2dc36372f3a4,0.000000,203,6,247,85,0,6,18,0.2551
dragnet,e9c766e0c7e019d049ff561314ca37764341a94e3507e738576315abe663c1ba,0.099310,57,5,180,1872,3,2,14,0.0930
dragnet,09a4ee8d79ed44cc556b057ff11d55420d5cec1cf492d9a6e309864df671f267,0.816533,123,27,3501,2814,19,8,22,0.1266
dragnet,3a1a54eeb7135d16be3ae491f80a980fe288f4c4686abd3c47688ec4f4d106f5,0.202572,24,5,1327,353,4,1,7,0.0388
dragnet,8c7938a6baa5879e4a1c62b7b7f576a60879121a4768b380340ca9562e181832,0.822093,225,88,23397,21098,79,9,57,0.3458
dragnet,5b44dbbab7c591cbc195106066e075f5afd803acb4359819445091bdd4b62ea0,0.898977,65,22,5456,5369,19,3,7,0.1271
dragnet,ce2bef935d4df017f49dbb530521828847f343337ca8501c4ec8387510703d28,0.622824,31,9,759,599,5,4,7,0.0724
dragnet,15fa14e03d2d2792caaaa3cbbede104bdb17a1bcb032cef7cf7cd16714d87bf3,0.749806,117,18,1765,1600,13,5,11,0.1413
dragnet,c53b0c3adc1c50a05aa88eec9bd61cca1836a6b423ceec480d4f2fd09ae8cace,0.211823,118,7,696,323,3,4,3,0.1379
dragnet,0341b5e63e1e6317ee7c3c533dd4b76a1bd3153ee9faed58531c528bf61aadaa,0.239416,58,4,268,1451,3,1,14,0.0790
dragnet,3753ca4189a2a6d31208f156501ed2761326328bb8dede8f6ce692116df7e116,0.214634,204,23,2859,503,9,14,17,0.3175
dragnet,3ffcd20993a88c2cb13225bafb83005fd32ab444c52e9aef206ea782ee7429ac,0.892980,80,27,4724,4373,20,7,12,0.1129
dragnet,e931bcd026d357f76f2a41aec4b0882683016d4b750b08bfe2b18129b1272d46,0.880171,78,27,3672,3339,23,4,16,0.0953
dragnet,d71e14d2585793a06c3e53570410b9b46be6500a159998ddde71371d9d7e3fe6,0.640869,106,41,5602,2905,12,29,8,0.1332
dragnet,0a40c271e37d87134f3ecfc96445eefa8714022b5e055e471f5af381f3fae6b7,0.478664,124,7,597,901,5,2,16,0.1307
dragnet,3d76da3cdf36f456fbc4ab18245d4ec1f9487098654f3acf196a030534ea45bf,0.746633,76,46,5770,4674,32,14,8,0.1115
dragnet,7a32e47021c59424aa18ad06bf95b70c362d8d9cc119abadb2573a22df8bcbb3,0.782725,238,92,15213,13791,76,16,36,0.5932
dragnet,8c013a4b51ca44ae0dd1c9291664723423948b8c3a7d69961f23cbccd45ca83b,0.733193,137,25,3016,1840,14,11,15,0.1399
dragnet,1eef5b8e6d55aeeb1da2ec367d6306ac28f870b87944d2868bb299412ad2d10f,0.800959,113,4,604,518,3,1,8,0.1326
dragnet,c760d504b41de9d747eac38c22d2e644c29d9f55028cfcac136d60d2b23b4ce8,0.543392,159,21,2153,2840,13,8,33,0.1327
dragnet,87aca58e99ac896f3fb90c9f01818f1adb5ac8f465ab3dd0f03d7ea1d1d44275,0.626396,334,99,3864,2208,24,75,27,0.3197
dragnet,6b952c14e8a3ed7ba944545979c7f8af33f66885d62f717fdf25d16d742f6060,0.534992,119,5,773,754,2,3,9,0.1383
dragnet,854a3f4899ff0d47ccad6c2e3c41c7a3a7a8f67f3388f1be85745eed3da18ea9,0.814664,64,14,4132,3771,12,2,4,0.0963
dragnet,e6fed89b19679d8824448458846f501e019c87fe9367d66f7a79636d82f09295,0.074246,44,2,97,1104,1,1,4,0.0998
dragnet,54ab9381c993c28cc239b0d12fbd25a7cc1fb4bf1e2c5b8849a99c2140001c77,0.843013,126,34,8670,8928,34,0,43,0.1443
dragnet,08d6b5288f003d19502d813c6658a395db34b4e184a9df1a76fd2361eb506f1b,0.450972,64,35,9497,7857,33,2,9,0.1421
dragnet,fd2cfe9623d4818887dfd9bb39707dbac343510fba2af5290cab54b0b4e2f4c7,0.817391,61,17,2497,1992,9,8,4,0.0880
dragnet,3718b8fe03a5763afea8d9d08dcab2f99c36147c249fd1e87e600e8673bb0db9,0.556870,140,9,1575,1502,5,4,28,0.2305
dragnet,d6cec45865adb5bf0b1782b02663dc8872eca08d0389368e56ebf39074f494a2,0.894134,39,14,5833,6265,10,4,8,0.0762
dragnet,1957c7cafd87861d5bb9045c7b8a597b1044e26da886e54251b480624d98000c,0.022247,165,9,410,1900,6,3,45,0.1786
dragnet,2fadfd963789ec35023dc6ae24c5e4a702b7ae1622e54552e89f0a84b3ae7b29,0.826496,133,15,3340,2798,11,4,18,0.1742
dragnet,f008a3ee8248271d1fd389d41135da956e4980492d774ba7a041248a0f99c612,0.854167,80,22,3119,2787,16,6,18,0.0974
dragnet,92451f0d433f9ac6499ba409fecedf0b9cb6816f59d969022c5dabe78bca0941,0.168464,67,12,4680,545,11,1,5,0.1021
dragnet,7f8d3581fff8ced83981becdffa1785ec996f8398384f95a34a3aad5c7545c8e,0.374368,89,49,3644,1004,22,27,12,0.1080
dragnet,89b86cad2606c708cc83ca10cdf97b2275bd032d691f41408ac50a3d2e68e80a,0.599572,185,25,5374,2346,12,13,20,0.3199
dragnet,a692f84136a7d8b36ef30c8233c55c514ea0f5ea27d00a540191b499ef02a09e,0.809012,215,91,14221,14807,88,3,77,0.2178
dragnet,9e00b413537a17f786b03a8a73535ff670c2615eb43e19771e45b6fe6415f6ff,0.615370,456,149,20155,29833,149,0,261,0.9118
dragnet,b32d280690a0f919e063fa2dc6e5398b70f0b248bd7ac7d0870b280ec72db347,0.845417,128,52,9042,9015,45,7,29,0.1515
dragnet,de178f244bf0bf46dd123e128f48877de7306f020350f5bf4517c4f41ac511c9,0.747973,145,25,3950,4620,24,1,50,0.2110
dragnet,06a431e8b6ceb7b626a150d2cdcba6cba0f5455dbf6d673527acbcd10e5e44c0,0.622484,145,43,5598,8008,40,3,60,0.1721
dragnet,03c55392362d095e1015b08cd3030986f12477e71c2524c9d35d3dcce3d3a7ed,0.849165,179,85,15789,16798,84,1,47,0.2060
dragnet,ebffa1856a169691156eebf1ed9f92c72577ecb3ee126e4d476774076123b767,0.775617,85,19,3349,4080,18,1,26,0.1285
dragnet,d6f4c61afb5d5af03ae900b043c140c92da764f9ad654f07e27178ceed3970cf,0.785064,80,12,1603,1503,6,6,9,0.0826
dragnet,121a42097ce8f95dd0ab6381ad831a6160ad068b6373418f5c7000d6870aae77,0.895372,159,112,23062,23225,111,1,20,0.1734
dragnet,0c900c1606217b57e1cfeeb5f1c9c05c9bc845912508e2e281944d7237b029b6,0.660473,102,24,6883,7948,22,2,18,0.1932
dragnet,49462d6b69e12d64d0b48687a00e474539f830b300006d6adba70563b10d0a12,0.093729,48,9,506,3340,9,0,18,0.0654
dragnet,0f19cba2711d9db561c1971d36fd71ff868c34b66526c4aaed8fc841223f4411,0.435134,98,17,3845,11260,17,0,60,0.1311
dragnet,c1fc1fa97f868451bdced3593dba10beb149a0e38b0a479b6b988ef648735446,0.722787,50,7,1044,648,4,3,1,0.0822
dragnet,ebae102576d3feaf21e73e089cc77ceeeab3eb642d4a36b9ce5d8777629084c1,0.197251,48,8,1455,1739,5,3,17,0.0729
dragnet,abe9fcd70183641945fc928d5cd2d30e13c9ec8ff41817929469e4831eacfa04,0.738218,501,224,34335,40971,221,3,252,0.7462
dragnet,0e24966f819c9b6de2cfad39ed13fc36aaffd74f8ae14578ffcfa8556f4a407e,0.285311,51,8,988,811,4,4,9,0.0796
dragnet,13a229bd3bcb9a06d17aa224eefedf59532b6ffd80579f8c18ed81cd38aa6670,0.251223,559,133,40464,8412,107,26,187,0.6958
dragnet,9c29d347c063c92da0bc6c7abb4a791babc07b40ec7996be5d8833ad6c273c84,0.781026,95,36,5842,7215,33,3,32,0.1220
dragnet,765aa4df23b7220d958c896cd76bac2c174a3a4fb3056535136c36da0b88eb56,0.726935,167,41,5237,4780,26,15,28,0.4709
dragnet,e1f28957c8a626d7d75c1a81d8099e97e9fb3a51a7590ba194069c61bdd09829,0.655319,58,9,853,568,5,4,5,0.0638
dragnet,6628acbc63cdd65a52a58e87a2e59307a1de7db509e9e157d59eaf860c6c3d8e,0.811928,94,26,4146,3865,20,6,11,0.1113
dragnet,577bfdd6e32c9d8ef40168ae1115e99ef1b3d5d6ff2b1353386ea459a3293885,0.559624,138,19,1297,1443,12,7,26,0.1751
dragnet,0e5fbb0885ac5252730a9aaabd0f5b592d7dd3a3d02b912e00b7d69b90a7ecb6,0.913007,51,21,4801,4514,18,3,4,0.0688
dragnet,bfcd29edca3a4051822cbf530467bb90ecb798f6edeeab15c80ec3945c126c6e,0.248447,34,3,130,308,1,2,3,0.0695
dragnet,7fdccd6beac9045ff1368c69169b9f9d4ae025058f54f18e8c6350b51ff56c58,0.801506,57,24,2742,2255,12,12,5,0.0779
dragnet,7d9b1d4e5483d70626cbccabd8f1105d256006562b127d6bd498a7bd5c750f75,0.866142,81,26,4259,3596,14,12,11,0.0982
dragnet,41aeee37bc0465025a2af4738e6e5b09924ef47d93cd44f471d3b6382d20b337,0.762955,96,10,1533,1219,3,7,5,0.1447
dragnet,2e96ca48c5b4444a14e93cdf567905d4e8f184a4db46584960b0e97a6cf74c0c,0.888303,75,36,6842,6348,33,3,7,0.0946
dragnet,f67e811da570c24f1a6170ec4cc980ecc3e9988a5a58955eb9d27756f2c594ae,0.573602,176,57,7699,3463,29,28,34,0.2081
dragnet,e60242254e98bc6c89dbd016adabe8f6158bd62dfb1c9a5a849356dd64e1ec8b,0.220833,104,11,2020,6019,8,3,44,0.1329
dragnet,7ce346b318d242dc761132b7a95ac8e3a6429b181be7cc89aeeed386d5d23926,0.462380,69,22,680,1035,21,1,16,0.0900
dragnet,e1131f6864b6c30e9d7d760cfa35f3c86cace7e065085f0917389add0267da3d,0.706640,107,31,4447,2682,20,11,12,0.1323
dragnet,1cb36084bd675b60cf1b3e89049359bc52a07b6ba07124886eb753cef44c2a3a,0.833246,402,246,36247,40055,240,6,139,0.4315
dragnet,bdfafbc51610a93f12b1bb897fc4c79a150a8c19b2a86613c3cb024ffb1a124a,0.567863,77,10,1907,3089,8,2,12,0.1053
dragnet,96deaeee077011177ccc35c8d7cdb11abf86e8287bee7ae7eca4a62579628bed,0.568490,56,10,2824,3792,8,2,18,0.0690
dragnet,1a1e97536b8969f50dc4b2131ce3075daffa5833a3a680004f5058d4963e7df7,0.672245,56,10,1165,824,4,6,1,0.0848
dragnet,61b69e95bb9a5d3b8c251046134813cae06ab7827f6baf5b5c0b24a4c8b5965f,0.709881,189,42,6139,6825,40,2,60,0.2033
dragnet,adb20a133815cbeb4e600e6a1fa4d83b77494328706d41b4f0f27fd1f8dcdcea,0.636025,94,33,4881,4001,26,7,19,0.1241
dragnet,5f429a42ed8fa4a6bf0f82004954f07c207cd36a08732e7ac3e164fefdd41e66,0.853174,156,106,18908,18462,90,16,28,0.1668
dragnet,f820180b86f9baaa6ed16aa4f35be4113bd9121dc0ed5a79022e6e250e6aaa04,0.621963,89,31,7023,3953,24,7,21,0.1089
dragnet,5ed3e1227821cd772745bd95dc83fbb324e31e68024872d742cb08386599f732,0.591221,50,11,1847,2199,6,5,7,0.0953
dragnet,02f592b2feeca268662578aa7f3aceea9b368fa44edde6ad90bda69f9fcd6b6e,0.506922,146,37,3768,1472,9,28,12,0.1921
dragnet,82af054f2c2a3c6f90449e8318400562677f650d7927cf5bd87268eb3651786c,0.709807,67,27,3956,2627,19,8,14,0.1027
dragnet,5eeebb4f6cec58dfb613944796e68c74c6702d49442dfb4cf84554a8d3dd8264,0.691919,156,17,2324,2952,14,3,40,0.1671
dragnet,7d56b058545b48aa5437f9f15a312d0803e77b7ff9524ef7a3f0d1385e3ac476,0.772277,66,30,3593,3171,24,6,21,0.0830
dragnet,6be3e3f4fbbafc73d631d5a3c50058fa0bf07e8c61215243b9c7599a850de70b,0.741657,155,66,10627,10900,61,5,39,0.1977
dragnet,d62e463b58623f4b74903f92cacb789689044c48be5a583fd46e5cd5afae9c31,0.554897,146,49,4017,6030,43,6,56,0.1659
dragnet,149b86bc8c05b61875deb767803b7b2d7c1ddff5ee1b14d98848ed4d8381f2bf,0.704961,70,13,2089,3051,13,0,18,0.1027
dragnet,a55593aef5227c6c2b8d40cfcb3f4886f42b944ed5d4ff19003bbecf64843c82,0.764689,137,42,4807,3732,37,5,36,0.1614
dragnet,ec87de03d441866af27ef61ad7143eab76a99a8dc4a1fa31125c93d86de92a5b,0.790661,76,11,1648,1569,8,3,7,0.0988
dragnet,ee40ed6cb8c9e5adb74c81c08e9bcba8a088bf50fee7f88ea6c8b3010c94f513,0.460453,428,98,24634,72533,98,0,321,0.3938
dragnet,077ec9b8abb20ebdd021aa7d3427b9f3cd81b35c29ccaa587fcfc617b6321c43,0.870780,106,46,11710,10206,32,14,14,0.1318
dragnet,97ad2a425613f4c1749b706ce3c50e0feff6016625771c50d46b61be0c770a17,0.843679,112,32,5619,4609,18,14,16,0.1247
dragnet,d5fb2cc7616d61950aaeb4b3abfbb6f1cd52aa2efceff5484dbfc00055c67112,0.932576,152,23,10348,9691,18,5,50,0.1655
dragnet,d9d57a68450ccb75bbd2854084c17dfa5e8039fa5361d64f8d23f50a2c9c2141,0.827426,48,14,2247,2346,13,1,10,0.0816
dragnet,1b2488b89284ae5656a514ea276c1483318c3376ef0bdd2fc1165dc65f56b098,0.893007,31,13,4132,4041,11,2,9,0.1000
dragnet,767366f4795e50a3b05695b5e469a1c8f08e3deadec8ca5e891de1d11db5fe22,0.080537,29,5,385,449,2,3,3,0.0577
dragnet,122ac4c6974945245fb9db7062c4f3352d6b7b6d31288debae433864f0602df0,0.269046,275,34,10177,7276,31,3,70,0.4927
dragnet,37fab7d27901dc8f213ba20bc4c109058b9bf880fd549cf1d6b3e786194d1788,0.911791,83,13,3236,3011,9,4,5,0.1398
dragnet,c2461e520647236a3bf63582abd4ef19c1a71074e94b6a02b69c4fe405c23a99,0.398649,321,84,4208,1461,18,66,21,0.3128
dragnet,9da2f67a69b2780c8ac1c26dc6c5ecc6aed70978c5c9e030160758fb12e8656d,0.107370,93,24,7875,744,7,17,20,0.1043
dragnet,4a27c9b988c7fa0dba31e89e6fb5f059f8f0e53b8cc4ccd54e8fe8e5f01b134e,0.824273,58,14,2106,2194,13,1,10,0.0783
dragnet,b2875fecbbcda834e34f74b1b40fdbfbef44fb8acd5eda454d4a7b013cc26b8d,0.830372,132,81,12913,13001,70,11,26,0.1507
dragnet,f90e2bf81f388ce49b25f828f1723c79968a814c653e4cb3ead15c7691e00ef7,0.853232,175,111,22795,22664,110,1,47,0.1715
dragnet,d1691ce1dad8d16eba9cea23045a542a0d3caf285563fd9757d5b8821a7b610a,0.630200,130,40,6897,8797,38,2,43,0.1754
dragnet,af3495c0294e7499b25a850eb48b3f2d2316bdf82bca44e14035f5ec4dccf7b2,0.614689,92,23,3861,3014,14,9,11,0.1438
dragnet,59681ecdbb85467418bbe36c9acbbc8d27f59a4ba4fefca105a8720e8d7dcde2,0.665953,32,7,1160,1228,7,0,6,0.0734
dragnet,861194f3a3c575e157f474219d25c8744bd428a4b317ff506f5a886da2d179d8,0.669680,64,23,4090,2719,18,5,13,0.1013
dragnet,aad139d630f412fdbb6cc17cb60a433878b3c291abd76b5bea8e2d84de52901a,0.771965,264,90,15719,18396,82,8,93,0.2474
dragnet,5154f68df56860199c395753eb711e3ae486c5007843d839237dc16f3db3db48,0.411043,87,16,1888,1584,10,6,23,0.1096
dragnet,86b3fb461ccdd1bf056ab45654dbee1e96064145286d45c754b3ba02a91106be,0.867664,78,7,1103,1050,5,2,5,0.0991
dragnet,1eed20ec439d914cdb2572fe2e7addcfeef9d56971990e29e4528de10f50ed84,0.769509,94,35,4892,4873,32,3,26,0.1233
dragnet,a34794d38a43678e5bd7f7e39a78eeea9595304c6cfe4b557ebf837cadb89f9e,0.738392,122,70,8974,6771,67,3,28,0.1308
dragnet,52054b6e5f4beac317cc0b4535f317c956b622347faba1b5a8f9d7ee6b209a1e,0.901831,195,76,20220,17962,65,11,42,0.2459
dragnet,ac9961983e43783c8f6be71f4e9f0d75d16333638d4544d1ee42561a58498309,0.896194,38,18,5424,4793,16,2,6,0.0705
dragnet,826b1ead3f41e38fcf58cc228838b9b8a549c2327e586b7a854587317d37b1d3,0.424951,54,11,555,762,8,3,7,0.0754
dragnet,b9e79396b565fd258d3eb140caba293f0292128c9422a736fc7ad13223b1c4d3,0.445570,70,7,1287,1989,7,0,19,0.0997
dragnet,23e5d3a3fc8e10c49294eccf6297ccd5fa641e072717755e7602c2fa31e1d918,0.859641,76,25,5736,6144,20,5,25,0.0961
dragnet,f7957d2f89ed01b1ab7b243815bcb3100b72f639e0ea257371148aa112a5452f,0.937391,67,16,4608,4556,15,1,9,0.0863
dragnet,c15b72a452d2b4ac639d0804d970430c784108837c74b2f53cd639af1eb6c9ad,0.888799,65,19,3505,3567,19,0,17,0.0861
dragnet,7f0ef807a344c0757eb1b3681f6f141665c822c193aa5a7ebbae8a630a335d67,0.675573,46,6,650,796,6,0,11,0.0692
dragnet,9b730b84f3585589a90f6e708499912ac7f653a2eb302a35f041ec5868685d7c,0.853007,125,89,15267,15233,89,0,14,0.1359
dragnet,87f665bb5d70175c2d112fb18f7f98e445cd337e2d692d9612b3078e93ca104f,0.861364,47,17,2648,2381,11,6,4,0.0825
dragnet,12eda7704e61480e2034f51edc62f1c1d080842346a8047cc1fc03bf1bbdf28b,0.152866,501,24,1711,371,2,22,13,0.8674
dragnet,9a8ef099dd13d1654106d34e1de27d49f34127746daf26c90dbc0d15f3e98d15,0.665493,96,12,1357,1754,8,4,14,0.1330
dragnet,6b7620bc267bf42074810c1e882fd6b120d42b9e3068969127f9b6a0eccf6841,0.708924,91,31,3771,3968,22,9,23,0.1044
dragnet,44d0d2f58c999681550f4e9d3711611bd4ecaae72891db02a1c9910456098551,0.733941,127,55,8112,6840,41,14,25,0.1809
dragnet,a478997af07103803232bb820bdc18ae4ea406c685d8805b2565a201a9417a32,0.664372,108,18,1873,1099,8,10,18,0.1303
dragnet,d9ce49c73f280a970e6800c01a245a214051c1b8712887bab937656c72ee6785,0.864331,95,48,8858,7512,35,13,3,0.1546
dragnet,6a2518dbadd7c8d5cd848f7129f284e1a41cc756236f4e16ef58bc78ed0e8978,0.556634,112,24,2731,3857,21,3,42,0.1886
dragnet,35a5f2efa93c221efa8f5659835c5505819df77bc8514f872bf559f001ec567d,0.857547,81,20,4216,4157,18,2,23,0.1122
dragnet,54bc36706810a6a46123f182b4485f9dee8b415d5619605b109178180e97066a,0.029630,21,4,181,576,1,3,7,0.0298
dragnet,fcee0fbcb356a23f8d00b91b97e7334ce31f841cc6131eedd4eae262b9c8829d,0.562319,31,4,890,934,3,1,8,0.0728
dragnet,91957895ee5e7f46c98c4c1a15114af227a654dce3c152e8d7a430cbd6504bc5,0.301622,108,16,1044,3053,14,2,81,0.1115
dragnet,08f1b122de2912b220286c8aef665aa24ca12a70ffa5409ada4981bcdb813bf1,0.429495,162,3,477,1329,2,1,41,0.2807
dragnet,48a130e0dd52194d89f690a3f502c674fb1e6de3479efc76d325f08dd5b6d9c0,0.601080,557,238,18669,30850,236,2,315,0.3925
dragnet,19d74463b220ade0fd59c8bfa5d4a60d3b8f5d0cd80ac115150edd5dc0519d30,0.482356,227,85,9147,8667,55,30,85,0.2757
dragnet,2b5cebf67f4cc258baf95ca2f29d379663d7018f70e21b69bb6cc78479cea8cb,0.869154,117,46,10899,11195,45,1,33,0.1505
dragnet,3ec03717ff8dcc5433a831ed80937d4a311f6176a3e2863708adaeb3068d1689,0.530920,123,14,1177,598,5,9,5,0.1407
dragnet,978c5db9e6cd04d1586c99416975f70446795af21971f8d9d8ae08b32926f887,0.788272,172,70,13309,12324,59,11,66,0.2103
dragnet,cf17182c4b145ed3264ea492217edce7a3ff87a544e604309a9004df6314ae97,0.890487,88,27,7038,6583,16,11,5,0.1308
dragnet,754eeb6a986b12fb65adc1c81839eca675e4725b866be0f2603fa687a9438b03,0.446483,60,10,917,912,5,5,10,0.0917
dragnet,b93c1bd69e97b9255be4bbb5e9482c98ec6ddc811c704bd288612429e4a736af,0.668750,119,63,7569,5058,50,13,27,0.1302
dragnet,9d35c5f30cbc24efcea603b0b02949b8fca37255e035519f5f2875801226c38b,0.834193,30,10,1941,1795,9,1,5,0.0968
dragnet,8ff99305d93fbb16d52c254267846fd47abdf128128535c74a0d548fcec68b9c,0.836393,259,142,23811,25587,136,6,95,0.2799
dragnet,4df4aa96d671b890fa48e76bab03b0d5d8c327a431a191978ed64aca8e8c77bd,0.658195,108,17,2414,3702,13,4,33,0.1192
dragnet,a7bb6ebff57d4703763950121be20dd691c52320eb974f3390532da2d7b22db5,0.883337,336,27,6325,5514,11,16,56,0.2706
dragnet,72b6208fb41dfcf14e80927186c724deae01724225b99ed7dd17e47158727925,0.777192,285,66,11604,8332,48,18,47,0.3497
dragnet,5fe1152dc2377eb6d81f4586699110467222ac66a0876cf56c0669fd2b74de49,0.491907,88,42,5176,1916,12,30,4,0.1415
dragnet,f34c788e6c3eecebafe1e870da3caf6f309f75031e8e0539238be4b1065884ab,0.823254,81,34,4406,3980,32,2,13,0.1094
dragnet,13e16f2f5e4f30b68aabf2f6cfb8afc818ce59a37e1d8ba915e95ff97b8b7b2b,0.684944,115,21,3894,2857,17,4,14,0.1805
dragnet,b8318b0c7186e4ad179d7b0674f8fe6a14e2d92347fb92d3642b1eb25383ff24,0.856735,86,18,2963,2531,15,3,7,0.1445
dragnet,60a8341d3ee38d4f50c600193f585fbe73e5c1a1fef6f229f0a844e47d1597bb,0.826369,210,42,5823,4918,33,9,16,0.2688
dragnet,9e7644ffe1962094c0d72c834e8ab2684266db844f217d6a1f137e26e06dbe61,0.778316,61,7,1665,1230,2,5,3,0.0829
dragnet,601113d7900a2221f4cc037d9a2a9f7e464b2dd2d40f8ebf75c71fac5f28ca11,0.264013,134,40,4210,779,5,35,8,0.1832
dragnet,577c8df66cd2c0dc65b7db99867f4004523025a183c4a2a4b06df4163fc37fd6,0.675838,107,17,2116,1265,9,8,9,0.1249
dragnet,b5a4cc7859f62965dc5172a1d8519c8b0c39318736c2418915e3cd285e39c6fc,0.688596,148,16,1627,1144,6,10,21,0.1616
dragnet,dda42e18b5a9f039015b9cee01c41e3edea193a7910525f39128e5428df88e5c,0.931148,82,7,1484,1507,7,0,3,0.1342
dragnet,5e01e65c8a19a5d3181ebfea2368c47cc6b5200c7146eff9ee8eaf964278ecd9,0.798748,95,40,4703,3798,22,18,14,0.1050
dragnet,56b458d5ff33b6d7fde01f4119e879745c7485071a198f469dee7240b7257a11,0.238095,58,10,595,283,2,8,11,0.0769
dragnet,a904f29a892b42d50e15ec886fe4514481f97de63d2e758d3b31ec090c5e3add,0.812257,393,210,23742,25659,207,3,163,0.4194
dragnet,d28a14f7696a681ec2fcb94044bb0241f8a8d8f092bdee53740ee68d35359338,0.682705,170,53,8159,4522,42,11,41,0.1823
dragnet,9072e5412c74cba6646246d2366999a5fc0995073a8f644189fe1a66f1a29a5e,0.722222,111,37,3814,2698,26,11,17,0.1472
dragnet,8b0a529370fdcdeb191721ecd6bd9c1946d53c9ebbc0b8afd95cd4612a02446d,0.615508,120,16,1870,1290,9,7,8,0.1268
dragnet,025615f4dc83c505a10b9cd237e422deef0dafe264f2a84dd3ce05bbb90cbb7b,0.611102,151,79,8122,6505,72,7,53,0.1693
dragnet,707d3605ca62a76c77fdbf903f54dbc205b09e481960b0e81ede63fc6effeb6e,0.353791,30,4,300,435,2,2,4,0.0490
dragnet,0d5539a2813909ee44bcc6bdec46439dc19dcf8eab1d94d4ae5f3231e2a8d8e4,0.738690,51,15,2079,1746,9,6,9,0.0661
dragnet,e074514f81334584fa389ed3973a8949c12795cba8b602fbe7d4dbcf1e82f990,0.565640,135,41,4203,2656,22,19,12,0.1614
dragnet,8873f9757205706e64e2a31fee1b72977a9276d1132ca4397e9b0a731950aa28,0.686767,442,126,8560,10081,124,2,279,0.4290
dragnet,7b75f668200f7218a5169c99437bedbb7c9b5358ae90d044d7ecf31d55568321,0.000000,93,10,465,451,0,10,6,0.1241
dragnet,441f9a2770e62adfa7467b23f3ba83c547ec01cabfc3b48be74cecb7ec202f8c,0.756115,44,15,1703,1850,12,3,8,0.0634
dragnet,c2cde0ea093ceb30f94118ceb2352f9f4109caa45f5587eb75d2f2fff5208daf,0.251969,53,2,128,474,2,0,6,0.0814
dragnet,14238f16fdd42add8ecbc4bcda0579fe98fc5eb56690b660c8c2593c4a593bfc,0.908859,25,18,3783,3751,18,0,1,0.0388
dragnet,eb37b92d132ff1730eb4dd8fb54d2b310c563c918d2d5306bc104b331c024840,0.372224,1174,218,17107,54789,213,5,796,1.1980
dragnet,e1c8241c98a373a50434611b3ff99e13b048410aa6b4a09fa9e9f27b36fd2546,0.734729,572,222,28471,34583,218,4,293,0.6618
dragnet,290fbc5f732843e8d42c9f3f7b0b5152f72fb67249af04316f68e6af151d39f7,0.891882,51,17,3969,3465,11,6,2,0.1035
dragnet,64e5f4a75262c58a576fc8c497921d56275de02a68833fd548322712ab217ff8,0.886724,235,160,26565,27304,160,0,27,0.2551
dragnet,a42e78417578974ac1f3debaecf42b763a64b5aff2c13367173de8d528f76071,0.011429,31,2,197,310,1,1,7,0.0416
dragnet,3ca74c9fe03e96cd66084e9800633935db06b592aac077182db1cdf184b340d1,0.783415,281,124,19380,22108,122,2,54,0.3232
dragnet,d445d72159f0ffaa219426966947a600a819a4f2f2a36a9206dfa33a18984657,0.737683,61,30,8073,5312,25,5,3,0.1023
dragnet,5c7e068cfa919fa034cfce1ba51da190015b14e14adadbc1bac989b15580db99,0.813196,118,41,5926,6265,40,1,28,0.1365
dragnet,78be48cd46667a2cdb2b8e9e45a839ff41ae935eea93f6155684dea106e20e60,0.313116,110,35,3075,2395,18,17,18,0.1342
dragnet,758737f69b99ad2d9b03f10d86f255b320d484ad90ccaa552fc3e9ced8e20cc0,0.688633,364,116,14522,18843,114,2,154,0.4005
dragnet,a97e107f9f7a7066236f4921878c8e2d8083918edc0dde79e0d45ad820327638,0.648070,282,93,9361,7890,77,16,71,0.3056
dragnet,1f5de845b14d25652b21e35670dc831bd0ea3dec812fa788746dc2473bfe3dba,0.756585,185,71,9523,9646,59,12,48,0.2008
dragnet,ea8d2ddb2bb0fd24ae4b27d729703c62bec0e9ab11ce841646b299f84241269d,0.589352,93,29,2466,2361,19,10,31,0.1054
dragnet,eaf614865703a0949e8af9d4182f83c0f499c524f40bb2cf417b16ea9bec293b,0.557159,80,16,1574,2882,15,1,39,0.0957
dragnet,10fbe6fe122639bb39d787c5d1693a1091118bddc9b1fb19506441757fab3771,0.881107,44,7,1639,1770,7,0,12,0.0639
dragnet,a07af352a9953e60447140b301ffa353e940a87b245ff977dc57068de4624bab,0.828590,72,30,4167,3700,24,6,12,0.1068
dragnet,f8acb8a4eb747f0bc21b27d1aa745e890e5baabd4c4e3d7e92d5b34941577063,0.623824,64,9,937,823,4,5,7,0.0966
dragnet,d4fcc829b9944229f2a77906ed81d78ae7ba3afe60b2e73c933580b4c319352f,0.502075,74,12,685,679,1,11,3,0.0866
dragnet,d0c371743573dde89ea0fe98b25e2f6794f2a6ea7c2b9f5efa1d2471ce89502c,0.893403,111,39,7714,7374,31,8,19,0.1352
dragnet,7eec9931dcb47c7e8a8f13fd959177f9c4fa5f3584d59f04602fa7128e270454,0.879302,29,12,2660,2351,10,2,3,0.0644
dragnet,d39b38421c2ae74368ea61979533219ed8ac5c0bfe2e7098c949923ed2f23c3a,0.677121,146,53,8212,5256,32,21,20,0.1711
dragnet,d2fee9259223e1fa9d584aabf51d72fdcebf7d66e181bc9d7f957d95cff4ad92,0.197861,63,6,286,554,4,2,17,0.0833
dragnet,eb04cda21570f7c23961d46c63146414a556dd6445d2e0606ec8dae70e39a20d,0.848743,86,43,8871,8239,38,5,23,0.1158
dragnet,5742687a10c678e41a4fb9030fa6216ce442fb875a8ea5c3090fd8e76d81000f,0.833089,138,82,11907,10965,81,1,14,0.1763
dragnet,e9d8b7ed5e6cccecfd2b11f036819f6c660ebb14258e025507a79128ffed903c,0.776263,56,26,5875,4978,22,4,15,0.0751
dragnet,1c68cd71d0f04fed8e49c58850411f175c5fcf5fc73b8fc7e463d215704e9ee0,0.891920,71,8,1257,1184,6,2,4,0.1223
dragnet,58955eb106b6639c616e039b82c3a6098e901beacfd4e96dd2f2a8b46b8217b6,0.831653,70,26,5271,4207,19,7,3,0.0963
dragnet,3a3f31e49e6cc8b713c361ee1e6f9ed410a8ea85c800bf762e699cef5c268d5a,0.674147,291,129,20960,25555,123,6,105,0.4611
dragnet,10267a3f05984e384b36a95a37cf332fecaf3be0d63cab6c28df698bf35b0e66,0.399663,91,16,1301,1766,11,5,20,0.1427
dragnet,43ca01e87a4444158a853594726c03f55d8a9996005cb4b43d446a1cfe5ee17e,0.850608,80,39,10131,8242,27,12,3,0.1448
dragnet,12cadb7065e9459d46234337fc8f304ebad95ecad10e1c0f240ee2dee1df0af1,0.685368,1,1,7934,4434,1,0,0,0.0704
dragnet,a5241d245d6ac908c719aa30418ff8a1d84d2cf9786a4cef06c31321ea72295d,0.889423,63,19,3873,3902,19,0,18,0.1041
dragnet,4a43bc0c82f9b9f06fb422cca0da1e200bbe9bf9a51630e4f7f3764140bb7449,0.257143,52,4,116,69,2,2,5,0.0824
dragnet,22f9e0767efab2672592a333e2e5c112f541a6b08952878bb8a09169334f97f6,0.149378,53,4,114,382,3,1,11,0.0895
dragnet,0971d7fe179582dc10fd27ec8f413dc62d766f3754dd9a543fb5ebd47e3cb4bb,0.828399,108,50,9106,9601,49,1,48,0.1396
dragnet,d4dbc3a9d347f158d78f081b09afb9ef4332c9f950943404c0977af441b02b23,0.799517,127,71,11195,11292,62,9,12,0.1512
dragnet,9e28c4a501ffc67cf423f546f4563096ff8f9267adaec915d7da7710c05d012e,0.880352,42,19,3668,3659,16,3,10,0.0611
dragnet,a7b478b996beff8ef128f9be8a6fc2badd825a9cb51074a1d321ff3515ca5a50,0.738124,127,75,18357,14832,67,8,29,0.1671
dragnet,40dc76d1a9441eebeb8b4e391569789aa672fbc971f703794ba30cad21c18c5d,0.833889,32,10,2142,2090,9,1,4,0.0637
dragnet,510aae4c8f5ac26ae0d025517ff3b496da7569a79c66fa8c23ce61b4470618b4,0.727273,81,17,1583,1280,10,7,8,0.0837
dragnet,dbd85717e798a63f93ceb64c94fc1ff63bdf727bb14f74bc965916fbad8fd020,0.723118,63,10,1255,792,7,3,3,0.0877
dragnet,ad94eb6d222e1b560783c9685542d84a5eac504a920a8f7176ceef64c91e27d3,0.745591,200,74,10724,12470,70,4,85,0.2314
dragnet,5224d3d408f8872f9499787b32e87e44731acc1abe58613334c29ad4831711b8,0.809925,142,26,3181,2685,17,9,18,0.1618
dragnet,a5af547bcd2a8acb0c3d9f775dcf2ac73cf7abb102a84a94166e2de16038dc6b,0.592070,55,12,1611,1256,7,5,8,0.0778
dragnet,a2915e00b89318d04a58034e9c4c42d1177ec1bf7a7c4a906a86b9abbe07467b,0.790083,72,31,5651,4236,22,9,10,0.1005
dragnet,18ef6045e228f755e32f959c668ef85af03d9f54f75aeb34006ba209682f5b99,0.417763,40,6,757,874,3,3,9,0.0839
dragnet,aefd79d29087b0b8d842fc3f242e2ccf6969462a3dcd7f5114e36080a697e75f,0.688936,442,169,21708,23916,162,7,249,0.4995
dragnet,ef8d78132e0ba479e0557db3fd61c1c3317bcc19af62e51356970ee59c1a1a3c,0.794836,1254,641,77586,83736,639,2,401,1.1304
dragnet,7b04e66cd9c2fa11fb368f2e49abd095406b71d7ceac71e1e55b3d50c9bbdff9,0.727780,75,25,3161,3211,19,6,20,0.0828
dragnet,74f367cc257d383d9716b8555db5332b4f26e65e1cc6945729886c22eca2d7d2,0.148607,39,5,219,566,2,3,9,0.0749
dragnet,8770f33b719b1032fcc4ad43f13a8d6b1198ed561feda8512c72d4ae83c0f447,0.676796,65,22,3215,2528,15,7,8,0.1086
dragnet,6b49fc3c21a5eceaa9ff90f68198163d3a2a29b6c037a051da8e2473f28b79ce,0.829369,41,13,1473,1209,11,2,5,0.0744
dragnet,5ac62572cd6fe5a8e9e528d47e629ed09580d8391efb9d1625b056ffe55f5515,0.865367,82,44,12039,10987,37,7,20,0.4047
dragnet,b220a96f481e65f88e8b0a325e5bbb6af4bcdaf419164c3682320bacd6fd7dea,0.080000,18,2,56,599,2,0,5,0.0267
dragnet,8a391425691ff2bc446b78793434be8609c4aee5d8407f8483721559687bb0b9,0.470588,88,20,958,874,12,8,21,0.0872
dragnet,0f0caaac3665925fb5e114b3fff8a7ef307915594f460cca93f30853216342fb,0.543575,56,14,922,675,7,7,7,0.0861
dragnet,dc1136ad7aa55a67751ffcc4bfd681951f07217dd1aa5c4d26358710039e2753,0.621598,300,51,3791,2322,22,29,29,0.3371
dragnet,00aa9411e90c699d881cddd2e292c913d030172cc139c031e97be2bbbdc754ff,0.588235,43,7,546,505,2,5,3,0.0722
dragnet,660debeb8064f17caee265ee8b0510781bce93d1c43a1440c4f411069b4f3dce,0.864386,66,25,4791,4058,21,4,14,0.0954
dragnet,24d26dac3ea606c4811e19abe488a97c5196d9be6498a4ea1e4f5c393f4e9a96,0.787763,81,24,3545,3494,20,4,14,0.0972
dragnet,d7ef69786792b81b6b8288c1465e923a9f009a8a91682de121586de4b90fabfe,0.727103,89,18,2196,2533,16,2,19,0.0995
dragnet,ccceafb3aebe96ff7805386ab595d05d1349b32fa34c093da3f50383ec78e62e,0.158076,144,9,287,353,2,7,15,0.2112
dragnet,ae84d1cea53ff205d66e7627bbbeeba2f801f2723dee9ec8ffefdf228d0d39b1,0.868304,77,17,3643,3204,12,5,19,0.0866
dragnet,0f63ada6c9d43790d32c08267cc34b295cba4c76fd24ca292089e240227420be,0.665102,110,18,1986,1393,9,9,12,0.1353
dragnet,d0f2868830c76a1b4cc86cfd20e057e201b94c1e167ee22c7b247d2759d0601c,0.754396,65,26,4113,5065,22,4,14,0.0946
dragnet,a59bd1306368f36e9ec53390ecedce17d94a3d82168b5faaa29730fbddfb88c0,0.847945,88,18,3105,2715,11,7,10,0.1059
dragnet,c182e34b3829f7ccba173871886b8241e11bc4c28d293a6b08224ee4de9a6c58,0.197260,66,5,285,669,3,2,22,0.0920
dragnet,3f63d1f39938f202876d88e8e6165c2f1baf494fe7a5a3f7ad04d0fba9e7182a,0.616279,57,9,1052,808,5,4,3,0.0874
dragnet,07c618e6808377a3554cec97e5add05d0b8f55a070cb48d9731e375310e9e8ae,0.659218,52,19,2986,1517,10,9,5,0.0849
dragnet,fac7606425e17fec9f0eb7ed0f6a0a0a96fcfc742aa2175eb341c82073c6de5e,0.397125,62,26,2056,934,12,14,6,0.0935
dragnet,92747270ece85086d60cf868f35508c28ca8b0c99c71b1e5d1399a8e88d769e3,0.618313,143,39,2786,2579,24,15,26,0.1358
dragnet,f4ec10fb63680522e3157ddeb23910df5dae32be2e410790e2dce981d11cddda,0.000000,47,7,308,764,2,5,7,0.0689
dragnet,d8b4f4f276275e9c71dc3c314148589343b3ba171c04aa99bda4b0cd69a92e19,0.787842,110,17,2365,1875,14,3,18,0.1329
dragnet,81a4601929da82062668572530fd6f217d85111f6805b2319fa80e01bfd96809,0.814596,35,10,1354,1317,9,1,4,0.0588
dragnet,eb6b804a8a6065391b412433a30576bae5ac888e8d899efd719c6f37e62d633a,0.744848,130,22,4188,4223,19,3,38,0.2026
dragnet,0d26ff2c9e3b74b619868b023fcedf63771a6066009d1ddeb000ce98c576433d,0.596994,151,11,1361,2173,10,1,28,0.2605
dragnet,ca05eeb42e5c9ab9e7cbd6cff77d9fd3064a498e88d2e190a61524630c51fe0b,0.874317,64,3,833,917,2,1,8,0.0854
dragnet,97282493aa2eaeca40d4d6a476fe47351009f97434545f8294024005552f0344,0.765154,154,68,8461,8936,62,6,30,0.1935
dragnet,277fb88755fde915733ca0eeb65cc76236848bff87a788c4192d61fe82854f27,0.825734,46,21,5354,5248,18,3,10,0.0671
dragnet,dbc1fa4157af3a4f2789d68f293f7bf120d621b611bbb0d3682fa866393c0840,0.273423,42,5,570,2148,5,0,13,0.0634
dragnet,22bc767d071c743c05aa36386466532675d76e6e8597b85c40f126bb1c5312cf,0.926761,38,8,2876,2732,6,2,6,0.0651
dragnet,a10353bfb54070ef0da499d77d7e0291b4f38cd4c16b853f8f0a68d9019d359f,0.645839,97,26,4340,6171,19,7,23,0.1188
dragnet,06a018e0d883664788d370bda1e45a5bbda5106cc466f9e0184552bfec38e36d,0.485128,156,23,2693,2909,17,6,44,0.1710
dragnet,addc98cbd4c08718c1633397526dca8435000d4d4a395c208498d1ad8f37485c,0.854842,66,31,7798,6461,27,4,13,0.0893
dragnet,fe1f0db1446796b04363c5742b69a65cb98c179ff2ae3deb386844c3db15885e,0.679232,109,37,5011,2986,23,14,16,0.1349
dragnet,dba6c514ea38a391ca0311e6ddc9ecbdb0e1e79546813d9d2198eedec7813d6c,0.808118,134,68,10119,10758,66,2,26,0.1673
dragnet,83c7b523941b4ce6e5854e1714b479f3ca6558255baf413f740d60fbb950dfbe,0.645643,79,23,1582,1424,12,11,10,0.1108
dragnet,cd136fd06d74067cf0897cf51169ded37692f4f648316a498b28f2d95d107ed8,0.875079,119,23,4674,4153,18,5,11,0.1438
dragnet,b00fb1990cb4d70cce6421a60f2bc5bca62c681d601fe006cc4bfe5de03d5961,0.438861,102,8,525,1041,5,3,17,0.1487
dragnet,1f656262ef1b6cf5f04c207f7a8dd9c7dbfcb9e0c1fd56529ebf562de29a4da3,0.684211,122,19,2664,1996,10,9,12,0.1426
dragnet,b09cc1f59311eb3954a97d1c184ab338e159db620d71793c7a68a5484f12a1c2,0.122568,110,7,1260,1548,3,4,34,0.3839
dragnet,2632792b4ff99c9b26ae810e2ac4457816b2281e4b9270476d77870a8fa5eb73,0.761322,44,8,1172,1257,6,2,7,0.0791
dragnet,4accdab7385d8d459255b2097d18b0a3b3310c5b40f24d3879d23eacdf4572bb,0.000000,29,3,181,85,0,3,2,0.0473
dragnet,2624adb8796cbe9864dc935ff8e001fd35fb18f44d301fbc6c61f9118243eda8,0.540493,91,41,8034,3515,28,13,16,0.1279
dragnet,e1d720d8236bd1d0e1ec434b67673240d727625db46532b4281d0ae66691fa8b,0.635774,91,22,3417,1966,15,7,10,0.1121
dragnet,13130e0eadc541edc7201af48990ff5c8bb2aeb9a8f06b5e3fcd0922c7173b2e,0.934483,84,34,10531,10232,29,5,7,0.0972
dragnet,cfe10987fd606d3d8890b75e21e434d82d533c7ea8ea21a683266048a3430c40,0.509301,2279,592,56591,120414,589,3,1268,3.2093
dragnet,7f8beb30ca7311238999edf04783aab86b1f68aeb7760fab17a7c301d2b60285,0.799272,105,25,4829,5264,22,3,46,0.1292
dragnet,c4f6687ff5d9c10b87f7bf4c559b07db782e1941c99260bf70f81abd36c367e0,0.534138,146,40,4439,1883,13,27,11,0.1929
dragnet,b9c4414f47977b8d803da027bb80eba3daf4c31a3bb79c4420bed18c9291f153,0.828951,81,24,5258,4716,19,5,11,0.0833
dragnet,bdfb956f182b7d24ee23eb42f22ebf24a64f55cec21da5d7eae256a102d4f54c,0.748634,80,17,3142,2700,13,4,20,0.0999
dragnet,3e44a3dd06ebbe70b7709d9aaade6b8346b52510b2264b236078385d74a14864,0.833986,73,11,3207,3689,9,2,20,0.1152
dragnet,abf4b286356c839a7ce25fa9f9d0e7a9173108b4cd6680774e5d943e5e361a04,0.363879,1127,234,20846,62484,232,2,609,1.3856
dragnet,6b14fa35baad11bd66fbde30157f4f47f1188e92410876ca834e527bb8ca54fc,0.221551,128,7,3934,828,4,3,15,0.2646
dragnet,ec4d544489a063fa4d5d1cc4b44199db487328cf0e25d232e3c2d3305c631a90,0.805808,74,7,799,623,3,4,3,0.1163
dragnet,747687598f44b8fc2cac4f25b558a8ff4ee0eaf5dac9fc44ca13a10d4be429b3,0.698294,168,56,4801,3093,31,25,18,0.2099
dragnet,0e9130ab96dc4f0905dce2c849aae884ecd2b46fd8b9f8278effb54a2d814609,0.788166,105,12,2106,2435,11,1,11,0.1275
dragnet,0081adbcb7f4c7b077e1e51a2c0c5c469eb6e969ff09f0197099a3e2276b5f11,0.821782,58,23,4322,3896,21,2,9,0.0889
dragnet,1598e9c6c30ecc49d90031c64134a769e3752a4cbc0268c1c0b21728a41e20de,0.678414,93,24,1325,1390,23,1,9,0.1526
dragnet,8100117c93310418f947e310483e001b49a014388eb5affffcfbb51a107e6e67,0.366279,46,9,1360,570,6,3,10,0.0874
dragnet,5d770b8c5e40394eee25d0f0ee476d76be2d66916cecd9f942179ce5244d590e,0.932370,29,11,2684,2601,10,1,0,0.0518
dragnet,521a1e4fde4576774548949757c854650ba3289bdaf8ed91148ac4b18806373f,0.243094,61,5,801,655,2,3,9,0.1061
dragnet,561d1c14f111e7071275b2f210ca48891402d927f5d17dc8220e65ea343991f4,0.583247,580,224,27644,53496,224,0,346,1.0355
dragnet,f8055924f9b2ac927f0683b1e3b5764b5a542acacefaaaca700226092e4f94a3,0.803156,69,19,3872,3044,10,9,6,0.0938
dragnet,fa295b0df15bd80a91149556aad9574cd94ffe8d1bfc9afad79b927cec76372c,0.708798,744,357,61656,74647,330,27,255,1.0899
dragnet,bc0e118cea69c6998435960d08b45a4451bd7cf903fca83c7e408cc2a422698f,0.808930,87,44,6171,6464,43,1,23,0.1062
dragnet,28ba5a7a6cdf5b54cd7ae611513242ef1f2fb9754854b8b7d235c9c71fae64ff,0.849817,56,33,8078,7811,32,1,10,0.0862
dragnet,a84da5ea11f14be3e5201e04782da8a5059f7e2ad9eb5fa4faff9aa019349414,0.511061,84,24,2143,3155,22,2,39,0.1240
dragnet,880f58fda3aeb4b144fac5d3113a7f7abdf0e83e069469bc06e8eca4110a087a,0.720599,171,24,4161,3248,13,11,20,0.2746
dragnet,49161361b0c0b97ee31997bbb7ce8ff2cdddfa0c3527e8de6e0ceee2c92a958e,0.561126,515,54,6830,3858,29,25,93,0.6433
dragnet,ee5ecd312e3eb4a271ba79fe954b0b28c5d80b16401bce7740c138dc786fb169,0.871477,45,11,2139,2401,11,0,11,0.0882
dragnet,014e4b87b5c802bf5d9e5b363cd50be2e178720512cf899b0bc1e35aa4559cbb,0.893715,107,68,12026,10895,45,23,12,0.1249
dragnet,a17e10ff3633da54369e82dbcfbed511942601366da467fd54065f151e2e735b,0.723587,150,16,2576,1592,6,10,23,0.1417
dragnet,6230b18f9a0f04beded345d93670ebec6b879cee1d49ea08a8f7495241016513,0.689914,141,39,4668,5686,36,3,55,0.1561
dragnet,aa7ccc97f12d8cf02524b703a0daaa05fd2911d1bf54525a678ffa84d599ad6a,0.796332,57,30,5501,4226,22,8,4,0.0793
dragnet,35760d13704626a4a7513332f1b440f89f451368faf89147d610652ddded1fa6,0.809429,104,61,8683,8188,56,5,21,0.1275
dragnet,2f6af18f1d3752aa8d3f68b5656feeaadc99b70fa332d339bf0e29763640f8cb,0.265912,71,12,927,834,6,6,4,0.1097
dragnet,9aa83c7a11b0b14e5af1249a31147f2da5e6877764ca9313a0ee654b44316eeb,0.795202,91,35,3875,3610,32,3,27,0.0931
dragnet,fd3a86a8b3b0a703f45320a2f59388f98ba54226eaebdf67399cb8180118cdfa,0.584135,106,35,4619,2349,11,24,8,0.4004
dragnet,1e5348d6df8ceb55190e0fc0054508d32b9d2c6fb434a976d4f6b5e06b40d712,0.859766,78,40,9257,7901,36,4,9,0.1073
dragnet,d7b62e502da3a9e685fe0000caf0441a0837a33647918d7c682c1013975e281d,0.643411,67,11,1534,1736,9,2,15,0.1098
dragnet,48128680df81c7e3aef0d40da021581e91a17f5205c59ab5d18e4884c551fac5,0.760929,125,16,2153,1612,14,2,8,0.1529
dragnet,c5b575fe4a441c212ddef945f75c8c5231d9d7b04b38a5b213454cb2fefdc55d,0.862322,120,57,12093,12333,55,2,25,0.1944
dragnet,fe732a740d3a0a1a836ae8463bfdf8d77d59349e29aef0c3b021c00552ffe4ad,0.623306,186,21,1771,1108,10,11,21,0.1953
dragnet,bd180506b4c0a43f32f252a16aaab7c9083cc944a46d4bba256713a0194920e6,0.570489,100,16,4110,6112,14,2,22,0.2024
dragnet,48f96d941a28d3e8a728c61c33a5027ce0ac5b23422c87c90cae4bb4855cd7dc,0.882579,120,8,1971,1764,7,1,9,0.1279
dragnet,ac97af6ab331569329110f214cf6e2bc6df7697ee9b0c3f0a4c97e97bee21856,0.833799,108,32,7013,5610,23,9,21,0.1677
dragnet,839ded63c0c26de9a53bbcd04fccc60697c1505e83a7c75c7fb5b9aa46139507,0.531452,105,24,7695,4667,16,8,11,0.1350
dragnet,ef4f19e679891af2c2b89dba2c5d1ce123fe09b7509ba3e5d113af95370792d9,0.481232,59,12,1487,1097,8,4,13,0.0854
dragnet,6f80e65038f895d8833609dd5d7de09d69cfd416cafcc6bc901cfedb350fe9d1,0.783133,66,2,207,222,2,0,3,0.1291
dragnet,5895cc4147040553e40813627b4e0cec8fb9b7eb6c9d25575445911a80e1f63e,0.773669,119,25,3800,3461,20,5,18,0.1796
dragnet,58d216cb8fbb4f5beeaeedd7f7fe6e3b493cb5f40750b7af6b9d86a0d530bf09,0.564681,293,46,3702,1759,15,31,18,0.3430
dragnet,f24bf48db9190181944779f0a6075095f61eac15162cf90846625c1e98cc811f,0.476148,66,32,4079,1611,20,12,4,0.0913
dragnet,e70b7ec7566e562314b98121943e57c523581218af7b707a0658b71e25fa5e8e,0.710260,148,78,12157,11229,68,10,39,0.1911
dragnet,500d7fc4a125bb3cf4dc2f19c4f71d809b8f09f4a2e4e563ebd946640b2c860b,0.778098,39,9,1704,1997,7,2,9,0.0627
dragnet,95708bc2e27580869258cbb7abe675a4eb7895ba3b831240165e83e075cbd1a2,0.863168,1440,982,218858,213715,970,12,386,1.8451
dragnet,1d4c98b0fe5264e75c40d2cb795993d8f993a6190cbd562ea4bd9a652d5cf27a,0.579787,152,12,1423,1840,8,4,43,0.1656
dragnet,ecd7c8e63ee7e328859cdabd4077df25c30a5bfba132ee6e342292cd4b4d4f63,0.852344,131,23,4119,3819,19,4,20,0.1739
dragnet,0c5cb27280b3553bfbf3ec9d5b4e1cfc36c4ac1be05ea1a7321ce0a323dcd3da,0.074205,43,5,158,1336,2,3,12,0.0748
dragnet,59c1daf5048a979e177d0e49393dc3ef56f4610c686e229e46aa988ac3078069,0.385224,43,5,546,566,4,1,4,0.0591
dragnet,6a3ca24efbaa0357a555b23ea2ee0c8897ac34e6ed00222d11e3bfe1d0af7e4c,0.922601,65,7,1748,1624,5,2,11,0.0969
dragnet,588d0fe9c56f8ccb5f694b7214bcd1421e6542c75c8da01f82014ea282718770,0.750647,32,7,1542,1402,7,0,10,0.0724
dragnet,39aa3a7355f4c45b8689c84871e063d1f6eb637062a0c74f757bdd9d0c55241f,0.711000,111,21,2509,3045,15,6,24,0.1407
dragnet,68ee75182deae5fb96afca0b3d30398d99f95ed634b960aaa8a26779876c83a7,0.726936,118,53,7296,4590,27,26,8,0.1467
dragnet,877c2a4cb79556866754206778f498104afa9c681d0e4ea80d5e5d0d3e3747aa,0.635200,202,74,9583,5592,37,37,29,0.2163
dragnet,0872bab5018d3af14c8f21be5d95da19238a2ee3bfbf3718d4b73c079a633312,0.150411,109,49,5306,467,13,36,5,0.1543
dragnet,e934c6470ecc8e4076cc3e30df018b001c33530adf7b1a2869ad6c924e1ee6e4,0.610063,80,13,1697,1507,7,6,12,0.1282
dragnet,72fb395d0f087c3f30ff751d700a868abe85b7b38cb636f93dd3378f1fd10982,0.199214,69,29,3403,390,2,27,3,0.0847
dragnet,6da9456324d3768a8ef2086e9d21cb0a7855055c83d1c2c652d1c23b333a5d68,0.723762,114,37,4644,5490,34,3,27,0.1239
dragnet,efbe1b5c5d1498282dd15f73aafba501f6563ae50b2b8ead49c9d373a4f06552,0.694240,788,187,23658,33512,183,4,281,0.7542
dragnet,9b2af6984bcbc4c33c7b63c3aa49924e0ad9800a3c95723d0e2b8685aa69aa4d,0.743652,75,20,2139,1962,14,6,10,0.1060
dragnet,a2aae8ad766757f84faf41d6b21020f05149158ed78769c5899d71a83eca4609,0.376068,57,7,454,1087,4,3,14,0.0929
dragnet,9cfc5d1eda8c0bb5f865a877acd4f25c309fef1ed64e1d797fe0e959df85374a,0.000000,51,1,11,320,0,1,7,0.0826
dragnet,b39d8e304dae82ae2e75f18221a02824231e5a22af0010fa79c73b23cd3961d5,0.591592,38,8,1106,858,3,5,3,0.0760
dragnet,a338617351face76d47deaff8f0f7a49771650c79bf18f3345dd00aff704471c,0.915505,112,17,3245,3087,15,2,11,0.1292
dragnet,caf32c253f0fe1fc0482cdc21e46188d09101a2120069de7f653670a6f02c35b,0.559043,264,32,3265,2108,15,17,47,0.3748
dragnet,7bd033687f11eb016e8edf5a141c35f8047a8a85f72fa00691d6d74981fa8113,0.345558,302,44,2351,1022,9,35,25,0.3381
dragnet,a5d98977d0be1d8e8ca955d9489e927523fdc2f01d56e6be48e32921cc538b0b,0.014706,91,10,454,663,1,9,3,0.1225
dragnet,4d37b21f0ba81aa212b39895d12e72d4e068f2afe857906907c39d3df8210680,0.097778,99,6,422,137,1,5,3,0.4340
dragnet,922da1e299495ee42b41af38d263d6ccce5e0701604404265176e15110319045,0.703633,84,17,2568,1513,8,9,5,0.1148
dragnet,a84eaf4c52ccdfeb5aae9a51bbeab1f2ebf950fa6ca2ab8a0904d01eb19d78e3,0.827033,194,9,1323,1087,4,5,22,0.1878
dragnet,e6ab0e70acb3ed2e68a321d40d6a5ff3543efc91abb4cd01374d25c9e526e795,0.492255,67,8,1056,426,2,6,1,0.1030
dragnet,dcef8f33a43bc6ab8481fe9b07a41a5cb46d30ea427e39b6201f3d67c863b8b2,0.774614,63,10,2601,1832,6,4,6,0.0907
dragnet,1d8a8f871fa98030e91c618cd5f980838461af6d0ff885069a4e6a281399fe07,0.434001,52,17,2761,1108,8,9,9,0.0798
dragnet,c0407daa58eb2d7c6979aeae5fee6ce08d190fc41042cc1a658e072c83a3da35,0.900293,73,35,7427,6681,27,8,9,0.0963
dragnet,a2c9c5883dd4c71ea76d398e92146b31de527ff46da2ec18a4a91b1f970ab1b6,0.756205,153,38,5884,4012,25,13,28,0.1676
dragnet,fa647d00959d06f10195d35a2c6d64213aa5836da7dd8fa538220db70ac274f8,0.913730,32,14,3498,3208,12,2,3,0.0610
dragnet,ca7e6aee9107bca8761977cd3b50b799b81a7b1b5f0399773e1d5a6948ea8d9d,0.854589,47,16,2046,1938,14,2,6,0.0630
dragnet,c477d1bde2360084ae3b47f0834fa02761bec6bbcd97a1e8065618c4099a0de2,0.574610,96,13,1169,1323,7,6,12,0.1193
dragnet,68cfafa46015d585879dbaa0be8c537eb921d3de7afcfc58a63404db49c455be,0.717143,131,12,2050,1856,8,4,26,0.2253
dragnet,f0d2db0ff51b505e6d876c512c09706b440d66332aabe75c1c5f5255c42a9fdc,0.817460,107,7,679,689,3,4,11,0.1819
dragnet,a1da11e82776e10a34daa7dbaf69d4be98ce2f96b06421d9fc02edc1b6e56b3d,0.641902,113,31,2562,1311,8,23,0,0.1464
dragnet,5c185232f567661178254aebf05db63b169f7fc883668b71b022e8aabf88b8ae,0.710365,96,29,3631,4400,25,4,37,0.1215
dragnet,2a60c8db379e5cd5780c8b467f040f7d76461803d39a24ea92e5bdabd86c2838,0.591900,57,5,895,829,2,3,8,0.0866
dragnet,e10b7609ae4140127f463828f555c77f95e48fd3e75ff224d3bd2bd772ef9765,0.248366,41,5,301,119,1,4,1,0.0617
dragnet,1f36dc41404b89d0063c38f8fabf7666029870a3e28f27f8f65ab72f3f3c337c,0.721556,681,192,23982,22943,161,31,141,0.6854
dragnet,7a77287b0e7b3d93902378731fa7d488729cbd4c5373f49c71888c1570995f77,0.799542,151,33,4000,3103,16,17,25,0.1921
dragnet,aa511acbcf576d1bf87d274f7345ea6026e4e127a77d737d4ea2a0e42290ebef,0.860774,152,69,14263,14648,66,3,59,0.1898
dragnet,1e2b5ca8cad950ab7610cffc8eb98878118a01c5f1120fa51c9e35843f846e38,0.355263,48,11,469,302,6,5,8,0.0688
dragnet,f089e500cc5c23d20fbe0652e2504826620b9229612ff69a6d0150b2f5e045b8,0.636949,187,52,4830,5119,47,5,30,0.2631
dragnet,012507793a782e53aac8e72f0cc8762c7e6a1fc18ef3df48401d0487638dd59a,0.528818,58,18,2404,1611,9,9,10,0.0797
dragnet,df16a930f59a27adceb8bbdeba9257b07ba6be8bdcbb8e9131341840e1c4217f,0.832342,133,13,3080,3324,12,1,19,0.1676
dragnet,c83cc32ca54ee4cc8104f0953c54791b24d9cebb55ab71294c93c709ce41c692,0.797016,87,14,5902,5610,13,1,17,0.1569
dragnet,923b560cf9a06149ed63dc863823228141f27587031ea8705fb838a5e1b49bf7,0.000000,53,3,60,131,0,3,2,0.0775
dragnet,b61e2ec1cc6e48c6d89a2ac18e6c8154b2964cd56f5e3d3fea05ec8283243123,0.824416,29,10,1839,1784,8,2,8,0.0497
dragnet,1cb536949a306c55877eff6ea32977d2d4fe7542dd7de73186bb34aa4597e5b9,0.303093,103,13,1103,1750,7,6,42,0.1539
dragnet,e4e170297ce480916818dea030bc8f409ac9c1d61433f8b84239d07746b0ffb9,0.472423,244,56,4161,8931,56,0,104,0.2244
dragnet,f6616c155751a950e066b64c50111f108a37d33aaf82b2ceba90427d75fd6639,0.629860,108,15,1871,1700,11,4,20,0.3945
dragnet,1ecb9726e6d276ea0e281871d3396bd177b865b3aced1ecd6ec848bdeeba6f21,0.830248,98,29,4868,4107,19,10,10,0.1246
dragnet,b79b70d1433ade018abbd3beb233ff51c5369c38cde4eca08a36144c69f7cae0,0.628217,131,39,5254,3216,22,17,34,0.1389
dragnet,ad331ef50220d05200e9a14e6c85a8efd592e8c9d492153c66cfd4d6d4ea5781,0.881230,56,26,5003,4512,20,6,2,0.0849
dragnet,1f75186027509a07deae7b2d432a84df07a7d6894a9e065831462f364898b740,0.726784,225,72,8377,8018,58,14,52,0.2472
dragnet,920552ee690bb6ce32e1aa378ca7a7df743c8f59cbd338551d6d0c4349aca999,0.639063,187,29,2833,3566,21,8,52,0.2281
dragnet,4b1e704481d7b799deb6a570e8f69c53252b370e675d0a8b379480d9f36bab2f,0.817385,77,31,3833,3295,21,10,11,0.0959
dragnet,20754cab9d5e6980aeee7bee2ab84fa749766ebd047c49934ee7716a59452edc,0.865169,195,119,19543,19851,118,1,28,0.2158
dragnet,2a171fee6409a79c679ff82cabfd83dff51baafd0f058db7081e13b8308555f1,0.849042,100,53,8728,7573,38,15,6,0.1640
dragnet,4d4572a0a4431c273036d69f41525391989995c9c39fdbf530d98a79eb67ac4d,0.462075,49,10,961,1975,8,2,13,0.0838
dragnet,443a83e24941a70e3face0419f8f5aef6b71b125a273116648717edfb3aac081,0.339691,43,13,1040,1866,8,5,10,0.0638
dragnet,037568c55dafcd72a38b5080b3e306dba590197e040da6e26ed8fe49aa019c8d,0.774523,87,39,6914,5126,27,12,10,0.1411
dragnet,3d1b21417cc7bff9e665c7fbc6ad93830d48551edf3065f74a244644c112c05c,0.749330,170,35,4258,2937,21,14,18,0.1984
dragnet,8ccd7c17c0b949b392305d3dbec1146b964450fa3b72926bf173448687d41438,0.852292,44,19,5465,5200,16,3,12,0.0645
dragnet,dbf9a54a27edf90b7e732e2e099cf7ad320d81632c60701fd312bec3e2f4fed5,0.089014,118,28,6222,571,10,18,8,0.1619
dragnet,8ed8d55d4d44ce4ea72c431b1d9fd4afa71212adf87b7b5c2d8248c4186a913a,0.000000,52,2,32,451,0,2,5,0.0842
dragnet,685b6e44be534bccca8cc00b2a04fb4829f6a4e1d1d295bb8e67869992404b39,0.116716,64,7,444,2192,5,2,18,0.0838
dragnet,5189cb81750ebf950531317e96fc83f7e0cc6a882f4bc820b57a612ec649a61a,0.314115,46,5,576,1739,5,0,15,0.0648
dragnet,2b3ffc0c79a19515fa3659d2c787379e21a926740b924a8f63c6eededc74701f,0.696113,128,9,1224,1672,6,3,25,0.1560
dragnet,813bf2a7420bbf7f038dde4518cc83afe2a6646f9b10f7bb8c9a2629c84f94a3,0.943791,120,24,9496,9311,18,6,26,0.1356
dragnet,d50ef07a9f6b044a330fd7c4c6747edf843c34b395a3cd7ea099e0307ce8811b,0.904697,308,240,51265,50823,240,0,14,0.3255
dragnet,ad5010e19d67c192116adfe13048273ca081785159edf59d17924fade6650579,0.262080,343,43,2497,876,13,30,41,0.3528
dragnet,9a621f01777820d20210ecd2976d898366d9c0358ab36e688afb08e934b7527e,0.342400,370,50,2793,719,9,41,33,0.3659
dragnet,fa152da02d99a7126a10c4eca6e0f751502428a9a8d714167095fb56c012a98f,0.000000,18,0,0,141,0,0,4,0.0259
dragnet,f956532de6e72c77f1a616e57d5f0d67e07d4b388bef337b228c757fdcd15ac6,0.860636,53,4,536,527,3,1,2,0.0799
dragnet,bb0e27d4ff2d54a692ff3e9a016f4b457929eef09826ea5583866d3a8f03816a,0.335244,28,1,320,1591,1,0,11,0.0941
dragnet,49dbd5ba8502eec38e557af0f9113def1b6bfe9751710cb5c0a43dee041f7b14,0.857122,360,90,18375,18250,89,1,142,0.6572
dragnet,2708c37059ebda6a414399831e0df33fbd9e943c9c3d15e168dbde7e210a46b7,0.923571,68,34,8491,8046,31,3,7,0.1146
dragnet,74d9039e956affff1c0a0c8d407f7da4ac924811c0ba65dc05315dbefe82f513,0.842348,86,31,7221,6209,26,5,17,0.1053
dragnet,59f3075c8d5a237ab5f4af4e2700b894ffd0befe6a071817246649e72ba7a049,0.610046,122,34,3557,6025,30,4,31,0.1678
dragnet,689000af0de82cab672a88534cc2a8b48edc3b78537cec314c63ac5238e43e3a,0.699248,87,7,364,349,6,1,4,0.1394
dragnet,b6b4e17ace561ab4b4432cd958eb6bf1992ff031dbfb8d559a9c63c85c464601,0.467005,64,3,203,258,1,2,8,0.0775
dragnet,bbd24ccb2c42e056b8e0153c8ea061fe17d1ea4154e8f5320aa0519eadaf8ea0,0.811912,182,43,10632,8770,29,14,20,0.2824
dragnet,c02825a6abd252e94aad54d1fddd592e61445e99460b061056c55af5dc0fa297,0.805240,64,25,7698,6354,22,3,17,0.0893
dragnet,f93f95f56115513863f3e531ea45531de19d89cb8ae065c88d527350b1718e3a,0.677207,160,68,7153,3913,26,42,23,0.1846
dragnet,34f10a1ab77c7534e81c906bd6c482b88036605a87f75c4452cb75698c38ff24,0.481268,608,149,9285,15543,144,5,332,0.5039
dragnet,3e1fd0cdea13a05b98207761ae3a23b176feb42594cfda15b9ce11dbb2b21cbb,0.672017,113,18,2355,2746,10,8,14,0.1547
dragnet,9b821247358884361c136549af120c6ba7939df2bad3824597d815d28f97b7fb,0.683828,51,9,1973,1899,7,2,20,0.0657
dragnet,8b48b2086339b69b8e32d1514b78ad6c82a60d3bd9632a081832997f20cf6ca4,0.855615,66,4,563,451,3,1,5,0.1259
dragnet,50a49cf374a4b7512b20fb499fabab71ccdf41080daf8848ac8030ef3431020c,0.732650,574,263,44360,52762,261,2,234,0.8467
dragnet,25aa4e5edde7f37249d4c46f24f501a868c40ed91d9c926b1e8c95567a28d494,0.773676,35,10,1869,1589,6,4,6,0.0792
dragnet,3f35daae3e68398c5f3283d174d2923c14fc75970649f683c81d1328203aae3c,0.136223,134,4,336,534,1,3,38,0.4796
dragnet,9be43a2264475990b2878b3a4a20014ce2b2641c23c0ceddf0a3a4561727dc9b,0.036530,94,13,511,70,0,13,5,0.1275
dragnet,06af988b453dff5935e9f74cd24c6c009a6c864f5db9db50268ba00df84d0eaf,0.879507,47,8,2888,3223,8,0,14,0.0670
dragnet,a08a9fd5a701445622632152d0d5716e0ef9bfe53ffddcef2e9b70dc53324fcc,0.698866,180,73,11896,7073,58,15,41,0.1903
dragnet,f95dcfc8688e7f472722e1eca51bcbc92071baf3ecb3b12382adca7c6c475a42,0.016722,208,9,375,1223,1,8,31,0.2614
dragnet,8fe2f23391e257e43e69d302d0c321f16b98ad6c04d769e6cc0679efbc2f7b32,0.424490,75,8,710,1148,4,4,9,0.0966
dragnet,24fc15a814cdb94fa109327cd426a4783e51e8dda9bd9d03c549b5c4df480415,0.719366,130,25,4365,5754,20,5,59,0.1724
dragnet,2474ef39e9342e504215224d85bee411e72afbf553091f6e96a984f5e4217b6e,0.649835,377,93,7481,4040,42,51,66,0.3926
dragnet,2b97024d76c3e08ee791351a984016cff9f370cc5b97f71ad75fec330d2d228b,0.144144,99,6,401,152,2,4,2,0.1365
dragnet,734238c8bee2930e65b6e8e9c927d4c390543f3a4988d0a298fdf23053b288f6,0.851967,65,25,5054,4385,18,7,5,0.0954
dragnet,d0e9088f7875ad22cf1dc1dfb3c7d9027572067ef83ff670f4e6b8c4dd0dbe3e,0.801749,117,63,9539,8136,50,13,14,0.1624
dragnet,a45adbd3618d99b1dde3b1d254d080f1cb096ad3f13db25fe37a156250028709,0.691567,180,57,8609,12290,55,2,84,0.1753
dragnet,808dceee4c95670d0c3b8f5e6d0899d209534a3fd37baa7644f640804cef44ee,0.472257,123,50,4689,2341,19,31,16,0.1652
dragnet,e63aa331fa9d48304b4bde23b1d876710f23a67ec90eca79db0f8f518147c43b,0.000000,54,3,89,201,1,2,7,0.0852
dragnet,b8cfbca8d7aa16969ce081ec703d7aa6fe953fa6190f658ece779169d2c19d1e,0.724661,75,10,1881,1831,6,4,4,0.1064
dragnet,c164d824d240f16518c048c68c0dc893c862cdda8c019b4175ec7bdf4fa517c4,0.007463,48,3,106,615,1,2,6,0.0701
dragnet,762dcc15f0727582e9a81bf067fd25ea0086a243e9090982f54be661a9799b18,0.646907,117,35,3079,1534,6,29,6,0.1470
dragnet,d24df59ffe124331ca742e50936bd454e76fc6612b15a3dffe8a0ff721cc06f5,0.745986,257,32,5736,4190,21,11,30,0.3119
dragnet,f927fc5c163cad613f84b1da1e49be759dda09970cd5541c2f666d64b950bee0,0.783567,30,8,1348,1333,7,1,5,0.0607
dragnet,60e8b6e27f21533679391db9bc86a8b0d0e3ad5c8bc4b9beef4951d603bff410,0.719976,59,17,3770,4868,17,0,29,0.0794
dragnet,6b2c528c6cb321618509c3b386d2217711931dc7984ccf52b65becf9fd722431,0.632558,69,8,1549,2951,7,1,16,0.1044
dragnet,c8da8acc6beab7e1cece8a4647b9139f1db1ebb4da49daba509c854cb48de541,0.760870,169,20,2145,2256,13,7,15,0.2411
dragnet,894e1670da66670b61b5390f30275f90a7d427514d5e07b003ecc2a7b38e566d,0.726550,97,13,1728,1210,8,5,7,0.1983
dragnet,5463ebea822bd58be20799e5317f1aaaad64270f335c607878f3f8c1ba3962d3,0.584429,70,9,1785,794,3,6,2,0.1406
dragnet,efc849a1475f30a6f30de34cd65b32f919f7a49e7c02d383bc4b3dff487cfaf2,0.638831,120,24,1495,862,5,19,15,0.4088
dragnet,82fac3849d878db884e121ca77069d781da9cf86068378dd646ae6d6987104b2,0.676187,533,249,37128,56758,248,1,278,0.5833
dragnet,f957d3c02fd3d8b53a287f1666e2b90257ed5f9b01f745aff31e494471abfccc,0.910534,29,22,3364,3330,22,0,0,0.0376
dragnet,8e7944b86ae57c39ff4e3f81ff0ba31e08652b38b40fd2017154453828c83d91,0.627451,41,6,742,1037,5,1,8,0.0740
dragnet,2069542d2d839bd8fad766bcfd82a012c3ee72e8ae6272a20377a13938cd9f35,0.869094,50,26,4669,4399,23,3,6,0.0671
dragnet,821bbdc71e41c926df21d12b64a62cc6953ff055e4205c5745debff3a2219793,0.470274,324,92,2831,1094,10,82,15,0.3154
dragnet,9ea33509a111b76fb2ccaed9999895606e3c4916fa36513430c7c69b31a5f6ce,0.536290,46,7,479,811,5,2,6,0.0799
dragnet,4d1d0a114479463814d205440302a711954aaa340882ab817dbb44fc5ec4a166,0.832126,152,69,9560,8056,56,13,24,0.2919
dragnet,3018e0685a97ccbbb8f75545d41d1b630e0a50dc6c18b1df08121c86cad4586f,0.348466,65,4,336,1447,4,0,19,0.0951
dragnet,a35e7c54b2c7066329347394e0f72c16d6c71b9c844887f7fb1c26ac644c1096,0.341414,136,7,1560,1277,3,4,37,0.2238
dragnet,01597c4331e4ae6ee2eb7b57418e2a82b0a0204ff230ec0a9f6c94069b885028,0.269520,78,15,2762,4227,14,1,33,0.1083
dragnet,3be8d2133a03ce8c81a25d83cae6b86243353d86160993c0d8bfc54abe04585b,0.619946,104,5,396,542,1,4,7,0.1797
dragnet,9480969fa8c2aa42fbf19e77c58340e0f78f151151e2c7f6c114c0d23133babb,0.574887,103,22,2591,1245,9,13,7,0.1293
dragnet,b316ca84c64ee6f2a28684a900612f41e21cd5863b1a7f7644de86480b711a69,0.631117,148,21,2881,1661,8,13,11,0.1908
dragnet,3ed55887199bec9d3b92bdb21913738831bb792f8daf179313a4a3f58ddd205b,0.809576,186,63,8593,7859,51,12,35,0.1970
dragnet,45cf5deaf9b2acf9cc27c7a80313cbf0c4eeffc963628a4c2e93c6009afa8fea,0.893723,29,8,2253,2224,7,1,6,0.0945
dragnet,6164eca0b17d56a4ba14dcf23527da15006821a2ca7dbecbd557a67618ded0e7,0.641026,98,8,794,814,4,4,11,0.1684
dragnet,0e9d4d3fbdcdb1d0333104915d2c60530a4cc36d6eec046ca90144d3d5aa2e46,0.883173,95,38,8901,7755,28,10,3,0.1549
dragnet,f7634aaa8a67e35a356c720df51d3940a3e11a34a4841ff6845dfa5247cb9dce,0.682581,107,13,1649,2235,10,3,20,0.1459
dragnet,1fdd8f2532d34d22e51be6bfc3951c1b4c57ff1ad8fd214080b12a8170aa23d4,0.254083,286,59,3865,755,17,42,10,0.3040
dragnet,0c0ceaae0db0f94274a9db47245124ea873ca42823eab59d7990293ed3f03b9a,0.000000,39,2,83,417,0,2,8,0.0727
dragnet,1207c0856d0e7edf337003b22a7dd6390f9debe2ecb1f84d44aa5542dddaf9df,0.788321,19,3,438,596,3,0,7,0.0268
dragnet,98cc0501abc4e00389b409f3a960ecc4426ad7142bc88157e550fdb514b0ad1a,0.839517,51,21,2878,2962,20,1,9,0.0815
dragnet,22e94ac06b28e0537ad590216843b3af5b858e01955bfaeb2e1fc1a543256756,0.781784,63,11,1737,1230,5,6,1,0.1099
dragnet,143ca93fa32f42acf9fed50f036c636279afe6fe922eda58430bd13bfda8af84,0.464143,144,2,643,1993,2,0,26,0.4184
dragnet,c91a0737af8dd7060cd16cc6b709f55d35000aa26f566b73f702473c0838005c,0.484768,66,18,1264,850,8,10,10,0.0893
dragnet,3a096ce3e2c7690354d7cdf43f3e3d054dbcbdcef754f41fff2a0e37ee880bc0,0.504854,62,10,1550,2543,6,4,15,0.0858
dragnet,fe27c1f8190fa93f7e5a70debbcab5990c095ca3386120227f85a9cfa1695322,0.814786,1013,499,83746,91591,498,1,348,0.9486
dragnet,1c2d21ba1ee19838867839cd12ba4001d705a2f152032ba8154a5f43de514bc8,0.059375,101,18,718,969,2,16,15,0.1372
dragnet,c7cbd6dd464a2811ea1795c732e47f2853fc9d004ef00b1b3e5ffb986f2aafbe,0.889350,36,15,4760,4597,14,1,8,0.1056
dragnet,b0114b834e41ca31466f7b93fb4875b54ead3e0d0bfea53f768f6305e9096593,0.819334,79,11,1810,1537,6,5,4,0.1410
dragnet,e67a5cd4d8c1fdc3e822af079cbf182992469189fc7b9c28d76aef4c064ab8e3,0.550388,69,9,2113,1373,6,3,21,0.0929
dragnet,06fcc79fffa66593f5db3ce949bef522a0e39fcba6b793c0a2c46edf72c5f4d4,0.509023,215,31,2810,3340,16,15,81,0.2273
dragnet,b736d5447c33d2bf274c77dab0817c71a2f120b178a08fc94e1b2b1bb205a79a,0.706522,82,28,4763,4877,25,3,15,0.1162
dragnet,05f4792778da04fc7a0f7cd586f9e407f84bb761bcbbaac11ae64865b6437ed2,0.858268,103,11,1663,1576,6,5,9,0.1791
dragnet,9136f49ae26bac3781b0f5d7032ae560c9f3deb9818a4bce1b6420e572090e2b,0.678068,71,20,3515,4210,14,6,13,0.1001
dragnet,b82e16e4593402cdb35f4cb53541af9219fa756a4c403de7ebd7e0d2110eae5c,0.215569,23,4,151,289,3,1,5,0.0550
dragnet,85b8bee039fe99d7d4815c9b9343c3245b775580f15efd37e21b2a04cdf52d68,0.411714,61,11,992,2287,8,3,12,0.0995
dragnet,55d7d5ab95a55693bbd3148181dfea6c4429b6711134be6cc01ee76f654994c6,0.824358,81,24,4559,3621,19,5,18,0.1253
dragnet,d2c403abae6b51c60ceba357d3c72297567a95d4994dbe0df87665228b13ff99,0.823529,103,36,7379,6246,28,8,14,0.1260
dragnet,6d233299e4504d1c407d90553b61d02b216f11390b1b5daedd227267d12aaa42,0.598309,118,18,2543,4007,17,1,41,0.1358
dragnet,7668bda1bfb66c82a48a641c094bf0a493b5d2e07a2a479c622281e35051d410,0.808479,128,42,8816,6902,24,18,20,0.1959
dragnet,2a8a3ad0b201e80dbf040a82dd4ccc6962dbedac102b7521d1dab41b1f872450,0.613286,66,28,2716,1720,18,10,10,0.1040
dragnet,3d06ead71cdfc9f8cb860af5cc53cbcb15d98d4d1e4a7741cd97f202f24870cd,0.537711,91,19,1688,1303,6,13,15,0.1000
dragnet,96f8098b6c7078ea41d4d821f7e731d0ecfbc19cd2da75c13b3b83f9a0520bd6,0.894565,167,23,4020,3786,18,5,32,0.2361
dragnet,f69642a16cf87b4bb20904333d2857116701b56b8b112948cdd95683c116af3a,0.893649,70,31,5513,5273,27,4,15,0.1013
dragnet,cf817d8cffc0e2ac7a1b4509a43fd2130a3aa01ace7a82a98d6dc3063ab2eca4,0.652846,258,45,5416,2830,25,20,18,0.5712
dragnet,d2d0e95397836d420b3d03da48ea1972a490bca99b486da4f081abdca0de10bc,0.338462,59,6,300,79,2,4,2,0.0835
dragnet,e4aeb525719770ba229e212c4c6502f373e4520163795a8407fa54b5d7d022ef,0.000000,80,2,51,501,1,1,4,0.1175
dragnet,2439c784896dc5af1f1ef1fef2a055a42a87c4d78060828352182643e4d7aab5,0.788097,67,21,4183,3225,9,12,13,0.0924
dragnet,a3bbdb43d2a0cc3c29b9fbbeb8b5c39e9d2ec5d96faf56995197eefee5a2f8cf,0.000000,97,3,148,1297,0,3,24,0.1308
dragnet,b86817f70397a87149da5b249381e37663c06bc0e438e4638585270812c06183,0.212587,137,7,553,1424,4,3,41,0.1448
dragnet,9ac5c40c949412bdb671b8f34c551428d4257c90db14255c510575000da81cbe,0.728452,75,19,4449,2851,10,9,12,0.0850
dragnet,56d753ff3bc7d0b4cac4c946b62469c13e3a4667f1e26f640e7ca50e4ab179bc,0.110092,104,4,99,188,1,3,4,0.1730
dragnet,b054a3eb45904fe53fca89ee62485a9a3f2a265942100de60824bd1cbec10402,0.914330,61,10,1849,1743,6,4,8,0.0870
dragnet,63e0f6a00c2a0b10c26c1c759a49a5d07119ec886fd6a4d19816de4bf7db0080,0.789784,219,69,12288,10576,57,12,41,0.3145
dragnet,ba1d4d3dcc98778fa88b6e7b9f5ceea533501ff970fe22b10e3a2fdc098ecf46,0.528198,71,9,861,1106,5,4,11,0.1054
dragnet,954795b095f7f2c2b1895baed574d636e9576619eaafa88b9a560d66910b6fbf,0.676081,51,9,1559,1415,4,5,4,0.0764
dragnet,beaccbee9a5f87de3f35c653fff7f913049667abfdbae52a4edf9705a705edb2,0.840032,54,14,1692,1557,8,6,5,0.0746
dragnet,5b26d2a17d4e5228f503ac13a34e75b3053dad9ae6740857cb9703c53e7f5602,0.085837,34,2,98,547,2,0,5,0.0668
dragnet,d80decb80c838340ce008514278dd0f39d6d84dc1bedd801a7ededfbc0331678,0.761891,93,41,10323,9065,35,6,15,0.1122
dragnet,e812cb2b7a7c803108048eb993a00c387725e11f3aeb297dbd9dd392b1168b43,0.197338,151,14,1252,8474,14,0,109,0.1390
dragnet,504011b0529aa872cd94f3d8277219e8c7a1677b6e26c6aff0322eef53ea26f2,0.668666,64,11,973,779,9,2,4,0.0933
dragnet,504961ef3fd4515c1f38c7223b14f388b2e7d76c081eac66c105348b7b483e3d,0.727962,75,34,4700,3586,27,7,9,0.1109
dragnet,8b4edbb64f1275e9ac56bf4c9d48ec7b99a52f19766e55d65ac6e7f2075d527f,0.635514,66,18,1832,1462,15,3,11,0.1017
dragnet,a757194f9c078100be0310e742d67d201c6663b4e236b5f9e28494a04206bee6,0.040886,42,5,176,1452,1,4,7,0.0739
dragnet,fcd255f1c285b4767115b491c0cd2aa780c062dca3cdc362f135c654a6e3081f,0.719714,78,27,2635,2838,26,1,12,0.0932
dragnet,94dee9aa777524cb5c4f234290526227ca17f3756429eea0ec3be9d74dab9c8e,0.390977,88,17,1371,1838,15,2,23,0.1140
dragnet,db496d6797b51100618a2a1e77178ca559485af9f1bff6d4e5fd75803846620d,0.244798,388,13,1152,830,6,7,19,0.3730
dragnet,4158d6e2aab80892992628349ac2e1a995c81426532272f7a8cd9f22b090bac5,0.807870,93,34,5613,5718,32,2,22,0.1049
dragnet,dfc3aaccc94224dbb6bd04ddc83c7a0c919cb51531554f589ba139effffc7224,0.745645,72,8,985,1203,5,3,6,0.1201
dragnet,a52e11efcf2f4d8bfd5c29c5430f4949cb791745a259604a0aac33750d61368e,0.821479,202,41,4037,3048,14,27,15,0.1931
dragnet,c890bc09c8d83c721fbbf90e08c2fb5719fa18b8b808ab97195e6c1e23419db8,0.674102,62,20,3062,4110,16,4,15,0.0805
dragnet,fe3485e4281fb4686897d2a4bdfe811634cde80bbeb33dd025fd95bab59e3602,0.789139,81,17,2147,2198,13,4,17,0.0967
dragnet,ec7f421fc082a8972c94378bceafc0d7f39035750e9034d53d49ac6dd79d98a9,0.344892,314,87,2241,615,11,76,21,0.3014
dragnet,1b248115aac5630e35bc2a9a72c7dd57dc0ce349dac04def78b44e2045fc9681,0.305921,262,37,2293,6927,31,6,102,0.2973
dragnet,4100a58be19749847801febbc4c9c86c2b543964d1f28b4e77b2bd4dbef8b33a,0.819975,74,41,8874,7676,37,4,14,0.1133
dragnet,ec9ab748b07c5abdc05fc867be811c51dd423a696bde032811f8343e51285ac1,0.697341,48,22,3968,2842,13,9,4,0.0703
dragnet,799cca43114d1cc944337f5a470b558ad735fb1bd812dc789a2e8226c5e17d4e,0.606414,79,13,1025,931,8,5,11,0.0983
dragnet,2c5443af0a04ad7d07267eef0d9006d56da422acea594817e948777995af295e,0.865000,40,14,2196,1858,8,6,3,0.0637
dragnet,eeb7c9042d21e40d5c4f2769cc742f55b919ae5788a99b8f2db9b41f0d8d58cc,0.761488,83,32,5492,4705,28,4,14,0.1024
dragnet,1ab1f735419bbcd837df9e6e84d9b112c8675d9ec6c863716ef7fba3dff5b46e,0.838710,83,17,3400,2566,10,7,6,0.1025
dragnet,63122ebf38e5e9f9518ce2a75513f0faa97ddee4dd4f057eae933dc616d55acf,0.907397,35,29,6372,6398,29,0,0,0.0531
dragnet,e3bc07d1d660bfb28d960f5fca7b0fe96623b05a0671377ef8421ed083c8e7b0,0.874582,83,26,7032,6198,23,3,17,0.1040
dragnet,57065a714067e13c9a6ac7989e3c259a6b793d5c616bd8130fd0268247d470ff,0.682717,281,100,15755,23314,97,3,166,0.2630
dragnet,f84cf5f72615ad536daaa56ad44008044190d5167c13e730821c597779a39b4c,0.000000,57,1,53,848,1,0,13,0.0897
dragnet,ad2637d4965258598a43ad74dfc35ddf5634d129287b59a0260ab11940036d47,0.366812,117,4,425,184,1,3,3,0.1402
dragnet,8ed670281fe8135377212cb543f9f76202ad4a8a534ac0c30feb86534023450a,0.802029,154,72,9657,7744,47,25,13,0.1873
dragnet,4fe7a9d4b92b949dcd67d0ea46343c8db7706996c529dc55bdb2155762f0e73e,0.781984,56,22,5948,5122,20,2,9,0.0833
dragnet,28930de1d297f3387c9aff3dc1321f185a1c2b154730d7d67471006fb3cc0526,0.287154,64,9,695,3228,9,0,19,0.0791
dragnet,bf9742c48710a18622108ec7cf909f84f3c5deda4a64b5deed59889bb49c85d3,0.221344,51,3,154,521,2,1,3,0.0804
dragnet,a24dd566975383ff16cf36dc044a62c1472a66b407cf5181acaba7c78e0d1501,0.779308,201,41,4594,3231,16,25,10,0.2649
dragnet,8d20e581482f67c9e35d3318adb62be7c37cfc5a2287540663b0dd280ba162cb,0.659004,20,4,366,279,3,1,3,0.0385
dragnet,d1b196d647c4015dba18a8f59b659fefdd74f19cbfe7869560ea110218db1ee4,0.689503,78,44,8224,5287,34,10,10,0.1056
dragnet,e327cc00bffba3e9f233ac1f44b1eaa1e6fdbb3bd82fa835e046ef71d00e0a59,0.768293,87,41,4554,3907,33,8,13,0.1099
dragnet,4a3ad5d0d28c69fc6816690839f41b0c16adf2b1623115d42d4f3b661a4ecf03,0.881510,78,19,4885,5698,19,0,30,0.1027
dragnet,6ce3737dd5a07565d7b21316b5cf251f75ce885ddab095fbff969ecf525f9724,0.592672,292,44,3613,1772,16,28,17,0.3330
dragnet,b3e1d228cb35bb578adbf78734c32790b345db08dbb3379bff96016b6068b549,0.022599,82,3,299,1144,2,1,11,0.1039
dragnet,f56e8726a2942bbc622b92df726a2e5e6c5ec82b51d226ddf0537f508b32af94,0.795372,76,35,4365,3299,27,8,8,0.1115
dragnet,f4de637c5f404cbad904a39acbb874c6e0c4b077861f9c803bbd3bc1abc73681,0.336375,116,24,1168,748,10,14,9,0.1388
dragnet,8ac13aaff1c2b8f0f0f67c17a84634e8e7710fb4deebd396a3ebcc684d3a67cc,0.289855,53,7,729,531,3,4,10,0.0787
dragnet,264b08dcc6e0f398638581bdb8b2e59fd91556d874cebcd1190c816d86148f3a,0.703755,44,6,906,1128,5,1,6,0.0793
dragnet,fa8f65bc536a2be8306e2274c52b3232fc17b6d3c386777241231252e085f16d,0.713619,72,39,7934,5023,29,10,11,0.0995
dragnet,2c31ea0bcf4f6827700503a7aedcf1a5b8586c7e4f8b82ac431c428541412e8b,0.719836,36,7,625,592,7,0,3,0.0700
dragnet,db1088a7ab9564ed3d749f3706d522cc8b9ec17614e05e82c8d3fd7ac09eb742,0.678045,141,47,5857,5560,34,13,18,0.1755
dragnet,f9ff0298f7a91ad1de37da888a2aefe8e16b2fe2f8c41361ec708548e9cba7bd,0.550574,65,15,1960,3337,12,3,14,0.1093
dragnet,6e5cedf8953f00ea4a0cb2bfd47eb3b96f6bdfd022b38fa0e72f2f49e8e1e4c8,0.646519,77,17,2568,2518,10,7,15,0.1084
dragnet,9469b87fbec6f34db2b6eab5321b626df11b70df26c052739678a1c90c8bf3e9,0.732943,76,30,5958,6377,30,0,20,0.1042
dragnet,eed682c652e1fa5789038fe7cf4c3d01f0cc6c6e8e73d4f37d8bb6700ea38992,0.844188,86,13,1821,1501,8,5,9,0.1066
dragnet,1023913951796858bf03631824f5fe876961372244199d15b0d035c1a7c77444,0.595450,29,7,1076,1821,5,2,7,0.0985
dragnet,e7432ba0b0aac2c9bfc2fcdc5652e73408be1dab4fa3fccf1bcf079f805d4fb3,0.671031,62,22,2100,1470,11,11,5,0.0908
dragnet,567a58b50b888a0432ee128dd451a9163960f6ad9a9248e23e778c3e8acd5af8,0.477712,288,56,7120,16515,52,4,146,0.3076
dragnet,d3c84201790f59ea6517862b649b797573146c98a3c7ea14f89482d82d7cb884,0.761103,121,45,5131,5448,41,4,32,0.1256
dragnet,425a246abe3bd5f6ce50de9c2072664c6a6ade33abadb8b5a01a835540110aad,0.627836,162,27,2417,1810,16,11,18,0.2046
dragnet,9072bce846f77d3629646dbe815ad21d038eb28e147561f2089e055215d9e557,0.676268,154,25,2870,1745,12,13,3,0.4800
dragnet,b79cae2daeae97a10fb2598b38dfcc9da56ffe1b367bc8b31479757490c28eb6,0.569245,153,14,1376,1612,9,5,17,0.1998
dragnet,d938730e75b8ebed65e0deca2ddecfb8516d7bd7228c949efe39773f8e0f178d,0.824822,41,18,4809,5230,17,1,10,0.0650
dragnet,caafb7a258cd1c24fce3b7b02a35b9df883d63b82dce5265e1500a1fe97be079,0.708755,350,54,4719,3266,26,28,62,0.3744
dragnet,cd69b953190d44276be33071471ae121ca6235e2e62f5001a0379b11cedbf729,0.711579,105,33,2769,2043,22,11,12,0.1210
dragnet,984f2912d8554ba29243bced5156de584c91df81e5628406f997711cb1a06750,0.690449,50,10,2447,2039,7,3,23,0.0672
dragnet,0890bce1ad90626cdb034e308a74e753d1b12dcc88306625b33c87e15afeeb29,0.597381,132,39,4416,2253,16,23,14,0.1551
dragnet,6f0ec596b20db6472709eb0eb2667b9897eabbfab972c9c92efc359c95581c4c,0.772852,74,15,2891,2121,12,3,7,0.1305
dragnet,08d47836efd0542f3ecef92dd4ba6bfe9fed2cf53e8e1455368513f9f46f6605,0.379955,62,9,1087,2874,7,2,24,0.0819
dragnet,027d41a31926c77bb45276caa4886f35ec720f1f6434d300df8bc42460ca9805,0.768514,137,42,6387,4788,29,13,17,0.1595
dragnet,188248881337ee8adc415bd40b1c7e34e1d8714e3ae7cd9f8d8e271b8a2f036d,0.430665,74,20,1293,1071,11,9,18,0.0945
dragnet,4b5278aa8d6e065c9714894a7ae48a82d603933cf6bdfe69659d7f6a4f4b2a5b,0.000000,30,3,163,118,0,3,2,0.0476
dragnet,b058146c4fe9761c26bc2813961b9270ab698feadf143abe203b8de19e47e2f7,0.666361,84,30,2913,2720,22,8,18,0.0994
dragnet,c0f7442bc70b171e44b8907190699237bb5225cfc176b22e20b1a98a0ae6d928,0.719017,166,38,3963,3608,27,11,28,0.2126
dragnet,ec852ac4d5eff916544de58d416ef1a4b32494c2e6e2524525557529eb5fdf83,0.635551,99,13,1819,904,5,8,17,0.1700
dragnet,e69797cc6f96a036f210836991b83a62ec8d5af89f374123c49fa18fccec80c7,0.789096,170,63,13169,9008,54,9,45,0.1820
dragnet,2b41366273ad9c5544825a40de3ffa29f30f19f363a92e26afdfb360823b3556,0.805450,286,112,20678,22077,111,1,150,0.2432
dragnet,f8ce2054530f29db69ffdcfb05531ae27ffe434846a896be1c41eab4856255fd,0.757288,224,50,4408,3576,35,15,27,0.2238
dragnet,3e583efebce88b7f6828bd0fb2314bc82484086d1dde83eb4542df1dd14a36d0,0.885850,67,14,2663,2390,10,4,4,0.1338
dragnet,a15faf4912388fbf0cc830e03c2b6cec9bb7d0fc067bd0c52341e3c6ef40da8b,0.821488,93,42,7217,5628,26,16,6,0.1513
dragnet,d1e6ad8ea19a032ad50ed4e89802346a8b196149601c074844df4abb54284e81,0.685494,37,4,880,1271,4,0,9,0.0797
dragnet,3433c4e63358d978a0d36653a32025884634e5503623e08bece886672b0f59a8,0.549689,55,9,947,793,6,3,8,0.0882
dragnet,24016eefb34dc6a00b7e1623e65a62ab2aa72f7231a9f559e146cf3deee213bc,0.520107,57,2,305,769,2,0,4,0.0859
dragnet,74fef9f23b788ffc0b77096bcf838b676427994932c827a81a0d6a27a95c6557,0.228070,45,6,320,1195,2,4,10,0.0762
dragnet,805d41d3765bd029a765c06bf9b9a037f7d92263488adb60ea66f0131f28c4fd,0.695568,120,8,1134,1648,7,1,32,0.1299
dragnet,bad64f570f9544e164d5a4b51ed8ef1b3370b5ba8291e0fc6798d5b5e78e0dff,0.175047,54,10,656,810,6,4,13,0.0758
dragnet,97e699958d47f7bb298a1057fb7924227c2999ed90b9ede0a417da11eda0140e,0.416515,106,32,3338,1464,10,22,9,0.1320
dragnet,ccb7f7736001081bf7e7e4e2609d4edde867246d17a91473e59f1ec4e7d0e9ad,0.753546,171,64,10569,11900,62,2,41,0.2232
dragnet,2b807a789382e745c30e3ca5339b0567df404f7af9ef0cd9242fbecf11b16910,0.345712,325,52,3063,814,22,30,25,0.3422
dragnet,147b1897a7323594dc7dab72b9bf6b3b5d6c7d0f866572fbe92c76b8c36ddf40,0.782701,532,282,48353,53594,269,13,216,0.8073
dragnet,2050ddd72b1cff31badce13b7b2bfd9382c4a8c579f07600517e28dbd2d67d6c,0.855053,217,128,21855,22107,128,0,37,0.2476
dragnet,2b692cfd3484d14308dad0f599e58da88610e462fdb294352a4fe8d4724ca2df,0.760041,259,144,16193,16390,140,4,94,0.2294
dragnet,512aa10c9ae6f6557d260cba1abebd177cbce4f60b4d7c67c0b46e933585364e,0.920808,66,23,6122,6272,21,2,21,0.1117
dragnet,51775d082e3f07b533702759b3efee0f19a781868d2e24970911d7a7f193fd81,0.678589,88,15,3547,2406,7,8,9,0.1170
dragnet,88195cbfcc369102df19601419eb5a591915896ae954246324bc1fb088b8313f,0.893071,58,28,6200,5553,23,5,7,0.0820
dragnet,2d8e6eb881e51df4527bb1bc3a98ff2942bf7a037bfd504528885e7d31bb12b0,0.578014,66,20,2800,4747,19,1,22,0.0862
dragnet,250494587f1f6a8328b60c3a7e6cb7749600bba67c80cf12901613f54a412b47,0.689409,98,41,9054,11729,40,1,27,0.1267
dragnet,ba216ee82c121ec2161978ea4b0e876ac322d4b22390da84062031a44d7b7720,0.861850,42,7,1117,998,6,1,2,0.0660
dragnet,ad15b66f2fe8316fb2ca44fb1a34136704acb0c5090b39736d72291e2f066555,0.394663,61,17,2353,1572,7,10,9,0.0892
dragnet,27244df698ee54ee890e77438d5dd76fc7fde6e3b4bd12c9d668247480bfdd4e,0.907744,36,6,1961,1850,5,1,6,0.0604
dragnet,fcbb3ed6971d5e3d5c43f30f6beca39450b07099cb7a379eecd669352f39425e,0.245455,43,4,154,448,4,0,13,0.0751
dragnet,ead89d5eca29ddaee3a8fc39438082e260dda3c20b1697f5f33154809e946d9d,0.010638,455,24,1392,654,4,20,21,0.4642
dragnet,e209f243f2607d124f61027c8d36f6dc62629a3b339cf7cfee925c2672c3145a,0.859684,64,37,7022,6178,32,5,9,0.1080
dragnet,c4ceb5a34b5557147386d7baea9ddb6d36228225c0975dfc6fcf9af668015444,0.710322,35,11,1252,1011,8,3,6,0.0688
dragnet,be90e3cb9d93a4f481fe5e81fe902117353bbcf0047e997e9ff9933e3cd414c1,0.657125,52,26,4447,3783,23,3,13,0.0717
dragnet,fb16f138db5da3ef74751a8711171abf07af47603418c4637201205ed8559089,0.834986,71,14,1414,1450,13,1,14,0.0962
dragnet,c3aa25c0e360bd6365347e2f080d5536d411b3109656ae2097ec890ea406c8a5,0.660416,167,91,13440,7566,62,29,39,0.1947
dragnet,b33981f225d7dd33cb789212f95b32433ab00bc77fee6c0e0e0680ed69ca7d13,0.835268,104,61,12590,11718,47,14,29,0.1503
dragnet,be81b017abb2a069df2ac976a200a9f0b0c452578f125a4383390ec568f25fd8,0.083333,42,5,189,797,4,1,8,0.0750
dragnet,f62efcd3182f5178dd89d78cc4f726d2041ed80d6a8b4fa7654ac68b1a176cc8,0.719262,117,30,5378,4782,24,6,21,0.1499
dragnet,dc63828bdb434b18ddaf750fe254729ecbdb797e649afc38861cee624dc9e82e,0.716237,177,61,10798,6696,51,10,48,0.1872
dragnet,da68dc2cf6b0ee60b3c1d8c5601c98a1555af2ff77c9915cad1084d46f6f7168,0.744467,130,31,4289,3443,20,11,24,0.1690
dragnet,b628b7f21623f8221c2ae046063e0355bc6591ae9e9452f8ff0234b02f83b87a,0.007380,20,1,76,549,0,1,2,0.0397
dragnet,f4a6d865f4a58487443918e52e62cb2aed3bb76fc3a39db580f40b758b4b4fbb,0.645749,194,39,7642,12330,37,2,107,0.2008
dragnet,5d13621469395ed5c6475e371d0b4de2ca1cabd952287fddb2d3ef8f4a6f44e5,0.876440,64,55,15664,16371,53,2,5,0.0841
dragnet,18e18faaba2d6742e1992591a300283ef1cf78c0d9ac75da6e075cb4a868171e,0.877871,113,18,2745,2576,14,4,6,0.1581
dragnet,2eb6af8f6b50811c0d65bbb825cad8cbf0c2caded1683e0498ba849106cec54e,0.656014,114,28,3463,2304,15,13,15,0.1373
dragnet,f3906b45c1b872b0e66c307985568347ace42332cdce7c69bb8c7ff42bae3d3c,0.818824,151,37,5761,5152,26,11,21,0.1699
dragnet,ca8873f6aa37d65109d2ec09d22273a28387e35e5e5b134d94f45d643a0de329,0.673443,79,15,1260,980,9,6,9,0.0985
dragnet,6ec8e0308ece37e5f5906485cc63dfc804468570e83e3796ebc60e622ca2761d,0.786353,42,9,2616,2092,6,3,9,0.0643
dragnet,55935342c4521b5e8824219caef3465f5aa611f9b8921d55e0e14d436d6d15d1,0.146341,22,3,136,325,1,2,2,0.0513
dragnet,36b2d065315160d9be1585cd569bcf92f3cf45d96387ba59e6c00d8e95ae93b2,0.508320,1061,254,25043,53297,253,1,611,1.3397
dragnet,3b8b89fd52525573481999ce37cca34d417c9926d2f19783108968757858e8c4,0.638037,265,28,1644,924,7,21,34,0.2162
dragnet,962962653f1cebac38d9b874a0d3b22ba5cae5b86534b5327c978b3810fe9e0a,0.794877,263,115,19200,17991,102,13,51,0.6224
dragnet,97f4d5e9f3cc7a208feb2a4d11800a229f849453e06301e3d3f6295a8679d31e,0.836400,279,179,28845,26951,175,4,88,0.3004
dragnet,38cf5b23b0fb0f0324c33abdac93232bfe6300ae5e88ae949222a68bcf4bb3b0,0.852273,151,96,13996,12755,95,1,17,0.1761
dragnet,91b00b381a2bd32d073495a828c2bdb2b3bfee074ee7b3b4f9c6642dd7efae1d,0.458270,69,14,1723,3961,13,1,20,0.1134
dragnet,d417663bc1898dca0b6f53a3dde47f5bf4e4e85cf4daa605909656a6ee5e747d,0.639284,73,18,2697,2563,14,4,16,0.1030
dragnet,86f9e8a495f077c9875b04ce626f1e1c6c37a9d0fb2d4ec20a70a6782e5cb4f9,0.772601,209,92,15013,11411,76,16,27,0.2491
dragnet,62d5588b0fafbf723c4e371bfdcc97b2c5e39033ab57d63ca04bc848a63b2512,0.467963,55,10,1195,2877,9,1,13,0.0981
dragnet,0803aece4fc8fc53cddc6d99996e7676bd287f83273b2e98db8a9968d1d564dc,0.111111,55,8,377,2218,7,1,19,0.0909
dragnet,1cd0820f33ef151c83e5c4a2d0cc74038996d0ad9943998c8dc7efd9027ecfe2,0.665144,122,40,4536,6319,38,2,42,0.1507
dragnet,8b39581a6cf01e0b87924a0b72171a4bf67394a5fb3f39316d0ee2d4805c5a8d,0.915371,22,14,2750,2770,14,0,0,0.0355
dragnet,56299e0ec4169ddbda26a76089cb4ead27f802c4a82b4f7a61704ce93ab5a1d3,0.846046,83,56,10033,8625,54,2,4,0.0937
dragnet,6854141deffd33db53e408da7302e7901f62a32cab239e4ad7d6a5aedbcb45a5,0.765009,25,8,851,740,7,1,3,0.0614
dragnet,622334e791a59463f0c8ca86f645f6f648f6d1d8dcf3bbf847906211ed306a69,0.063158,30,4,184,93,1,3,1,0.0498
dragnet,fe0cf5b131c5ad15fc47508cb5a9e58ddf37b5544432f5f5700492c1d8db1db6,0.810422,355,143,22785,25632,140,3,132,0.3579
dragnet,57131aaf8764977979a08c005b7e4542a4eb0831167432e8e87b9fd9fc67c7f3,0.527594,40,5,827,1866,5,0,11,0.0616
dragnet,698b5d1b9bdb7011fce933e6e8b8a39382aee87b90865c0d12a5fc3bb9483736,0.761034,71,26,4217,3970,16,10,13,0.1011
dragnet,26db9a6b58866730d9d5d7f6b8867bff2345d3693a0fc7a25d062e57984fdca6,0.678177,130,49,5904,8641,49,0,54,0.1371
dragnet,ddcb3fc23c508dd42f87d62a6467098ca2b5abc169b4d1e935a74518a94ccbf9,0.681918,61,16,3046,3178,12,4,7,0.0831
dragnet,0f49c43538ee7fc1c453383df8c50b567aa89456cbcb68b8cd213b472ec36a22,0.340967,171,10,842,2209,8,2,32,0.2066
dragnet,0042041a4ebf1c9683b60f174ed4993ab944187505ab6c432ee9e0b88b2118d5,0.885212,36,9,2704,2623,7,2,6,0.0794
dragnet,8853a8ea343d4f6b9a9c6ea3650e2446f141cc3f638fc51e3a437b21f56d00cc,0.886210,46,40,7871,7868,40,0,0,0.0581
dragnet,5073053d244c0b2c29da948fb4136da2ac95bb076672808385890810604107f7,0.509338,159,25,2234,1113,9,16,19,0.1718
dragnet,03866c4b4d3b1a694f681e5de06d8b005cb3f5e41991ce36d0ce1a20d8e1a9e8,0.730144,146,25,3031,2664,17,8,13,0.1630
dragnet,362c110067fe85f54c92014fa5e8faba965fb44a1dc14483489a401c71361261,0.643606,202,66,5902,3213,37,29,25,0.2503
dragnet,9c5677f0645621ec247cf7066516b2febd09f20d2e5bd620db0bc663e6f08065,0.904533,179,25,5492,5446,19,6,46,0.1982
dragnet,8f8a7361353f5d1708c15dcadcea67cbfa42720a377242671e8ab24bf64c4dbc,0.234323,327,40,2560,728,10,30,35,0.6008
dragnet,ef0e4ec133225c7caf334075c6308d32c863653d580f5943cb544da04e1b124b,0.822750,53,23,2460,2171,19,4,5,0.0659
dragnet,9378f87187d8399d9e83b0c235e0bd343db937cdceefe06d6de2a1a10a4b3b7e,0.046784,42,6,242,1106,3,3,10,0.0746
dragnet,67dc020a8d86b52629bb14aae828ede32158def95afbecbd92d2bf39ab04fecc,0.819853,167,24,3630,3193,19,5,10,0.2069
dragnet,f00fd0867e74c2f66beb6a014bbde79d55e8a60690f9c1549337f7a8e4c8d25d,0.824536,53,7,902,945,6,1,5,0.0796
dragnet,de5940bfe6056dfef64f900bb95df9e5ca19f8706aa804222c5b2e73fe9247db,0.404912,148,47,5136,2032,19,28,15,0.1736
dragnet,cff82da13227997311fb45e7c6b5af9480f14aa862fd2364cf16e7509911cf26,0.860807,39,30,11786,13442,29,1,3,0.0605
dragnet,63a136f55d88da6d0a2105cff2bc35a3456f816a9651d0bc3ba1c45896b6547f,0.913765,55,11,4426,4251,8,3,6,0.1124
dragnet,02809b75cf03b7302ca747a3e1e58cce404c19fe8b38f39ff81d13d0616f81cd,0.804796,62,27,3762,3287,22,5,11,0.0834
dragnet,e2a2d54663a4601f22ccfd2197252c09a9fc3be9d12287e4434c692672ace14f,0.656624,92,22,2500,3331,19,3,24,0.1185
dragnet,45d6d6976a40673551a5d84a99deae039ec7fad1421beff935d7a94359dbdced,0.682770,64,32,3202,1991,21,11,7,0.0936
dragnet,879e639bd3e4b2a828cb908ed886275f11b5e1550c7f6768fd4a2016bc47cd35,0.363160,230,59,5139,1110,23,36,19,0.2731
dragnet,c694b6826b77533c6d3f14fa3c0397a9bc39192f69af93f46e700d33e81d69e3,0.834209,107,24,4956,4046,18,6,18,0.1663
dragnet,050fcc82cf411d088157593245f73703e2d307189f9503d45e03058622afa2d2,0.686821,161,48,5636,6737,43,5,37,0.1661
dragnet,c8dc0937e306a873fdffe9f0ebf68514ab114c9b5c098634034febd612af3f56,0.670466,112,43,7051,7655,39,4,21,0.1481
dragnet,072b776fbd213ef6e435e5c1b05fa161afb39286b033146166130f718a967bbf,0.859116,28,7,1008,1012,7,0,7,0.0952
dragnet,716996a0405f0b2d750b238bc3ff31eabb9fc6248474bac57659ceb5d5505249,0.659146,464,60,6267,3450,38,22,55,0.4727
dragnet,1d1a763001681e9428fe941fcec30611707539b327b0129b3e732781aacc5908,0.909388,76,27,6034,5705,21,6,13,0.1069
dragnet,8934a047d23e3899d3a9deb74a9f8443c83f9c0a880bacb73944d8280395c951,0.880035,293,200,45994,42668,198,2,76,0.3186
dragnet,747e1216d01de82ddf6b0035061022f518d159a73bbc4c93283ef45c2d291c19,0.695157,66,34,5941,5509,33,1,20,0.0888
dragnet,94c4528425cccf8d5951daacb72a7aca437a5edf48dc55f6f6f576fde5ddc67c,0.500437,228,25,2193,3521,18,7,51,0.2647
dragnet,411379c18190cc1d5ee9e1308cdd49fa7d18fe29b55d2a770998020423938746,0.722989,83,22,2797,1610,14,8,9,0.1019
dragnet,1ca63e9f20b9c9344fe338c91ea3cd3396654dfebf63b61cf7f155b1b3db82c9,0.864188,102,41,7529,6528,28,13,10,0.1319
dragnet,f901d56861e808eebd21917c68dcbef049b0c1b3678db342026aa3f53b7b2b8c,0.165179,86,5,563,1853,4,1,41,0.0928
dragnet,f658ff9950b9ef9b6b9eae64fa542ad10500de2990e1b5641c1cdb1188fbc4a4,0.452986,117,32,2506,1608,9,23,5,0.1501
dragnet,494d3c4c737526624b05424e07c2e41351b1678fc4eba0bf31b8a40564bcabec,0.710754,560,206,31931,43548,203,3,305,1.0852
dragnet,c30f82648889a4b8260f5a81ac9b8737bf9cca2550debee3f9e80c4725ed7a05,0.702194,53,8,811,952,4,4,7,0.0879
dragnet,21e21c56e19861d5b679d4b50b94e7172e834a1a022fd446569e08a987d467a8,0.472373,283,29,2038,687,5,24,2,0.3195
dragnet,ee3f32601f6eb2c30b8eca40e529295e10ca55570e569f66b5d1679858a7e5b5,0.779479,101,38,5696,6041,31,7,30,0.1433
dragnet,645ba3b2b711affa90afeac0acaa911fe0d397ac2db0eedee3894b6f3101b56c,0.765416,27,15,6230,8384,15,0,6,0.0467
dragnet,f791f40619d0385a31790bd23918d27487a3a290ec4a5d6ae86e44fbba7163db,0.809712,305,133,26186,26973,127,6,102,0.3417
dragnet,24fc0a707eafafd99fc83997ac97338f7be9fb8da36b71673a17e4351a96f86b,0.796378,119,31,6105,5670,20,11,24,0.1364
dragnet,17ccb741b62a954007d15325b2942c8fa771a9ceb7dc508acfb12009e14fb3b3,0.758030,109,17,2858,2035,9,8,11,0.1342
dragnet,8dacd293e9891090be3a813f235b608506dde3865323edcc7587de7aa379a69f,0.767751,516,216,31132,31902,204,12,116,0.5552
dragnet,c625cd3b6517a06b29c4fa2540808479f308ca7f2a4d5dfd82e8bf29d1b83ab9,0.826978,34,15,4926,3853,12,3,4,0.1105
dragnet,dc25b2cbda20d6511a3a7b3ad1535061cbba1330c50072de174ea2550c076c8c,0.795588,113,30,4594,3650,18,12,10,0.1461
dragnet,9f7b63ac92d749a7f942ed3b7132fdff96ffc699c9a7c7d7ce9c93ded36c17d1,0.855465,164,121,21824,23449,121,0,40,0.1490
dragnet,b0c16aa5966cca0d4d5cbe137e737a9e2bcb20ed320f0da70e12e3fd1b204c4c,0.620690,103,12,758,450,5,7,13,0.1145
dragnet,721c1c063ef0b9496d4909245309ffebd41fdfc818d315c51342e721fe07cff7,0.664012,154,68,8237,7105,64,4,29,0.2060
dragnet,d3cf2ffbf4431a438ebb2904e1986704fed46fdad0700420f073d6e12b863994,0.253521,149,11,1579,440,5,6,6,0.4281
dragnet,a84e2ad441c88ab47fc71a62f53162e974ecf4c54fdee3b13679e4bfa827f9fd,0.291498,45,5,360,998,4,1,9,0.0790
dragnet,1b21f6fd6c818a926decac0caa93613059eeeb3c86b719dd6c3eadfa8bea990c,0.432011,297,57,4425,5753,53,4,128,0.3209
dragnet,de5ba8345d54cdac2d5a4ed50c5401083647c9bbb748b2c78c290bd863d66ef8,0.730708,128,72,9956,10513,70,2,21,0.1590
dragnet,1aa716fc815e175cffa9e3b80ae25bf80513e7f534269cd85d85e9f22835cf4d,0.637445,114,44,6458,5291,33,11,35,0.1479
dragnet,7819b20a6d77bc6a5acd04a4fe39c741d86235834587073550fed3a4edf6864e,0.036101,29,3,221,1240,2,1,8,0.0520
dragnet,6793c4be40c643a4f5f9d6ccc8f4e09b29880f4ae6c30af7ce560523f3f7886c,0.931598,90,44,13648,12882,41,3,19,0.1076
dragnet,d7aa2f97a2706a7315a7634f6906b851a9a336cd0a1c74a9340030a300280375,0.768605,147,46,7730,9284,41,5,66,0.1506
dragnet,560c06072995358f273b7c75a646e6d9598cc1d4542a507cb4bf6c321610ae16,0.423216,107,24,1118,864,4,20,14,0.1131
dragnet,5156bf69a719c343b9761b4ec8992b47195b59cfad748dfb7f970c3e571859b7,0.726452,73,31,7868,6156,24,7,9,0.0990
dragnet,c6d1f49fe61523ac84e3674c8fa20359d4a3156b232b113c61d82d479dfa832b,0.718800,54,8,2422,2354,8,0,15,0.0673
dragnet,dcb5cf6b8e5f7c21bc2f79b83e0dde427265af48bc3e074aaf2a5c89a54f125a,0.887023,148,59,10068,9280,54,5,31,0.1594
dragnet,f1443a82b96bf2a78626c9c681e8ba6ce0a2801f3d795da3bf0fe871d823ebff,0.733032,52,11,1333,1457,9,2,8,0.0796
dragnet,8ccaceb5e3d83d98c9f8936b31771772333b8c23d1ac12e981bdf86f468bf882,0.842304,72,12,1525,1423,8,4,11,0.0914
dragnet,247aea7b966a0174b3c66ec4c4791479b8a42bee3c680660b7b5666f6ae54462,0.761662,82,18,1761,1261,10,8,17,0.0980
dragnet,831dbb7a9d37229c17bf8ca4acfeab3e4c1931572490122de9280429ce7a46ef,0.302326,79,5,253,1184,4,1,34,0.1228
dragnet,46fa4359f44888cc581392170e82a38ac7303302419cbfaf926575168ed249d5,0.578272,108,15,1598,1599,6,9,10,0.1314
dragnet,a683ee6161de6e8934d6dca86023f203abe862fe819908633bbfbb2fe51523f5,0.493023,62,18,1878,846,8,10,5,0.0940
dragnet,921b43fb779fab8463fe0bda44081964c6b486074f13c618c6d7aff5735e3fa9,0.801120,53,7,510,422,4,3,3,0.0838
dragnet,13832318186b3a4d3262dfd57161a37afe7bff60c499095b5fa96608c9581008,0.462419,172,26,3014,6409,23,3,48,0.1926
dragnet,15b026871293e076324a6e0a2db9fb8f6e06d02e27aa7ef038c76ca7090bd751,0.881959,136,42,6419,6062,36,6,29,0.1719
dragnet,5236adbd43d945049a362c584d1c8007ff8a265385dcc1631217c4d9f6aabe68,0.780939,30,8,1958,1856,7,1,6,0.0706
dragnet,5c6577cb99f33fbe8d15e108636fd648d16dd7f683f13facaeb79b751f4cced6,0.602207,291,64,6677,7279,55,9,87,0.3297
dragnet,f1a532f173d68a6bc8fef88a05183b7a0423b6d65fccf84721f1c2459866f162,0.834697,89,44,9584,8707,37,7,27,0.1438
dragnet,e7d8e2e332c1b9e45d32ad321513f9db86eb7fee610b2bed497d1dad19ef0742,0.624390,41,18,3659,2819,14,4,11,0.0672
dragnet,c00570b3480ccc6dfade859176ed31ea79f780fcc933f8e6b3a37a4f182d2802,0.887476,288,214,39101,38446,213,1,14,0.3140
dragnet,a39a7f77bd5fd09cc868dec0bfcd49b3aac81dcd45e833e0289fe2d0a822fb28,0.917145,80,34,8814,8208,25,9,10,0.1101
dragnet,b921007415226ba1e4e9e1d2245e6d1b52bbb2100f30c75ccb6ee147ecd931c4,0.534579,101,23,1958,4356,23,0,37,0.1319
dragnet,92de8d16c4f28ce7923a64f41ae712f04b2e542ab9728ec47e6c1f0eb1054f31,0.797311,114,24,2952,2356,16,8,15,0.1566
dragnet,36701206917c6a2736a341aaa5cd3f684b19b9b9d4dc3c5a4f2c5af6e9e3ba0d,0.729265,138,44,6654,4793,27,17,27,0.1644
dragnet,2117276abb53f7914c2a85c2190f15df1513664fb60e9782d29d9b85b431747f,0.783691,368,42,5653,4708,28,14,42,0.6565
dragnet,da56bb7b8645481c76030ee8bba548c32085f6d6cac2adf266dbd67c480701ee,0.850530,169,24,3326,2907,12,12,10,0.2330
dragnet,5efa3db64429a73c007d221ddaf324a3ad16a061239c0192e3ba3bd70179bd79,0.748000,113,27,3798,3671,21,6,22,0.1544
dragnet,c75a693c2008d671bfbdbb644ad032cd8b342c23c376012587840940a862b2cf,0.367498,107,13,1334,1658,6,7,19,0.1364
dragnet,043865a6dcb637c50d617817fafa3138be24bb20e39253347866cb956a337996,0.479347,115,33,3474,6300,32,1,66,0.1656
dragnet,096f9c15d9653ffe8d2876ddf4b1d8e2463d7fd53fe4139f90ef2523711c8a88,0.739958,33,13,1500,1179,10,3,5,0.0663
dragnet,0724bb068d09bfb856c622f0bf4340d10d62a731892ae277b8335bb7900bb7f5,0.791541,26,5,832,958,5,0,2,0.0563
dragnet,49e06ef1dd7e45414760d0cdba25ae626d37da4fc7b28fd881197c2f1b22ed1a,0.741493,115,31,4841,5346,28,3,24,0.1662
dragnet,4c7f10bdfb5e193de8587b1179acb59dd1bbdd9b1813d3ea3dda6c28c4a20001,0.053333,32,5,101,492,3,2,11,0.0532
dragnet,f94256582f69e4ab67efca225a9140b9d3b3e932a66034a489ec2e33357323eb,0.726984,155,42,4308,3729,26,16,16,0.1656
dragnet,bcaedafd7d241d14de086dbd3003cf9b728b6d001d3fb88db003cc7019334584,0.794886,131,66,9340,8655,60,6,25,0.1579
dragnet,bb210f0c410105c5dd4940ea5f915f13b2082e408ec291b91e28f5b8430bda01,0.854108,338,132,24128,22980,113,19,64,0.3143
dragnet,94648f82af85ee30aae6d3973cc7ea38545a0c680fba24b8cbc34d4d834126b1,0.183280,47,4,242,1432,4,0,19,0.0701
dragnet,92db9fbebfd823e77d98554be12bc993c429a237d896158d2c267f3850cb5cd8,0.708902,116,34,4491,3617,21,13,14,0.1579
dragnet,1c92d31aa440f1bdb56bfe34a134ba735f253f169ca2a5791cd1fbe125d7e873,0.693580,63,14,2206,1569,10,4,8,0.0852
dragnet,b0b09f41dd717ffad24c0ae58b031cd5bbac8eb4c476effb26c5f128132c0fdf,0.864528,122,16,3049,2811,12,4,15,0.1873
dragnet,5a9228d4d0e7148300f3eaf24b64aa0fec8db7136ed242b293d15c63e3be84ac,0.797523,188,47,10749,9770,36,11,31,0.3294
dragnet,df7fcdac0da951023bb30b3510397a64460288813257240bde39c3389fc1ebf7,0.448737,81,10,965,925,4,6,14,0.1491
dragnet,d84f1db9949a13fa64bae312884ce05d41a1aa6b6458404246dd1d2943e652a5,0.749254,404,115,10861,7593,65,50,89,0.4192
dragnet,d4847303f2c8d3a8c9ce54225099d740b7af6f3093ae9b34f2c6f2550ebd01af,0.878107,127,42,7167,6526,33,9,24,0.1337
dragnet,38c86161c2b172c3b58dcd6bc21b56b74d7f92e3decdf06f78b20c74ac21dd73,0.788814,84,40,6983,6963,36,4,20,0.1115
dragnet,af5df6a0c19866e27cf62ccf253243f0f562399ac4ce05b58eb8b6169964adbb,0.378095,278,41,2422,1429,9,32,17,0.3103
dragnet,a3793aba7d637d8f22e1d8e3b61424c45cf21e44867d50fd48a841551cced22c,0.178882,106,6,304,1845,6,0,40,0.1192
dragnet,161959d2286787f2d248c3da8690bee9131d143844407d84571959461b294dc9,0.725962,81,17,2555,3238,16,1,25,0.0994
dragnet,79e4c3ca31780eec115a9096e0d482be48a0febf9ee6ddd973a82dfacb88597c,0.842877,53,14,3297,2704,9,5,1,0.0927
dragnet,b3b5c0e1a8f847c1f5245f86e78a6b1ce34fe94fd9343104107929c8ea13403c,0.906516,49,29,5344,5293,28,1,6,0.0804
dragnet,4d4e946c1a298f300f50c7a59e542a35926ce2cb1f4886971b31b548ec28e832,0.445813,41,6,1401,861,4,2,4,0.0751
dragnet,1f4bc684c5e1b3eb203170bba936243d14abb7be5e37e6c7ac86864a32908ba5,0.818249,125,52,8275,6647,35,17,3,0.4318
dragnet,a908c336d77afcf5e2ae9a5d1ccaf2c47f76175aa4b3aa5a5454b88616e15a9a,0.658496,90,32,5170,5521,29,3,25,0.1238
dragnet,61cee7fc23712ddd9de7daf440eea5ff5d8572cab311604c57a518776cb7e5a2,0.877317,64,19,3408,3431,19,0,15,0.0814
dragnet,1e9dab8e6e2c0ca726bc7c4fc164710104a8764b2b74efc60ff3a037dc662ad2,0.755754,184,63,10669,7375,51,12,52,0.2008
dragnet,fb586545921bc47e7a4e570759d0a5337040a9a9a7811159f34b4b5b4bf2cbbc,0.205624,722,184,24890,5691,168,16,200,0.9366
dragnet,288527445d17bf8a8a5c753f51126cf046438c7bd02d7e2166465036a48defa0,0.391520,379,112,3391,2248,56,56,125,0.3573
dragnet,512f9182c2f241a842fb30c822f25745748b3ced1840846068df8b9fe9366b89,0.769318,63,12,2860,1934,6,6,2,0.0893
dragnet,9cc4bf5c7908cee66bc017dd1e0659a6c9742d952a427e4e1aca6e62c8c7cf72,0.776316,110,19,1767,1315,9,10,5,0.1290
dragnet,ecee5b3fa5b7d0e15d49d62edd35fa1e999525c78a318a3073a7ed985d7ae698,0.367965,52,5,675,542,3,2,7,0.0761
dragnet,2bc7b3f37843877efbf83be7047a7a7782615b6127f97db7835c685c5c30d763,0.531078,59,24,3179,2642,18,6,16,0.0719
dragnet,b42ca270b3acbd7239794e37f385e90be1549a8e03456a27c88833066aed8395,0.911940,56,9,1645,1696,9,0,7,0.0976
dragnet,2217145f3b2b4a4dcbf47fed1b422e81b82d3dc7f26d51aeefab51d818a518c6,0.668871,87,10,2879,2136,6,4,18,0.1167
dragnet,a0a8801f9a710137c9ce43a869e4869299c2886768b29e4c8008eb6546200644,0.803334,250,159,21891,19697,155,4,75,0.2633
dragnet,13670ef4488cda240c52a39fe13b74541c6d287640bb035a0bc2cdf4a44f734d,0.913478,78,14,4238,3752,10,4,11,0.1017
dragnet,d9308c3b77fe1bf7a8df738496c041cb470c430f78a5f7cf8a46ea073ddfb348,0.349020,158,26,2093,661,6,20,17,0.1949
dragnet,bbd5d27b7bf9d4266d3136560eec1d5075ffbdc2bc019da225b34d811759197a,0.784576,54,10,5878,4616,9,1,11,0.1337
dragnet,4bb1ac45c88c7fb1db0692296841ac3f847894b79c132d9bbf2b2df3dd87a11d,0.781219,101,37,4723,3769,25,12,14,0.0999
dragnet,45fe014e886233473b021984db332b98d63474d46af642246bb956d7b3fde20d,0.764918,165,67,9787,8910,60,7,41,0.1860
dragnet,9df1af5c22f4aaba876513ce872ffc4a484fe604b2ecb0f4b41b49a8345cd368,0.775510,96,29,4078,3723,19,10,15,0.1206
dragnet,24cf23045508943e437812b7ea91dcb7fdd32f13710d20a2ad5cc2b8558636c2,0.460980,43,5,685,880,2,3,5,0.0628
dragnet,ced898f1ab91e769e943dd9ed99a1a61129f1b0058c24f4b23ea670358b7f0d7,0.833729,84,11,1079,973,9,2,14,0.1114
dragnet,e54ecc5437c2a4b9de63889b7e3e7f1c7d7f98097fa4130ddd178e1749355496,0.826460,109,53,7680,7724,49,4,18,0.1417
dragnet,83c3d99c7b663e94d62adfe0d6cdae574f1b49682176ed8228b81f5986010812,0.722151,72,13,1684,2258,12,1,18,0.0916
dragnet,f21e49da5b2060001238a56a0cbf156be078419f92f61170f24819e2122d1b1d,0.284559,103,9,499,2113,7,2,50,0.1526
dragnet,35f4a9d7cde4020269a14449ae70d583bc1a75c73a79f7859d61a0c7ba35b66f,0.911648,31,24,5296,5253,24,0,1,0.0465
dragnet,b39eb0ce29895056d6eef275525f6f34e539350ab4e9afc37c51df857520fd41,0.682954,89,22,2628,2598,15,7,15,0.1235
dragnet,3a1063c65f12a841c8599fa2a385a0761ab25a2da1866e3fa9295992e8ef5dda,0.500000,70,13,1020,460,5,8,3,0.1345
dragnet,44b7fa87d92a3152c50c44c9be0605e0880ba1f88519e14340e55b7e69e385c6,0.806149,128,63,7607,6781,47,16,32,0.4037
dragnet,7babb4e54cf6cbd170f12ef5dbbf0d469e6fdd49b501e4bacea41fd6cad2c55d,0.115086,83,7,623,1109,2,5,16,0.1165
dragnet,35fa82093bd0e2c0c400fd6c11789676181a13369033513f16a879a4b05ede42,0.870738,95,52,11605,10430,51,1,13,0.1238
dragnet,0cf7e70d832d21f5b9e545dbef7fbaeff336d4ce2ad1c2d33810bf4ac2372b4a,0.144654,51,7,397,2185,5,2,13,0.0846
dragnet,c98a6904de1fecf8bb9c39a1cfbf7e7918ae8b30c992cbe9cd3eb18879cd34bb,0.554156,103,33,5497,4743,27,6,35,0.1350
dragnet,0cca15b3cf42cc18ffb0320d8bd155b6caf6e653324af5833bcf77b5787600bc,0.787037,44,4,666,571,1,3,3,0.0739
dragnet,4e9b25b7f08bab4aca7fef881564ad6cd0c68137c2050bb5d1b6dc408efcd36b,0.000000,38,7,316,99,0,7,3,0.0675
dragnet,04b8d57f4bae3d49ca41890388099477214564ddca435af6c825561f82cdfd89,0.488251,61,6,593,1402,5,1,12,0.0873
dragnet,cefda025123d472ba3ed45d9f81e3f33917ce7c07523fa3284f76cf4f1176a85,0.808957,90,30,5642,5161,19,11,15,0.1224
dragnet,304583e68a2e01ed7a58a14b8b21ad4429aca69f5c6c6c118b73935e175b1502,0.418367,98,8,689,1780,7,1,17,0.1195
dragnet,9648cfd8ae3e13d8bbafd26db6e9752391e4f1aa5f64ea74084ecf96cf7c21b8,0.784136,128,44,7988,6912,32,12,19,0.1735
dragnet,4938eb4cae2e325439dd49e094e3fa78efedd0430063f95c5b46780e797a59e1,0.894880,54,32,6859,6456,27,5,5,0.0896
dragnet,0add446d22b67032807bb0fdc905fd97d87d86a5a94fb4a6b34feb605ce24147,0.762511,140,53,9383,6696,35,18,17,0.1685
dragnet,3c9396e13b22634c16e07b36e53287e9c18ad6d1ccde7cfbe68f9f61e71f9965,0.681745,84,23,3181,3132,19,4,21,0.1240
dragnet,7515f4701a10cf7bb87b551daf9e6552c8c43d2949575b081a758adb6d37cb9c,0.763889,85,19,2161,1614,13,6,9,0.1149
dragnet,f6654dd7745b767b84357af5bb8b99968e0b9e5d893b0955b12ba95614163d43,0.361556,71,6,600,1668,4,2,21,0.0772
dragnet,34dd1757ea7bfd04a277a8368f6a46dc68039cb65b1e39a1c252a08d462d29fc,0.588556,115,33,2941,1398,11,22,2,0.1453
dragnet,a9e1cfc42c916d36d48eefda4b02763f942038fc2494888343cbd74ac8b5df7c,0.000000,33,3,266,67,0,3,2,0.0570
dragnet,c38e2d22f45b1f2fff108c2ce0695a49b7ba937abacca3f107e207d1245843c5,0.887511,92,44,12698,12712,41,3,23,0.1201
dragnet,8f5cd27353bf90236084a3200158506d99c966adbb69fb8e21007227dad7a9ed,0.734956,130,27,5288,3580,18,9,11,0.1652
dragnet,f42b515e89e539d0689881d1f47c0ee2198afc0ebc6a73b000d67d6b9a6aa912,0.040000,74,7,300,407,4,3,9,0.0927
dragnet,fbdf1f9c27b67661576e8ea6e43827f03b20ed995bf4272f9448cf490c035e0e,0.603476,30,5,935,800,4,1,6,0.0719
dragnet,c9e4aefeb3f667a9ae0f51edd7ba38d070685d6520895e5a5f2019181a8d6744,0.902711,77,19,3563,3474,17,2,11,0.1099
dragnet,989f043ae342711c5c8314f927993feb3fe9da14661fafa84e301f49b84da5a8,0.753341,122,22,2551,1745,11,11,6,0.1454
dragnet,1504a06d8221c4c9abe8b552c5e1da9196cd60a99858e95cd198252a65e9e782,0.492111,515,151,8860,17417,151,0,354,0.4380
dragnet,0bfe9c3096557f760df5ab2ccc1e8fb2c16b15e3542f600ac79be15632d825fb,0.632353,90,28,2539,2219,20,8,15,0.1090
dragnet,bf11b40f35f8d9936339c7d6f1c9f2e90260232b2b5ab5815e16be8c0702c66c,0.325510,105,11,2479,6315,11,0,42,0.1350
dragnet,3f9f2996028e4e6141ba008772e68f05a4f9777ed4cc92852d88b65bdfe251fd,0.848905,171,51,7513,7237,44,7,51,0.2422
dragnet,03a38cbc3afa2a231b881b5ffa60433cecc2981fb23f7dfe8c577e8cbc51d330,0.445087,179,51,5029,2708,26,25,18,0.2051
dragnet,b553ab8203e890bd34f72b227f4d393b3df4fa71daa17d7e4416dd5ec3c05858,0.829082,94,9,1322,1036,4,5,4,0.1413
dragnet,4ced8af592822c4bdea8bd79c0cc7e18b5f1fab3830ff4a22b970f852f6b25c2,0.571034,232,60,3288,4089,37,23,79,0.1826
dragnet,96e239a6ca5bad9ed2bdcf2c616cf36d70c5a79e1629f4e329c278b19c3e4c6e,0.351351,39,5,302,123,2,3,0,0.0615
dragnet,a20b629515622f5a301d3a3772deb28e9684fdbcabaf51ce8b8003ac1a8f8934,0.671513,181,40,7179,5835,26,14,27,0.5581
dragnet,688acf4a96556c11d9e3e7881e19e8ea2672d6fbb647ca71aeced1334aba6e66,0.659933,48,22,4973,2762,19,3,11,0.0890
dragnet,ccb3287c45bbcccf13d055757de14465d5b94fcd1c04db453513952e83fdc90b,0.875452,38,17,2545,2603,17,0,6,0.0584
dragnet,a702d08d68312808e309f2e4e1a954efee1ecfa2cd3dc7895e19d7d61105e100,0.648012,86,23,1598,1701,16,7,16,0.1110
dragnet,b7921dd7ddcabb6b33c23f1bc8dd8a23c133ae75c3c9f716a6a165d95862105e,0.831818,122,15,2107,1727,9,6,31,0.1295
dragnet,e4676015141cf34e59f0cf8843d2ec50d102b5b4113bde2e9b7266ca24139c39,0.781679,78,27,3183,3400,23,4,25,0.1040
dragnet,3ab0119c321259280cb0d27dc1911d42d0c1095d1fe702a8aec949fb41dd5e49,0.423453,86,11,695,840,5,6,2,0.0945
dragnet,1af3981bfae1c5555659cb2435abae4133e0d6bf428e095817a1bdf4be03226f,0.882163,110,18,3502,3488,14,4,19,0.1445
dragnet,09a7a22eff5a9093d389020c7e73c38e39826d79a98f4512fb8fc167c8404a78,0.858232,81,26,5405,4957,23,3,17,0.1128
dragnet,fbfa7d3f1ab55ad73959672606e24227e5261660453265d82586332384e59514,0.071429,60,7,219,259,2,5,4,0.0915
dragnet,cfbbe63dcb1bb619bef0d335c2e64a42e413b99c55ea40151eaac4bd83a6cb33,0.664944,130,26,2849,3326,23,3,28,0.1688
dragnet,811950351f1db546eb83be0113eb48c618a5c08d7709bcea74f8faaef9299d28,0.631761,516,217,24732,36584,209,8,174,0.6180
dragnet,ee2f67925bad0cd320ea1ed1542b04e2ae95b4981dc80095445014a0c9b052c9,0.729272,114,16,1653,1396,7,9,11,0.1394
dragnet,c0fbc8b99f31364a8ea646cf971edd12ed539c845181ea2dff51e7d9b6d8a345,0.850100,149,42,8252,6495,33,9,26,0.1524
dragnet,eca48406a5a85d687a12fff437a90f4657e4fc571c9bd8c413a48435cd0061ab,0.652382,370,128,16033,22176,124,4,145,0.3501
dragnet,2e6aaeb7eb691fb39fa5458ef73269b59aa24d0d16cab87ed508b94fa95664a0,0.501199,209,20,3461,1195,6,14,15,0.1942
dragnet,270a4c9fd65bcb8239fb9dea37347f7d56adfe3122f216ed702ff87dbb8408fe,0.400000,53,7,531,937,3,4,4,0.0786
dragnet,a7f2839f3cb955cb59b83b9d05b79dbfef6e295d8303bafbc7bae9ecc0757c35,0.777441,83,36,4318,4188,31,5,16,0.1079
dragnet,960b416401c8f502d8d0c438d19003e9b05b3fd30258ff6ec7caa5ff81a4ce03,0.581577,61,12,3007,1660,8,4,14,0.1016
dragnet,767db80521bd4fc8c3ce8c17b8018f7fd8bf530f21e2c7b2d50a8ed8ef0ac715,0.725065,281,124,23198,35224,123,1,135,0.2546
dragnet,42500e8e3b8f105d70dd31700997615d37f2bacdf2553d9cdf9e1d4aedf65255,0.651969,37,7,992,724,3,4,5,0.0760
dragnet,d6d0723f4d758d9948857ee87e28e3b8b13f8dc6fcc15b80177ea41934bb7684,0.718631,69,23,2368,1749,12,11,11,0.1058
dragnet,31bc4e9dfbcc971c4a67a73cc1e8543c93c8bc065f6df33e60680a67a3ebf95c,0.707266,159,16,2020,1800,6,10,7,0.1752
dragnet,e197b17f24c70ee399b1a22d6ef552c71b555a489c6c5f6ed42bec8b22274fbd,0.700416,121,27,3722,3642,20,7,31,0.1500
dragnet,fec59be316f60be0ca55ab31bb5a774287a829cdd2a7dee70926dc4a5a7e544b,0.863952,36,11,2792,2598,8,3,7,0.0793
dragnet,3c02cb2efdb97f061187f61fe5a9f2bb852ee15cd195aacb0ef1fbbbe69a9147,0.832231,87,23,3604,3165,22,1,12,0.1210
dragnet,d5715ae23c767c27ea57a01de7a00d6f54c90aec111dfd36260e7a14ae3e8493,0.859327,44,4,744,922,4,0,7,0.0734
dragnet,bec9c74880b8a9eac53e352c96c17a772048ded8b48b25fdde97e1b28a51a1d0,0.457661,174,40,2585,5295,39,1,124,0.1781
dragnet,1204844f0587cc95a558ec0ff476298250c19b4ef3de90a4c2d1dae731d0d433,0.706040,84,17,2243,1650,11,6,5,0.1414
dragnet,b3be39ff1434b7c1bb93161d98d3ea81c87c6fc8f0d2896db399ef87f40bf164,0.562432,81,14,1650,866,8,6,4,0.1180
dragnet,d44e3df2cee72942e553ad350089d365babf2feabebf353bdea8ea46ae6e9757,0.329787,136,8,577,985,5,3,55,0.2220
dragnet,804e32fbdf9f390e01215c325a5148b07534d1c87fcb32188b7b0acc13b7cfd3,0.461538,23,2,133,102,1,1,3,0.0501
dragnet,7df0d1f578398d90d79516b220b2d1e4f30740166cbd6bd51731fdec233ffbb2,0.705859,260,76,9676,12798,74,2,114,0.5675
dragnet,c1be31309840687bbdc3fdde063b3d6f2ac9a4bfdeb437d36ec14f473cfd73fa,0.603995,206,9,958,1140,3,6,29,0.2637
dragnet,1da589bec748923ced03bca46d85d7287c46b557ea289a3b929b2a2acfe49b19,0.821764,109,33,5782,4525,26,7,19,0.1644
dragnet,c157f86fc00619c6db94e782ac733de4db629b8d3bc804a08501ba413dd3c324,0.560275,126,27,2376,3484,27,0,47,0.1253
dragnet,449ddda164edf9db471c7c9fecc58367ef7d0eeff0968be7db19d990221087c6,0.810320,205,137,19896,17447,128,9,51,0.2186
dragnet,42c60fbb36397d05d9535d869f83bc2fcd8f5ee0d65eeae6e83eb737b0142a1f,0.403008,148,13,975,1056,6,7,21,0.1622
dragnet,9d109e96f22994f93c9b25f32c2c4a577376763fa649bd5d7a22ad98bbbec024,0.793904,200,36,4530,3377,23,13,24,0.2610
dragnet,8c7abda4bc945d49a2d032ea976c63d94a0439b7f598ea8c97781e3d48f338d7,0.468750,37,5,384,177,1,4,1,0.0595
dragnet,2c711b83bbcc1355149f9a421ac6b9e9fbaa17f897d7f3800f60d0bdec8a1b97,0.841066,78,27,4209,4284,27,0,14,0.1312
dragnet,3e4d96afe5fef5499f23c445957071a24f8d87d680a2490fa517ed01d969c242,0.838852,69,8,1250,1078,6,2,3,0.1300
dragnet,ba4f35aac88d12c54ed7c3978df9d305e0e6ca0a71fd99d4925f2ee89bbec9c4,0.000000,44,4,130,1031,1,3,12,0.0755
dragnet,3f1e40ac3b786eec067dc1d48135be25a3774a95c03de30f5481d2dfb4bfd193,0.799078,85,14,2303,2506,11,3,30,0.0959
dragnet,ba7cdae850c02f5949c89ffaa18a3ad8323e5813477f3813f52f3381aaf384df,0.882531,375,230,49359,52078,229,1,120,0.3903
dragnet,09c81b473fc7c84b0e6027a380d347b92125b588b4d0ded596ab941bac3c4b74,0.792041,78,16,2218,2223,10,6,19,0.0957
dragnet,58aae21a3249bec7e2192ec00678ab6c96ea495a7b2e4be9fd097089f06a26a6,0.352481,160,24,2337,4013,21,3,57,0.1859
dragnet,b4943d633e2784dccc986062cedc2553915010c14a0056fb121fbd0e23185776,0.866642,87,31,8145,7012,26,5,9,0.1433
dragnet,a9427d5c938a90273c352aa6ecdbca3a5c0084efc91a495bcbd8f060537f45ce,0.796477,187,74,11024,11380,72,2,72,0.1878
dragnet,0169c4eb5746345e6c17152ec02bc3bea90c103724c31dce512439b890ff7689,0.691835,106,12,1786,1559,7,5,8,0.1168
dragnet,94fbd508ffd7f78d666f13aef6f91ad1d25de175cfa7102fc22a7a6b5993e789,0.493348,74,25,2465,2196,18,7,26,0.0925
dragnet,85f0d81cb15e872fdbced009018bfbb4a2315d13be5123ca9919e59106d31932,0.861953,95,60,11024,10321,57,3,13,0.1122
dragnet,2c868ffb954ec98ca802b6395c1d3cd0ae6d8bc0171fd85f3c6075598e7c6a70,0.495614,55,12,1477,1069,6,6,7,0.0678
dragnet,c486d924c1b8ab91178ea051ba577311ea1cccbb2428c20536870e031e8b40fc,0.853807,338,169,30132,31247,159,10,107,0.3116
dragnet,636a434e1f7c10c98521f77ff3199207537eac1fb16dbe37f0c2c918cb27c740,0.618918,625,257,47108,29114,252,5,260,0.9720
dragnet,95433832ef9219b5ea520f735c4fcbdcb69be16492e4bd9af1d496b69f65f517,0.817904,162,40,5617,4376,27,13,35,0.1927
dragnet,0c60c7a1e4eddfe774a27e3380c6ab99ecc8d2f60e8730f694efd7613722b821,0.352410,145,13,847,1141,5,8,22,0.1613
dragnet,c2b87daaba3624bec8d3e817351bd9c9d87fb862f0a810a7c5aa36290d3b5219,0.449213,37,11,1289,633,3,8,3,0.0833
dragnet,959a956d6061d821d18000cfed4375ffae50170a2bd729e123f528bc89bdf9f6,0.580276,108,51,6112,5001,32,19,18,0.1524
dragnet,03c1764c0f31caf5387300fd53b9de7ac7672d24b2b58bd4976ecdaec9aab5f9,0.825705,957,483,69657,72584,483,0,305,0.8847
dragnet,dd98dc514c68d7c08f203600b7d09749b328c458beb19ec30cc6b7bcb39a2e2d,0.784615,80,36,5121,4890,21,15,13,0.1112
dragnet,caf522df22530df680b612e855433bc8f78768e784e9f30ea6b7d3190e38f768,0.736842,56,15,1167,1071,13,2,16,0.0739
dragnet,676131723f8e8c0296ee5097249e6ba5b019dddfc85dc9a0e4deb67b7b2dca2d,0.773131,285,210,22028,22360,209,1,67,0.2335
dragnet,e2876a0b9f01e392ca97cef1524af27e91faf067ba3b1540c421dcd93a72ba12,0.786131,301,75,15130,12981,51,24,66,0.3619
dragnet,190fd746d09dcc93810c1965bdf9dcdc7a3b722a9043c4fff70b0f5fe1dc58e8,0.815532,699,507,92793,94043,433,74,136,1.3144
dragnet,731165fc5171712db3b363bac9e13b16bee6bf4cb4412be7f00ffc38fe18903a,0.799797,112,44,5266,4808,29,15,24,0.1200
dragnet,facff7ece16b12f44f2dd7b07971210d2f940782baaae53b312f626e8d6375cc,0.490196,54,9,1298,1092,5,4,6,0.0778
dragnet,526e4965303d5b264b5d537098f01b83556e9d7b2ccbe33d9738356ac72ecdee,0.614679,156,4,386,673,4,0,43,0.2388
dragnet,259d4ed74a3e7d5c0c787addf4d71752ca86db4dbf3ac26d3afda2f62306cc99,0.802734,112,40,4063,3556,28,12,22,0.1198
dragnet,263a62c92d2b55349100741c5f65d1f863d8f0a178fed40b29299a7d3f27fd0b,0.677323,120,15,1623,991,7,8,6,0.1383
dragnet,cb86bd2b100587e374ee998e9a80fa222a4114dbca26574fa0319a4634119a54,0.611718,73,34,3044,2449,21,13,12,0.1068
dragnet,a65607b49e615e1899926310932e424a6fb3b1decdfe35bdbfd0e235e0c429a1,0.456585,111,19,1649,1102,9,10,8,0.1345
dragnet,61f05ca4a8789ad4247e5b26f9f741c908cc93a314f7ae3e507a4fa8bea90d34,0.730817,277,107,14727,19490,105,2,114,0.2931
dragnet,ffe3730a24225cf4e03713a2ba5897cccfcee19b143985636c452aebc74bc0cd,0.884389,1,1,37004,33420,1,0,0,0.1050
dragnet,e37fb6b6e15449492430ed157eace2fab3c70b7aabb309b21d1e50e9c8896094,0.545044,60,33,5697,2915,18,15,4,0.0849
dragnet,28e93feb83c002e01be4744edd1ba9850c3e6eb3bba0c33a0a70c70740f318f3,0.631947,56,27,3201,3033,21,6,12,0.0699
dragnet,1b055203c532ad19e4ea7788d77c3a08272b8cc2d808ca85173f6390bc00c6f2,0.701051,102,39,3108,2118,23,16,11,0.1126
dragnet,d381fd7bc5454b7f776509f63af3fb9a95c7767ef36f9211d58711df2d8d97e1,0.839462,129,51,8034,6560,40,11,26,0.1419
dragnet,1e319b5b39d430f2ee619259386a164610529a439e00162952975115fe1399f4,0.848607,92,26,5173,4991,19,7,17,0.1153
dragnet,821273fd6367a909df7d6c6a956b4e7bcfccb768f701af5f2f61499cf72df3a8,0.684366,105,5,424,540,3,2,15,0.1710
dragnet,9e0b46999244eaa3021582eb5526aace38e93e9243596199fc7262edac80323d,0.823242,85,17,2488,2093,14,3,2,0.1421
dragnet,801192327844e3ee1d721566428b4da7e31641ff28e5ed98caac410a7a3eac19,0.925717,60,21,5605,5468,19,2,10,0.0862
dragnet,271bb701bd3d498fd7231436bfb1dfbdc9d364e9b95affeccde2671a3a6b91be,0.405594,141,9,592,513,5,4,14,0.1941
dragnet,ef3fc461bdaf3b3e0f0f07a32e6ec441e0752f2620c4abfbdc4ca18b7503376c,0.596247,29,5,1226,2601,5,0,8,0.0962
dragnet,7435f245b9f49b5ede38be6b67858de47769ffaa476f6fe9a16f648e65c2e16f,0.849602,116,27,3616,3091,21,6,13,0.1318
dragnet,56c9ff603fcf57a6affb44cdb305225392e0ab87ca3eb1368443565bc08f507c,0.584192,58,9,1082,1338,7,2,5,0.0908
dragnet,34e72a82aff116dde1e7ead5eb3df672f3d946f639461b7f0185656cab43bad8,0.731748,62,24,4083,4489,22,2,24,0.0932
dragnet,a40d32c7267cad02b47c2bc2b808fdd399bccdcbade66ec04303c789b617c299,0.480845,83,9,1255,2675,7,2,34,0.1021
dragnet,3cb2ce46410d06e1eb6878bb10da0d814933bb9debf9b02169eb1ff024004201,0.520626,105,18,1523,2132,11,7,34,0.1202
dragnet,6ca3dab80a1f541c63a86c0ba75165a0236b3fb709e8ed0390cfde9765729b45,0.377570,80,5,334,1057,4,1,25,0.1166
dragnet,fce2b4bf8f16e977767a0b99fa5607475903e72bc1a046128ccbc10d857e8677,0.772152,45,3,409,367,2,1,12,0.0675
dragnet,39e00a8d4dc30cd69867acc9276513ccff1254db4cc19f4e548795aee69825cf,0.925896,68,7,1619,1480,6,1,5,0.1270
dragnet,421b843a24bddd933ed32d72b6d75158c9168f6c978ecbd49ede41f8bb0e43e6,0.788069,154,24,2941,2018,10,14,12,0.1652
dragnet,b354793105b10d88b4e804bf98310c5d568551661545587447d4b63d7b33b394,0.671649,69,39,3330,1884,20,19,3,0.0937
dragnet,3665deabb77ec68b9a6218f20bc0debf50408c7712666a75e396b6b8adf6d67d,0.856952,151,78,10834,10604,70,8,23,0.1718
dragnet,121edb0520ca46b76baada4eea5ec2609c22f207b968cc8c39c2d74e349200a6,0.416216,75,21,1806,2285,17,4,27,0.1089
dragnet,903356b458e25b38d6055eb111acd1e0e05a7724361b603e2f45e06e44839799,0.653493,69,11,1620,1953,9,2,20,0.1190
dragnet,2d2ed60037aa489dac52ff07a467cfbb4e70f0f467fa08cf03b08a832d119e2e,0.797697,32,12,1540,1757,10,2,4,0.1002
dragnet,c1237c3dbbcdc8dcaa05f9f6ef40956e2f1ce0290a16e536ae31ce22fe8106ae,0.476087,53,7,738,1849,6,1,12,0.0929
dragnet,e4f1f6aec9ba078ff56e366b84df1fc585884b6a5a7706636626bda41a0133d4,0.814286,68,7,705,586,5,2,3,0.1247
dragnet,0a9529c248da27ca349a591288a4cf2cba4f572a64dc1430349680eaec7b2ab5,0.874177,54,15,3925,3503,13,2,10,0.0724
dragnet,adfd4d13293cd8aba17c044218efd3087a44c21ab3253d5fda4e1decda70971a,0.663677,70,5,470,649,4,1,6,0.1326
dragnet,b6d8dac3c9dce0819e6d289b67819d5d874bc3132c99ed0cb30183176e7d09f5,0.870702,118,34,6138,5155,24,10,18,0.1286
dragnet,56e32dd7a780f7edde7b533d5d1bd6def3bf674fa1e45427995a5e9449c58f43,0.000000,30,3,48,67,0,3,3,0.0791
dragnet,00c96e4be64e25439236b074e7d5b0a6a0dced1aa579b367a96c500f2df178c2,0.717608,90,39,5563,3967,24,15,11,0.1144
dragnet,4ea3a8689e2dc8912ca392095cb5cb19717d68921b39591d9f5ae34014c505e7,0.627273,107,9,670,451,3,6,11,0.1803
dragnet,5586a2506133e225c99621130c14f582b04cddbc0b964906d33ad51a7bc871b9,0.285503,91,8,901,2434,4,4,32,0.1445
dragnet,6a6c96b86dbdcfb9429c196a39d8dbeb97cd4c54e8f89edbbba5a4e404d28e9b,0.651026,77,12,2979,5651,12,0,40,0.0991
dragnet,2189d0cf52c4d8ca43c50bd6de6eb5e4afa252376b064f3bf28add3b523b050c,0.541667,81,9,914,1378,6,3,11,0.0824
dragnet,b3d1a3d45e7c034295e1d9f3796e99344a8e901b4abe30d8a95a01c145b878cb,0.886836,24,6,1799,1821,4,2,5,0.0480
dragnet,97fff738590d35e3af4c1cfae1a4d76b2e878347e3e763d07d7208f42439b123,0.907975,28,8,1427,1489,8,0,2,0.0954
dragnet,097d70bdbef5515a344d664433de928772425277aa606baeb3a27a2b7d3bec3f,0.920442,46,10,2462,2421,10,0,6,0.0809
dragnet,ce71f09d3e963d69c187ea207a61b52e8c694796b319484aea8daafa7d0eac7d,0.741481,56,14,2098,2285,13,1,11,0.0787
dragnet,7426c49b74ae0763ced930b6c14e0ea5678005696e7a19a461e38c73920d02aa,0.858150,130,95,27997,24420,85,10,23,0.1971
dragnet,b36546408c04d974decdcb5afafeda58b6f248fff18cf57c7518a52bbb2b72cb,0.816327,82,14,1782,1467,9,5,7,0.1517
dragnet,e549d31e414ad33d989b7fc071ae77c5925fc4a46d24d98869d0c5f9683d4364,0.717418,162,99,14759,9435,86,13,25,0.1873
dragnet,27033732fd6b2b672a6b399af838b854a79919a6221a5a10294d598d3a536c41,0.723735,58,22,2868,2413,18,4,5,0.0992
dragnet,3ce2cd2cf1bf011fc0486cc79e27c5c2618d11f862fde4a813fc2dfd04163f33,0.773006,41,12,1375,1132,6,6,7,0.0624
dragnet,666996eda9b1d0435422a3c0008fe42d07d95070979fbb730adc2f8496b1648e,0.661673,86,25,4184,4444,19,6,21,0.1127
dragnet,dd68265c8b21390b94c284002ac9542d095cbc0e2f0f88a5485efab449431c37,0.180653,73,22,2120,2176,16,6,25,0.0918
dragnet,92a6505e29952ae96f9613c6ad4f10e0884a9ff9283f0e4554970d608cfbf136,0.802831,96,53,8582,7360,44,9,29,0.1369
dragnet,db9f4bde69cd2cf082f83d13211061c6037f89cbe76ebfd63bd123eaf2df5558,0.805322,40,8,1603,1927,8,0,7,0.0781
dragnet,e66b2270e45681f2585087a09254639c40c3da6941025924134f9eb35aa79b84,0.778477,122,67,7920,6319,58,9,19,0.1447
dragnet,7d67f22e49f91d7eb905e9fe78809ebe5b3040eb60f2b014bf7e5b5bcffea2ac,0.885302,46,9,1578,1472,8,1,8,0.0760
dragnet,6a0e9cdbc707d91fff3a536cac927df4a9d86a7c1edcd960757a688bf4092448,0.719330,53,18,4822,3107,13,5,6,0.0825
dragnet,a2601396ab1719a6c4fff3ade137458cd3b779973dc58578a6ebe51e12692472,0.896992,81,8,1477,1517,7,1,6,0.1355
dragnet,2305c586fe830b25f8b56ac951525e112e183845dce16cbd8127950d97f2fdbf,0.000000,43,1,22,570,1,0,16,0.0764
dragnet,4caaddf8a2e5485d537f403558508e0fa280167b751d11def437c9bdf9342c3b,0.100386,221,12,606,1481,7,5,46,0.2532
dragnet,fc025a64e7b2413ab149aad6b4e66f68671684c2aa2a2b56cc0fcbf100730779,0.049536,19,2,36,768,1,1,6,0.0311
dragnet,02a84ee78441991a0f1b8186e43f7b6cf9146cdaeb90c3e575091e062ec09416,0.797489,115,51,10190,11205,49,2,31,0.1373
dragnet,fa27268145db7fd68e241aea87990fe1997a586dab06c481381d3ad2633541bf,0.473186,29,8,2014,686,2,6,2,0.0709
dragnet,94c7e4595d8633729753d57565d89c2413b363e79d0174b532e2b216900fe745,0.425163,79,15,647,602,9,6,7,0.0965
dragnet,38ad2e66949157a6f82c7140426c12a8eda2a601c5b289a8ccbf483957f6ac15,0.900819,89,29,7694,6940,26,3,10,0.1068
dragnet,26f345190285aa6565014fccf989a242ab93ca7699d01b56c68ac498d3edb6cd,0.871534,90,22,2988,2982,20,2,6,0.1212
dragnet,e264783a7a6e190928ebc013c07753b7141cdbe39f036f4218b469c93e741deb,0.733333,55,11,939,1018,8,3,19,0.0738
dragnet,edc7a95855e45833f2f8b76dbd56521885dda5b744a66b90de9121fb58f58c3a,0.795781,37,9,1444,1338,6,3,5,0.0804
dragnet,b57ee73851f02aed937428ae9d871f72fce74fbcf52adcec2e0f6d4cb326c49a,0.797566,182,76,12732,12593,72,4,54,0.2112
dragnet,e6b736cc114713aa4c9b5bc0b48ead786c40635a1f24dfb52b16dc2a3429bb2d,0.857214,36,19,6023,5770,16,3,3,0.0703
dragnet,c6b80d638bf3eec74f4929170f4580f53a86bd6e1ee77add8e4498455b0c4e30,0.309859,76,9,510,1430,6,3,14,0.0903
dragnet,48da5b8f89746ba8ae6fbf0c6cae0532cfde8e3ada39edba9b83eddfb89a5bd3,0.517778,83,9,999,1220,5,4,14,0.1144
dragnet,324e570966a1bb9da40fb080cfc59a0e13d30a64c18e947fd47d609f16ef3dda,0.872397,73,15,2552,2622,11,4,9,0.1250
dragnet,0c68e762d9f1476698c0e39014882203bf02ecdca16456254f07b1de30933f5a,0.821777,200,67,16948,14780,52,15,34,0.3010
dragnet,4f9bcda90fe8a723c7f128fbfc3f573e04876ff1ce008aac39d00f683ccaa864,0.690949,120,12,1382,903,7,5,5,0.1389
dragnet,15ae711f6e1dee41be29ad5c6d69d67baf04ed715579abb0e425f90868d4d4dc,0.612957,46,11,1367,1932,10,1,7,0.0783
dragnet,e1f2c76518d239f1b2c6802019b054e427db90e1a38f9c731f2b5a4a97380135,0.438662,46,8,499,877,8,0,17,0.0630
dragnet,8c699b5967954b8797616c018667d2cb78af4c5fb5f6d2ab8ef8dafe3a893eb6,0.232240,58,6,392,1727,3,3,10,0.0999
dragnet,636d7c5a70086ef16234e42b1670b83ddad2c006bdf0f88b7dda77f73cfff2f2,0.766222,105,10,1877,1505,8,2,10,0.1728
dragnet,42fdf5dd323c49804865e7b63532f5b724a921e261b035ab8455b8fe913bfb25,0.752122,115,22,3498,3014,15,7,9,0.1687
dragnet,38e6a9bd4d2de5ec3abee47d2a98bba21795831f83d51a1281aced4b0750815b,0.420233,86,29,3546,2062,20,9,21,0.0982
dragnet,30e864cc9d882ec986ce426eef978e204d28f7b9ac7f87dfcff7646eb59d3713,0.744145,356,79,9226,6133,49,30,52,0.3827
dragnet,6df98bee540da494d20fac301dac02d12aabc72161f812c0bfc1bc8d7904f568,0.865876,67,7,2045,2337,6,1,8,0.0984
dragnet,f579ecde3c9015dd0369452db1e989ea943178bbb1268c9a535c532a6537c90b,0.911928,165,126,28042,27669,125,1,11,0.1888
dragnet,ddead75a3a65d433323f89eb3d5bbfd60555cee3dc4208e7dbe5da1570c8c8aa,0.731349,352,139,15392,15120,136,3,92,0.4569
dragnet,e58fc82e38998e199aafa8315c26cffaea4d4fc0447ecdcecd5552df425c27bf,0.716776,53,17,6691,4851,13,4,6,0.0774
dragnet,a686dc46848f554204ab332279206096407de89b56b93eb30b97f705c1cc977c,0.688104,259,81,7276,5319,64,17,118,0.2832
dragnet,1e303192d85500ea3312f3980ca58f95b97bdf61f92fa5f1b70399cdbe7eecc8,0.015544,117,8,430,661,4,4,10,0.1372
dragnet,f6fdf66fd8de3bd237a42bf619543000d206d2fd0444372fed735f69cf4acc70,0.733004,53,16,2758,1841,10,6,10,0.0809
dragnet,fe7937938e55ba2294a7d508ece2a6f515a7b602bb4925c3110681a653d6c837,0.281588,86,13,786,662,3,10,13,0.0941
dragnet,0bbe0ccd533dd68e4b3b12056c5ff64bff80bb4b41bcb0595aff1b931f159522,0.036145,54,3,504,37,1,2,1,0.0828
dragnet,def7b6611368e4b68e1322e54123d1838ef2146ae1e4c0aecb230e5a6de7ccc3,0.000000,38,5,269,91,0,5,3,0.0641
dragnet,2d455d34bedff7da3d9c6dfb2a8b45ccf77771daebf7daf1f48f8487e52d9aaa,0.701216,108,15,2291,3026,12,3,24,0.1748
dragnet,8d315673d9ead752a27e2671e61e8eb4425137a5bc4876101a23879d3c446464,0.877339,106,57,9584,8898,55,2,16,0.1320
dragnet,ed54ce22ff17fa46147b03118f40378fd3db972746af522d9325d31c92d30c92,0.619718,64,8,764,565,4,4,3,0.0944
dragnet,995a4e0bf8e62729347a39dc4d86e46606ff06c107a2f10859d887a6cdcb01a8,0.512267,1,1,5992,2455,0,1,0,0.0695
dragnet,108c03909805d17dc2e35182984b8cfe4516347a8b2e029d7db4a013af34219a,0.863419,28,7,1399,1444,6,1,5,0.0487
dragnet,b548de41921322c54d194bd20ddad9d3acdf738a610eab3d421defd906cfd157,0.831661,63,21,3834,2967,19,2,10,0.0969
dragnet,d3e8504a49df6f6fddfd34a47a2c7c5b31d7471662edbdac7f965d601ae331e2,0.762183,742,229,27050,28441,208,21,243,0.9831
dragnet,0b53126afe0e850aa7ade7815833e0b6fa4cbca6ebfd39df493d9acba1a351f2,0.384413,60,10,1709,3254,7,3,33,0.0735
dragnet,869edebf39abee1afeb69b91101ed8274fee911dd398ad7c4944831d051bf631,0.809748,85,22,3815,2637,12,10,7,0.1021
dragnet,820186e669fd0ddbfb38dffc47296b6203642e9d26bc8bf0c0882eae32dbf815,0.825561,89,14,1736,1384,11,3,6,0.1369
dragnet,c3ba63e0dd2292848483b20c0cea6d940bf6fb0195502c51eeeaf6f33a4f0722,0.910220,63,54,11166,11298,54,0,3,0.0696
dragnet,7c971a3556a91fe7c87fdcab86a8b83c5bc8cb93e07de4bdfd5526d6e65aa8fd,0.818848,77,28,5521,5602,27,1,22,0.1037
dragnet,5acd319219f13a710d0018e0e95ea4194425c13344620ee170b020c3178864f5,0.586300,179,31,4380,4710,17,14,32,0.2735
dragnet,7400ed8a28a5691fb1b32c0d9dace69589030756ec54e187b24477459e4a66a2,0.684635,503,303,34477,32490,293,10,106,0.5616
dragnet,507b67a97936a1a213e82ea0d885b93a70d54983df3b3b2e8649459d20eba132,0.663091,67,21,2083,3232,21,0,34,0.0807
dragnet,4e5b6b67c1453f924999f87a28a0621c5b4cdab22e47b5da8a6d6983a8e7c3e8,0.846174,76,47,11704,10242,32,15,2,0.1399
dragnet,4ded1b4964d9062d832f05d86fc7edd73d5b8d1b694125882323683484c5958b,0.711409,117,38,3098,2573,29,9,29,0.1204
dragnet,16ff5b220a364ab4c0a393cb3db99ed1e69fdc369c21893a5ad0cc2189ddef1c,0.572880,73,16,6796,2840,14,2,6,0.1090
dragnet,9ad637cfbff57c9896e7af03635ca1595516ebad68c53e2b73d21f594d7a1032,0.646229,194,56,6213,9649,54,2,74,0.2008
dragnet,dd78e77df8a4c940143679690d6b92e9ea0911c75b0a84ad6a0c6b32f3efa06e,0.682609,37,4,586,631,3,1,3,0.0805
dragnet,15f72f4c837cdcf52143fbac8bc4dc7d8f3cc97cfd2fac1450bbeee1d67a982b,0.735443,573,263,42573,50603,254,9,253,0.8465
dragnet,a3f6b9ccee8fe9c5f57023aaf705ee1450f4d5518368238368347db2ba41bbfd,0.827740,29,7,1145,1190,7,0,5,0.3734
dragnet,066c6f28ab0068e5070fbea68142528a456ad803fcfc20dac361fe160c34e8d8,0.808002,135,57,7471,7661,52,5,39,0.1626
dragnet,9e83036855852b8e1878c93f7275f4f5a2446c3821a5a2dbe36fea34a515a5df,0.172619,55,3,158,712,2,1,22,0.0654
dragnet,2634ee58b00f34a5e7f6aa47c88e76060fceba27ef12d1bc09f070a208126e6f,0.573051,240,63,7396,3286,21,42,32,0.2743
dragnet,3d0b7c5b63e96e0d713d852d87018aa50d1ee41e95e7d19261c1b9e574152eb9,0.864373,127,42,7903,7710,37,5,38,0.1593
dragnet,97707b15662830eea4ac216674b4a3a56dff89374512669430e9c101551712ce,0.890237,89,18,4859,4922,18,0,15,0.1230
dragnet,8259dd7c18822120f16604734880a84561e3bde854bb1a3d4e17d7f1e55aa950,0.888730,127,11,1953,1769,4,7,9,0.1503
dragnet,87f7a52d4dddd4cf38d0eb43009ef9dfc91f8e78ad0d04ea3dd653755b9af274,0.739831,197,57,7794,5888,39,18,26,0.2458
dragnet,553c02b32b50d843012afb786498395a2adb9a3944eac4884efaff4bb64dbd01,0.730435,58,13,799,770,9,4,7,0.0893
dragnet,db17f750020fbbb639feec3f16893b297df67823aa2f5d8ff5968d73d2867a94,0.450644,40,7,600,1670,6,1,16,0.0705
dragnet,6a62d4dbdf2bb13d80b2c53b0a6e218530852f4a22d96d2df95eada966c17f04,0.845345,134,33,5531,4733,26,7,18,0.1657
dragnet,45b8b61fe4703c8c3d05020b38c41103e1301926ca99e8b81519bce971a58680,0.799163,57,7,1479,1150,4,3,4,0.0792
dragnet,ed6f3f3c71d7afd06a57a9bb73652ffc0f5427a227678c3cf1d0e271c9a4aad7,0.764890,53,10,1017,872,7,3,4,0.0789
dragnet,30c5eab9343b5cc028b8db4399b9bb559de649b28fa00576f4e8eef966927dda,0.566939,83,14,1883,2531,12,2,24,0.1070
dragnet,db388897bb79bc4e774449c8d3df003539baa0821a5b552f0eb6d98f586cfa86,0.725872,76,28,3719,2436,21,7,10,0.1033
dragnet,6bca0d864950e7d7a753f440fbbac48f27d423511033e1727aedf6c4dfcc44e7,0.661262,155,16,2253,2420,2,14,9,0.1647
dragnet,7dc8320af4a0727a52d0af96f130dfe5b2cd30bfedde66b4cd9ed1ff2e3a72e4,0.733034,136,53,8718,5790,33,20,12,0.1639
dragnet,76cfc14292e356cae1b0ef2ae2aea76229184dcdf71a17ff0bfb24f8092d7423,0.514735,20,4,414,937,3,1,8,0.0333
dragnet,221d2c67862fa17497fb815e008c2955939a18159ccfdb84b740d0f59428fb61,0.663317,65,9,1762,1496,6,3,10,0.0972
dragnet,0aa9911fa380d78d0fb2355914f0ce6ee3203081fa4e45dddf74ee900a5e58ab,0.718848,91,26,3051,2612,19,7,13,0.1199
dragnet,d24994c84982a9b155860c50d9b446917db2ffdcacf374248cc58441b376b844,0.613995,306,38,3253,3341,30,8,90,0.3913
dragnet,d7f661f665862f645d587485102d30aed014a699ce2e1af2f1b03ef78063dffb,0.757261,78,9,1383,1219,6,3,17,0.0941
dragnet,b408fc7e5dc797e36bc641a47bf3cf136ff7953cea9adcc9ff9adc8097006690,0.793548,51,5,1088,1406,4,1,7,0.1049
dragnet,62146065373378678de210102690f29bd3f2652da06d404779795b212a02e034,0.445631,108,40,5290,1570,20,20,9,0.1614
dragnet,209362b0c815c7e90fab8f407b06befd5fa4159610642e066bb3ba4f451c4a65,0.818241,31,12,4788,3676,10,2,5,0.1034
dragnet,5d30569c828cf9f9d21d0f929ba6110a1c1ba809ff23d4c5384ec922bdb080f6,0.888023,84,46,8008,7549,42,4,7,0.1211
dragnet,435f6fa49ae5df3227b3ace737813d0dd373522a1d867766f415bea12c198f4c,0.170455,83,9,523,482,2,7,8,0.1160
dragnet,0eabd5706b47b1f46668e3302c8ab191f460a2e9b89f9876d9c83d1ae06fc560,0.730240,102,51,8591,8520,49,2,43,0.1134
dragnet,2704a1e4e710ecd25deef9c793b48399256b8615c264e4f4fb4d80c045d3cd8e,0.686992,58,5,641,738,4,1,5,0.0869
dragnet,821548ea51e75be556d5bdf9352e47d0886632cc910ecaef12911963137d9816,0.826320,85,43,10632,9482,37,6,29,0.1396
dragnet,53218c163def9dffb17db9d0d19962e61f7340dacb2b749e9637d3264177320a,0.536697,297,50,3324,1513,19,31,29,0.3341
dragnet,757245ca3061046a34a21390bea83da50f6a9f3b4bb8df49f84994675a2353a1,0.862521,112,19,2472,2280,15,4,11,0.1494
google-trends-2017,b4b5654c30497ba73325d248cf1aad773c630b0b0f19be434364f7ddd3c2b337,0.827567,167,43,5167,5010,41,2,31,0.2265
google-trends-2017,b9eef0158c9757214ae84d93b5a663e0c2d2610d3d97538ea7280c46a15e3f80,0.601530,117,43,5209,2546,19,24,18,0.2111
google-trends-2017,d0143db8de11bdc720ec454caba109762c50fab9d292702a270426a61c9b732c,0.758958,53,7,752,876,7,0,9,0.1134
google-trends-2017,6ffb9171b7dca08c6373bb08a0a224b2b0023e5d5863807b9b3b6617c341c005,0.836066,36,9,1495,1341,7,2,2,0.0752
google-trends-2017,a4281494330f8b16ea1324b6800bccfc12fa04e205e850b622e19b17a58dbbf0,0.926117,38,14,5683,5475,11,3,8,0.0843
google-trends-2017,5c5807e1c55a88ad26bdfa3421b7634cb15a41bd9607837a612e5a47cb9e5a78,0.606981,766,90,9060,5667,72,18,326,0.9387
google-trends-2017,3183481104cbc6d5a5a4ccf5245184b0ea8476084322fb8d70719c829bf0885f,0.597686,184,25,2321,1503,8,17,14,0.2477
google-trends-2017,93f673bc6acbcdd0e41e9f1d6e04384d4cff3a8a771780806d5c529f8a0366ed,0.536602,353,33,3065,3876,29,4,79,0.4172
google-trends-2017,dfe073ea5c3ecb70c56f278b6adeeb20574efe55b47d9b1cb946832c9b5358f5,0.560773,174,34,4785,2452,27,7,54,0.2303
google-trends-2017,c0a2dd2aa24e731fde24e7fb761fc6394efead43be75f22976d1d46a6ee6f361,0.412473,426,157,22592,8609,125,32,111,0.7105
google-trends-2017,1d0c8c96d0446d462315ba2a763a0f070431c0a97e4812b3e75f4e8ad4d8c838,0.315029,54,8,700,1042,5,3,21,0.0872
google-trends-2017,d0b7efd9a8995260f3577863e8996577f81fd94aa6472009794b65d4dc45cefc,0.664276,283,76,5856,9127,75,1,143,0.3245
google-trends-2017,deaa6b2b52ae6d7321df18e66d1a7cda3c34ceb9e8625b06d0bec508258fa505,0.705283,96,22,2301,1716,16,6,21,0.1124
google-trends-2017,e8a17da3840087be511861d0fc00356ceca7f6b822c070d5a117d8af245a067f,0.700469,80,17,1770,1156,10,7,10,0.1373
google-trends-2017,14e879569af45c7751eea3067457298c57f6a9027999a45c6a44eae3a3136366,0.350162,308,33,3108,2536,13,20,35,0.3702
google-trends-2017,30316f6fc3f9295df89ee5c02c428e514ae18bb7062c1b1bcab292ae862846f3,0.372682,94,13,3439,11661,13,0,48,0.1371
google-trends-2017,975e7f80812aec748ff96dca4a4d4d5826fbf4b4678bfbec189561533364f1c9,0.847791,52,8,1209,1226,5,3,13,0.1570
google-trends-2017,d3d5452aa3bad25dc9a4adf0fbcd0193f30509598fac10146cb481af5f1a9fa1,0.765401,130,27,4863,5130,19,8,23,0.1562
google-trends-2017,b7e3647b9a5b64f6b492beb7e6719debc2614f9da6d1a871ee1fa756b7a9350a,0.865306,159,32,4609,4262,27,5,13,0.2384
google-trends-2017,463788fa7ae565115b9c092851370cffb33f12a2d34946d688b388793ab0cdaa,0.200778,265,31,1673,1555,15,16,75,0.2973
google-trends-2017,ac99cf70dd4e5bd44b3384614d0ca71949cb31bbb98bbc28b7ab3ddef6118deb,0.008181,3505,51,7319,50,1,50,1,3.4207
google-trends-2017,d10f00e50672629d48741cd977fd49572b976021388859ac0242857f1c082cc4,0.795356,105,26,5958,6436,21,5,29,0.1659
google-trends-2017,46a97efd974f97c2f7ac70eda06592d8aff7bfadd9eeda439aaf4a6678a2515d,0.815358,78,20,3703,3559,15,5,21,0.1566
google-trends-2017,4a7d789286f9b2e94f938a962aec632b15bf967639d8208ec035905689d0b9ba,0.953086,78,14,3251,3249,13,1,9,0.1114
google-trends-2017,ca5ec2b12cfa6b584340ae5494c5efa0b79719380bf8f56271f0224225d44f0e,0.568240,2912,75,9329,5386,39,36,59,2.6732
google-trends-2017,73269c4106c375f28c71965eebc3d688c4a07823d0f8c7c3870df37cd5a4862d,0.790335,129,17,1823,1529,14,3,7,0.2068
google-trends-2017,fa750ac15daeae3e5c3711d34000dd1c1071ccfaf962a00b149a13bcb2137255,0.762948,106,27,4188,4494,22,5,43,0.1653
google-trends-2017,ae23e8488771db9b590853b49d3a7995c79df5695ac96f8eb0cd4b12b5a01bad,0.448234,65,18,923,1119,13,5,16,0.0644
google-trends-2017,c70081830436bf5c80f2ff5b0a85a1d56bdb08399e3185a16ea130649ff63e2c,0.405384,34,6,908,2831,5,1,14,0.0557
google-trends-2017,29ce6d5e607ccf7a190139bc10c4ecd084094b679a8ccbafc706fec0aa490c2f,0.807449,254,54,7440,6828,42,12,49,0.3244
google-trends-2017,781eb7b38d54477addad2dc59f497548e09bd83c68d81440c88bea67b3150f93,0.003776,263,18,470,33797,14,4,117,0.4283
google-trends-2017,be88bded635d0ed30eca8921f23e949e5f4617b6c03208f6edb83afa659721f5,0.278547,112,13,854,2373,12,1,46,0.1441
google-trends-2017,1cfd827e7c19adece3618cc2e3f8117bb6400210d27aec5945e9884de1948cfc,0.717200,175,54,8104,7128,47,7,73,0.1761
google-trends-2017,0a7c02544b4142af156bdc163062618b711820bbf90d25f273b962004001dc3c,0.915094,33,21,4280,4482,21,0,7,0.0455
google-trends-2017,8bcc2655ab3fe5d445c2ab009760d279add31305d2846eaaee608b949a930185,0.630225,217,24,2670,1367,8,16,11,0.2985
google-trends-2017,7d72401263d00164dd04da1e9f204ea1573a84fbdf7d9d5b4faa887ed6731fbf,0.252055,67,5,199,764,5,0,46,0.0782
google-trends-2017,e5436328923946b83e1f2478d856084de6a0f30e7b78b0cfa819e5badb055a3f,0.582946,340,62,7505,13941,57,5,146,0.5152
google-trends-2017,c43c2228782bee62bdaeb2c2763f1184e48b15b06b83d74788b185dc2ff6298e,0.503163,494,26,1810,3807,19,7,152,0.8557
google-trends-2017,e61fd10fbc5d1fa529c564f5f19bb122f0b7351a96bac2dcc50fe777ecccd2af,0.202164,107,22,1309,7680,19,3,50,0.1838
google-trends-2017,217c546f4a8eae6f8e2dbc7ed5bbbecafca8807c5cdd42dee6d8090df6709a1b,0.890540,188,15,4211,4046,11,4,31,0.2663
google-trends-2017,008f7b30913f850ed26c553ce7e66ef3fb282f8fec3f2d78fbde49de57bb30b3,0.172249,78,12,417,2258,9,3,43,0.2679
google-trends-2017,1b0ec93e35d935ae12d0eeec7fb3fa5a9ceb408f15b1bb70ac26f2fd01c47a6a,0.923575,117,44,8728,8446,32,12,10,0.1396
google-trends-2017,598af5f40caa1f9d7957d585d9b8ff947479e218af7c5e05c13b7a5086f417d0,0.512937,85,7,1827,3948,7,0,25,0.1098
google-trends-2017,8a38e4d82493421e86f1c3599bc693d31eeeebadeef1485aafe6f6252a29a899,0.400417,48,13,871,1978,12,1,16,0.0724
google-trends-2017,907e00a9b84a10d4ad0b265b2fd0977692dd37aeb4a117473f2d39bacbe0322f,0.791506,120,42,6220,5744,35,7,18,0.1420
google-trends-2017,eecc9161a22b4aa12fd9a84ea0b2f3c63e15c7a9a142e3eba164acc8eb831042,0.845202,76,40,5444,5761,38,2,10,0.1385
google-trends-2017,d25df78f77fe980b38cff53a78e62b102f3e48fc73120bfe73f108caa0265cda,0.395534,3739,142,15256,4228,58,84,149,3.7510
google-trends-2017,88f6503964443bdc01b0eff55b4fe319ce8b529b12d4fd047659f5da625b05b9,0.016349,98,6,640,348,2,4,11,0.1221
google-trends-2017,dce18fad5ffc5efa5c0da8e16135ab8767957baa7bec541f211875af701753ac,0.773957,105,46,5760,5070,38,8,15,0.1740
google-trends-2017,dc4c3683e00a79cb6903622fcb52890f7652db517c98a9683f27aca86ac12c8c,0.499766,175,93,3922,1751,31,62,13,0.2124
google-trends-2017,70398a1b5e2a586b542ca1352476a63d88c686bd368130d39f33155170b974e3,0.446899,44,7,876,2436,7,0,13,0.0727
google-trends-2017,0c7c8279cb7fa0ddaf708878b20d948c1916a63b16c90c1016ddf361b00b1a9d,0.899915,25,17,3425,3179,14,3,3,0.0354
google-trends-2017,4db29da5fb877fdbdae4ee906f5498e8122044cc317a17987c8f7c82012a287b,0.835187,144,39,6798,6604,37,2,33,0.2167
google-trends-2017,430f135ce00ccd2d9e28e964995d517de1cb9f8bd232a7dd02451d4f51c71065,0.795567,78,39,3795,2995,24,15,9,0.1187
google-trends-2017,2f848996f845dd36e13e1199ce94da1e4e3c899c2455db597c8a34bed8060518,0.750663,200,30,3266,2395,22,8,40,0.2793
google-trends-2017,f7fc27aea7250cf29bd4299ec0c4ebb7b16fa5b9ffe8ec1715a09712c6e5e116,0.377358,165,18,1252,482,5,13,15,0.2758
google-trends-2017,0b63e4cc06a84d7e5ab68a6f6990c75fffcc7131eff50be5871c3fc72de20c52,0.727181,183,52,5522,4819,43,9,46,0.2306
google-trends-2017,0e6c1df49bb30cab7fcd708ff9b64afa7a4b8cfa2f2bdae58fe100d4384ec4c3,0.950968,128,25,7508,7502,25,0,26,0.4429
google-trends-2017,9df1c7963f860d0e773de381b1066f58cd4aff4812589f419dddda1e70b86dea,0.008021,79,4,126,1700,1,3,37,0.1075
google-trends-2017,ec8c2c5b7c7acf7596d30bfc81e51e0029fdd11ce069c2c36cb865e3f3fdaf16,0.583190,409,62,10738,4800,54,8,58,0.5685
google-trends-2017,11cdf18f0045c109131126b296fd76b660f3d8e1b0acbaab92d489876037fa01,0.911441,69,9,4280,4880,8,1,17,0.2341
google-trends-2017,e6de6650a0c01bf2539e04395ad834a5d11b9b00c1be295ddf23079ce044e719,0.613115,63,16,1012,620,10,6,6,0.1212
google-trends-2017,18bb4e273bb14b560169e77efd41e5228a02c39f32bd7efceea575a2b3425d48,0.358543,68,8,887,1837,6,2,19,0.1024
google-trends-2017,e4d6e138425a9a28ca4098a906c76f6b8d5b2ac0096ec11bf30df1b472afde62,0.812550,119,51,8520,6235,35,16,13,0.1778
google-trends-2017,0e0c506685135ba3064632b0b7ba4f82e0d51257860ee90f6d25443a264eb442,0.491582,233,27,2439,5869,24,3,101,0.5618
google-trends-2017,6390434606c2c7826d48b6fe7d12951931d6e4ed41071a6657c80b65724bfa8f,0.791884,170,33,5042,3823,25,8,36,0.2739
google-trends-2017,1946c5c6c7a578c02aa79c1bb2ff6d93ed1a42425fe501fd1075c74ac6b59dd6,0.806023,103,47,7929,6534,32,15,12,0.1289
google-trends-2017,242106eabc5bf8f2c81ae59cd42cf01cdcd96eef306e126ea52abe5535334a29,0.067787,436,171,32481,3986,28,143,181,0.7930
google-trends-2017,28f80a6c10e0f74ca77dd1b63b0d34e62e08c84208089049f6c6c2a8c34bea3b,0.835348,99,49,7241,6017,45,4,11,0.1502
google-trends-2017,2ba0e6ed88c870c9418cbc63b8c845f02732283a63266908ec9f9aeea4e2e0af,0.715661,194,70,6503,4380,48,22,31,0.2308
google-trends-2017,cdd0ec203721488db6579d433742b92b54a7720950eef5b31288ad75a671d030,0.840181,89,36,7102,7032,33,3,21,0.1570
google-trends-2017,7d8c2b4648418bb902dc0f6000f16495dcad2741f3365703db1b1d9a974aef33,0.877402,43,15,3178,3225,14,1,9,0.0861
google-trends-2017,10f03861e8a142232135f48b77b949304e8120956d6488a22d33903566f6f02b,0.230769,1328,139,2544,20402,138,1,705,1.4942
google-trends-2017,f7ef3d10dadb43c3d2eb9d4324910538c6474db551967aed820daec6c1d6a839,0.009662,243,2,50,5070,2,0,238,0.2035
google-trends-2017,03aa61322c2cdd47f37eae84cc9a5259968e59abf3d3b24283bac461417f565a,0.593926,220,52,5069,4504,44,8,128,0.2211
google-trends-2017,0d7d1526df0545a72715de6013862c28587cffe8fee734212e42212d215d1648,0.221963,84,17,793,1369,12,5,8,0.1308
google-trends-2017,27df056ef7c57836b6b4cfac3d9fd2ded0a81db44e2862cfd3cf854ad387f111,0.897881,92,19,3590,3192,14,5,17,0.1249
google-trends-2017,026edda658b6c82f1a40db2b5ac344e4462aea919800c8cb3c9c137e05152d31,0.896742,90,30,6222,5516,21,9,24,0.1164
google-trends-2017,61f3c2b35f355bec0b198436f1c4aff4b45c7616c49f1af55cf0d46660b64910,0.004008,3510,56,8205,39,1,55,1,3.4248
google-trends-2017,c76e3c1c7d5294faf4733dbc5fd4fd20e4c76d5a0745eafa6b4228cecb00c068,0.789835,160,67,9747,8017,56,11,40,0.1966
google-trends-2017,fa3e4ab01a742e56978d3e5e0859d72af50293aae911ed6b8918b2b048a6f8df,0.793003,218,46,5154,4367,41,5,44,0.2915
google-trends-2017,1df71a66e1f5003016db9ca51618a8569ab882fda1b3ac9cb15ebd6660fcad43,0.000000,20,1,93,369,0,1,5,0.0304
google-trends-2017,bd8dba2ec7322abceed79cf2c6b33f6376f23ba049e8a88847c2e63c9aa528ed,0.935758,120,72,18479,18305,69,3,19,0.1563
google-trends-2017,98aa28b0d56d222e7377b82d805fb12e191e9675843d58d6a33969c59d2d93f1,0.319396,3505,92,11596,2465,29,63,56,3.4831
google-trends-2017,7e71430b412f1fbb3be95281ddf8746d1ae3a16712219f97b94164dcc374164b,0.812708,141,31,6888,7883,24,7,66,0.1472
google-trends-2017,6c0238ccf686c43b68edd010dfd480f959d6108b5b17b023d0c0dc811d1e3c93,0.579733,106,24,1084,1528,20,4,41,0.2567
google-trends-2017,be434ba183777b9d26d2a17ba02aa34098492b8bea9badf130764c68bbad37c3,0.759690,75,8,1109,1214,7,1,18,0.1452
google-trends-2017,e921b294c68502312484ca6a932255c0c728ad2463188ae3cb29dcc1fdfe50d4,0.917793,46,33,6604,6385,32,1,3,0.3229
google-trends-2017,e6ad2ee64a2c3293d49238339c3d2ccc0230a786bbaf4c3fc79ab3f75acd9d7c,0.817577,130,69,9761,8516,61,8,32,0.2079
google-trends-2017,edc612f603daa74b6c2a93076d0305236aa288b540714575783f911f60f5d25f,0.867946,63,41,4739,4542,38,3,8,0.0835
google-trends-2017,ae486b67dbea1c9ec747187ae14a7674a50ecc87b09123a579d8c3046eb8dfcc,0.276130,217,23,2330,4682,15,8,74,0.2795
google-trends-2017,7cdcf741ec89c26648637fa739f986ca24b9173c4fca9747e897b90ab1e90b42,0.736223,128,5,1920,3226,3,2,8,0.1305
google-trends-2017,9fb9bfde076ba9393d2a0d5f2942cb6758cd6b393a09566e3e87736f7e472518,0.772635,92,24,4010,4411,21,3,21,0.1195
google-trends-2017,24629bf335830c1e7a43bc64d0a903f54bd5985548bcb4bcbe52b7ed609bd59f,0.000000,205,61,5795,0,0,61,0,0.2729
google-trends-2017,1060054fccea769a57217456b1acb6d26ff10b44d83bb6c6298f44547eee9728,0.380289,3701,107,15278,6289,41,66,143,3.6856
google-trends-2017,7891dd8ff2d2dfed81ac3ac44c3b47e7383c7b46180a2831df11e126192773d7,0.338479,30,6,1152,4213,5,1,12,0.0465
google-trends-2017,7698b13029e29c67aedb133518eeac85b3c0743b3bef89ef973fd647556d8598,0.669775,97,13,1898,1796,8,5,53,0.1188
google-trends-2017,cd01cc50464561e30d407f73292f1fb665cd173b555f372f7ad33adfb0eed751,0.743150,106,46,6540,5978,39,7,30,0.1798
google-trends-2017,903e793975ee54a1f6e285baefc02e4e856bc1e9bfb8ca9cfe8711c10ce6d20f,0.788739,136,45,5988,6664,41,4,34,0.1804
google-trends-2017,2fe0a50f91f40f6d2821bf857d9f6ea0ba530797de0ec52d873de0f24dca41f2,0.920520,82,25,4065,3636,14,11,8,0.0932
google-trends-2017,45e690cd4507f8d9cec9c76e58aeb453de6b2b98d4021539f382ab3d34a4612a,0.274584,732,87,6724,26659,85,2,408,0.9268
google-trends-2017,d66146e2461da8cf0e9df5d5ee74db8978b406b978517ab88651810605f2d79f,0.666401,90,21,2681,3596,15,6,26,0.1395
google-trends-2017,71d8d668f65bd7bbc9b1be27fab2d907fd3921873784f2a267f66e40f4bf34e8,0.635721,136,19,1311,1192,8,11,14,0.1853
google-trends-2017,e7bd57b698bb314d2637a6f9302ad6688db39c102db4db31ccfaad4938a1bc40,0.637259,131,42,3323,2630,32,10,26,0.2093
google-trends-2017,25a5540ff6d433ea304db91bf1eaff8b3cc14855810297bf98cbf3d7569e835a,0.312581,324,33,1983,2062,17,16,166,0.3913
google-trends-2017,446687d0b42f6ed761fc735084582ee7b8221d7b760ba40f8b28e6d506b235f7,0.223087,118,9,287,1518,9,0,73,0.1611
google-trends-2017,ffe4956a2c3f764bbdaf860a092d6e5802fa66a1f89bc9c31f67efc7f5f831f4,0.733226,92,20,3206,3031,12,8,7,0.1552
google-trends-2017,b0fd306a6ec025d6120a8b0f56277aea1dc4a278c621928843247c47877897fc,0.848572,179,83,30025,35959,83,0,82,0.5794
google-trends-2017,f832ac06c17b71a1c8e44db5206a168c74c949f24335984629ae8b5a31c9f4c0,0.690647,46,20,4255,7018,18,2,17,0.0623
google-trends-2017,6a51d08d13d73760eb84da3653f132f523a2fac21fadccc4ff9f4dcfd4f81640,0.757903,87,53,6704,6873,52,1,31,0.0949
google-trends-2017,8e77dd1f9ae902a4994b17791b8ff8d643542fa5cc525c92d89afd832f97d1af,0.965261,60,7,4603,4057,1,6,6,0.3200
google-trends-2017,175622759475e1a9005a2ce8d1734aca9f69d4d52d793a980ce7c974c3080ef3,0.664816,114,40,4725,5393,33,7,40,0.1658
google-trends-2017,2feb1af6613c676c4143b927b2a4f803cbccd987b3a4577b56b146bd46bcffc6,0.759081,86,23,4307,3021,12,11,6,0.1272
google-trends-2017,e98e4ac247fc65911bd86a80b1c0df160e14b49196bab28d90fdd04d264a18b7,0.326154,86,12,907,2903,12,0,40,0.1411
google-trends-2017,0d540d6a79e4186c84a4d4c356cd7ecff107d7009058567a06f94d12e03ecf45,0.556061,137,12,1757,1759,10,2,30,0.1939
google-trends-2017,5cd421d8667cf17bf1c788adc176e5add4d8d578057d61685302e24d24227e64,0.704867,109,24,3223,4212,21,3,28,0.1481
google-trends-2017,31441c740f59b8639b2866c5f50456de084c26208844884a0fcf8e12ce6572a8,0.820339,122,16,1853,1889,11,5,10,0.1783
google-trends-2017,9df9b86a9649b8fc4ec55d111b844b91bbf86f892d590ac181ab06978549ea54,0.648508,646,220,28582,48633,218,2,253,0.8039
google-trends-2017,2241b7fcd4e75c479341d391c738ab821d12cac5a456221c56ab3a4ed954fd2e,0.571429,42,9,1185,973,7,2,6,0.0702
google-trends-2017,700394d1c9655d9a742f1512e15d03ca1c9d138a72e42e6d02366a77b3fc6505,0.835455,218,131,17624,15260,120,11,45,0.2680
google-trends-2017,c3a7f45993eaf1135c86c274d122a4b89fe7c60bc4bdfacdb30ecaddaee85bd9,0.822986,71,21,2800,2825,18,3,6,0.1035
google-trends-2017,ab1f562440ec7ca7c7cf2d68d5545fda96815ad0144dd0e65500381a84a23b43,0.595642,314,39,4981,8951,36,3,184,0.4312
google-trends-2017,a37a00e4cd448d7a0dbf7749ae62c7fabbfc1aa37556bedf8eb455bfe55e124a,0.241227,189,28,3065,4223,22,6,86,0.5333
google-trends-2017,2d2f204c21f7f29374937228767d17c3a932583e046fcc1e960f11256c92034d,0.000000,23,0,0,283,0,0,9,0.0419
google-trends-2017,6107bfea2871a572ed05469b2269de697043c5b0d27a6ef1f96eed23114a9de3,0.712788,60,22,2399,1515,10,12,12,0.0825
google-trends-2017,cf231cb6b4d0644c6ebea640713ccb6cceb92dee2b2ca7d57e1e407716894b59,0.673514,157,31,2156,1594,18,13,18,0.2071
google-trends-2017,0139a0edecbc4430f6df97e4798795778b86ccf9d905051926ee889f354ed022,0.884972,73,9,1501,1475,7,2,17,0.1067
google-trends-2017,5496ef9ccc649d369f1d829f791884b3e29c8f0c19a7b921a3d3efd4c3b28015,0.466957,324,44,4314,2464,25,19,52,0.3835
google-trends-2017,f2a5713e673d6a9c881c11585f850a2d9164c373d1b7dbb89598791504d5de38,0.170274,108,17,1015,812,3,14,18,0.1508
google-trends-2017,467fa73528e1a95b07c1419bf30b678c42eab6d290be0b41424cdcce3dc227c6,0.872752,162,54,8302,7911,44,10,16,0.2431
google-trends-2017,f0181d8530a85d44db0cfff8657e1c275cd4b450e7ebc2a31281c4f4889e6467,0.670134,55,30,2533,3299,27,3,16,0.0522
google-trends-2017,96e0ff7fd638d9683ff5a9059dd206d837d132a330a448becde49cfd68862563,0.415506,362,63,5372,2989,28,35,52,0.4421
google-trends-2017,a99913ace0b747f808233bd00208adc8840ea493b4bb96930941d67978b3a22d,0.290361,152,78,15063,3395,28,50,23,0.1843
google-trends-2017,f913c7ef78f4139815a0c5abf26934ad0a649a8562caae0e49400f10caec2b9d,0.153258,448,143,20856,2432,51,92,33,0.5429
google-trends-2017,4a0c47eede7ed34e3c5bf1d27d5763e0d5fabba2c2ce99e7fad6409df0ff7de4,0.830344,62,19,3849,3050,18,1,8,0.1060
google-trends-2017,1ed0700c944ebc35424a215c0e1d3f2aa9861432a6153903475f03e92aa63d5d,0.820268,19,7,1275,1223,5,2,4,0.0716
google-trends-2017,74bcc907f4afee811500475d65e429d96e27b1c5e6ec576d8aa387635437e8f3,0.889273,60,22,5840,5869,19,3,14,0.0846
google-trends-2017,f92b7eb613b41635ea9accb83a55216b995a4d171fc034f4716c5684778db788,0.965638,18,6,1527,1505,5,1,4,0.0983
google-trends-2017,d019e5dd7a86c3027f70f92577a3b8e3389ed6f2a0b60c55db762a5729de099b,0.732976,132,48,9531,12191,43,5,36,0.1804
google-trends-2017,c04c2c1542bf97c68c72769e52073bef85177f4092f2663350bdf69d447e0cac,0.395329,2741,36,5108,7307,31,5,1407,2.5284
google-trends-2017,4eec44be1040055167e96ffb4025dbe27c049f1bf17143d4a0f9dd0d8af553f2,0.622523,101,18,2553,3117,11,7,19,0.1364
google-trends-2017,4e48a6905615fb8f5fc96f33f0454e43a79d2b8699723ed99b4a65fda3fc0769,0.731403,218,72,3220,4128,72,0,144,0.3183
google-trends-2017,cf8a31c21c5283512ecbbffbd7fa92ea4c68564ba485d36b9f1e81619b38c777,0.542573,440,142,13048,24504,140,2,164,0.4193
google-trends-2017,2709bc0880862b7b3fdcb436e076c48b4dd13d9e874a5c236cfe92dfeec80058,0.879660,38,16,2865,3040,15,1,8,0.0590
google-trends-2017,bc23a086a0afe9f1ef805b4e751d89b0c19988e23be6b250f9cd71da44facd99,0.135528,155,14,1383,1165,3,11,18,0.2343
google-trends-2017,a6dd0850fed4316a488f4587330e730992e4cb0ccfb0d3177560b394ba2a2601,0.596244,105,12,1440,1979,10,2,14,0.2620
google-trends-2017,7f9ae0ff04dc6df1042e8401f60608db1eab03edaec1e79bc2d897fe52fdc13f,0.763285,160,33,6209,7653,27,6,38,0.4726
google-trends-2017,af6edb747b7c0c71772782b8e9e6404877452e6def45e7515c4cff9bb462772f,0.257545,80,11,719,2933,8,3,47,0.1196
google-trends-2017,3bc9bbde3d112c5171e166dde66214d7faa0d00e75cb0c36538ec62432426fca,0.705164,128,29,3132,2346,18,11,15,0.2262
google-trends-2017,1284c9249914f65ed23bdcba3e00a82c3c352370ddbd226138dc66c24c101c88,0.620000,146,12,1233,1724,4,8,19,0.2026
google-trends-2017,bfd10221dffad3eaece3b7367520fbe138241d766b54ade3c87b7cb00a0a708a,0.337785,528,162,30481,8878,69,93,136,0.7998
google-trends-2017,8b6b215f1fb81294d525992c9bea369a6b258acf4d0490862c509e31bbdd3f27,0.763547,64,17,1807,1388,8,9,19,0.0853
google-trends-2017,eaafa78dbf2d0661f7e4745f23178457ec7755616fea999c537b97a95862198d,0.473675,424,72,7518,5875,62,10,217,0.5147
google-trends-2017,62a32934c42ece927bb4e21e261f3bb93a9c56523b2aab4d61512bbf9f81d012,0.672430,234,76,10392,15030,73,3,103,0.3003
google-trends-2017,340a7a59f3aae2f30ec2adfc2d394bc6b5d8cc079e9fe0a82f3cc4c42d68ac87,0.836707,60,18,3014,2920,17,1,15,0.1077
google-trends-2017,a53dfdabb8389a185ca1b1564ed20e7a530a6769613b1352509bd37e5bd91679,0.536078,369,94,8236,4526,45,49,39,0.6903
google-trends-2017,a7d7e67aaa771ec6e7da8d4bfc1aacf1c3ca42e616fbb8f57696d0250b98f80b,0.365333,64,5,476,1502,4,1,9,0.0964
google-trends-2017,a223992ac31ef42ae036903270a929fe438d5e5e391465d4f14da1e297b3ce56,0.814103,205,22,2278,2151,14,8,15,0.2423
google-trends-2017,c38dc42afe460997d8fc157c56e7b463f89d9943402080da6b45e166f4c9e408,0.882677,137,53,13717,13508,50,3,30,0.1833
google-trends-2017,fd2bcb8fc26bd7c4907bb5e093bca24d183366a7f4070fa757b79af3b7efe6a4,0.517520,102,17,1748,1379,12,5,14,0.1967
google-trends-2017,989c2633e1de2371ace6232b8dda6e2574bf872e33e1f150567427219b8987d1,0.443054,451,36,1839,3232,32,4,280,0.5573
google-trends-2017,e471ece81d29aa30a6fc668f76e98faf248f4cadf962d6328765851e5253b09f,0.528057,251,99,14416,25125,94,5,121,0.2931
google-trends-2017,2775d16331cadc900c39fb7b0f44c2595aa012acdcadf4d4a30fc9dfbd4ab836,0.532755,142,23,2397,4604,23,0,45,0.1857
google-trends-2017,e8e66226cd98c73989fde780f334090518b3d72b347fdcce86124e6fb2b544a3,0.683578,101,19,3436,4488,19,0,30,0.1536
google-trends-2017,c9002c91737a6f5ad5ceca5872d6212bd3c13a8eabf5f1db1a055fbb2652036b,0.712856,88,13,1510,1814,9,4,15,0.1350
google-trends-2017,0528de548f8c0bc2e2a994fe1f040ed6b7a5a6184487d4bc6103383ac73fd467,0.943540,156,42,11344,10697,34,8,33,0.2294
google-trends-2017,09824285ffbca46fb13ee41bb06eae2cd03ffdcf6187d10938fb19eac3be670f,0.852575,163,35,4466,4008,27,8,12,0.2590
google-trends-2017,821c94d0c6a2b854a0481e549fddb606483d93355320ca3e67ab90e6f69d2294,0.837104,46,14,2522,2062,10,4,9,0.3802
google-trends-2017,c51609e66c75b3dfa3f18383a42388d398d6b52e5bbdd39d72abc2271b116028,0.546633,136,26,2517,3068,22,4,35,0.1364
google-trends-2017,f186d9f4bab48d7bbf0ac048d4a0dcb19386cf778ca8e0579c61428aee2c5031,0.397732,241,49,4612,6468,30,19,53,0.2863
google-trends-2017,a789b4ce54984d3b02571d25a0feaa9374e7e379408be4ede4f41caec59bfcf9,0.918459,183,49,17000,16272,40,9,50,0.2923
google-trends-2017,62762aab77aa51c799628c4e23147e697993ced289d75192a2d89e40c607ce0c,0.633588,101,19,2551,3043,19,0,20,0.1594
google-trends-2017,138470ebab1dc068931e798111d2dc62a0735947960e28f7ffc1c443aa2ac8c4,0.584471,289,52,5345,9055,47,5,177,0.2925
google-trends-2017,ec2198f974686a8034d7d6db5fb72f192eac113ce79b2cd486a1e8ef6e18c710,0.116805,188,37,1510,9060,26,11,38,0.3420
google-trends-2017,1669027ba7a3d66b0703bfd6af26edf60a9fd70c7c1aaa79874971616cdc90c7,0.724638,104,28,4132,4472,22,6,25,0.1400
google-trends-2017,3e8a26b4685b71832ba4a24530b9778ea7820396387577c0c5fdf25cea24f813,0.342580,87,22,1944,1815,9,13,15,0.1449
google-trends-2017,df3b40fc67df752287f3843360544c9539dc819ae28cf95b4a5a85fe7d33ae04,0.739581,103,48,7483,5339,33,15,4,0.1474
google-trends-2017,78e9badfff8e14b5609c580f136fb7595e65050175c86e4a1da9a688429bc5f7,0.458697,99,17,1571,3203,17,0,54,0.1564
google-trends-2017,978258a3bc9afce92931770e22eae152e9272851e2bbe6cc88051eb4a852dd13,0.188579,257,61,4815,989,21,40,29,0.2605
google-trends-2017,9a40c387e2bb5a4d9cfb3771f2a25a3410577669a6672929124d4f3046faf621,0.252247,272,70,6601,2267,43,27,122,0.3510
l3s-gn1,88e56ac0df43197bd3cd82dcb837222f84c85f1ad6af0c08710b86e4bcc3a0d3,0.453097,33,5,484,1071,2,3,6,0.0518
l3s-gn1,26ade6a311ff164c0e1814bd36817d1ed3839961e8065eb31d5a6ace84c8687a,0.851455,79,12,1778,1942,9,3,5,0.0879
l3s-gn1,cf629865a4e9583f567b1b6d98c959976e1aaed7dfcd9d1b9a77181e63edde71,0.580460,75,8,892,1180,5,3,5,0.1002
l3s-gn1,2835697b2e82122fc20441e7ad374350bf9b5e0b2ed554bdc9835948e3651d60,0.516182,158,19,2165,4625,11,8,46,0.1649
l3s-gn1,c488c9f6cf4d115ceb75a17335d2350ac64985e696c2923e7f74f74f2578584d,0.888644,56,31,3649,3637,28,3,4,0.0727
l3s-gn1,718f1c1c440c4d30c1923aa30e439100e687ecb5bdd7197460dd78131aef273b,0.588362,43,9,980,1211,9,0,11,0.0618
l3s-gn1,3d647e6882e6b47eafc379eb15f41b17ecc6b7cbe65874b32769e32604014c4c,0.682485,127,65,6858,5243,37,28,1,0.1477
l3s-gn1,d3879eb55b7b56ad7586ba04e13291ca7af00e004fbd0b1df6e12dd4fb78d98c,0.849642,82,22,3656,3206,20,2,10,0.1230
l3s-gn1,1f1fb354e563029c7b6ea7363093d99d75bdd5799c4de92df5d7df5c62f09ebc,0.719969,332,34,3283,3160,21,13,26,0.3048
l3s-gn1,a87d25fd4dbebd4386feafc42618ec9a8cb42ce483c7e205d22456dc3c01b8ee,0.766257,83,7,904,724,4,3,2,0.0964
l3s-gn1,f51089fe2c31a36d3ad4bdb070f43f75c619e7026c937d1eb55d17a441fe256f,0.709924,31,6,675,767,4,2,4,0.0587
l3s-gn1,c6e8f3c63ad96e1582822eec133a3745d6b43d441fde73b413316e50e199c5f8,0.778784,62,9,1098,832,6,3,5,0.0775
l3s-gn1,bb69aa49bf49bc106169f7b5515afa17dec29dc87530c48ebf9813bce45431b6,0.726939,59,9,2406,4276,9,0,8,0.0764
l3s-gn1,72c802984af54d3095748136831e2977885a7353dfcea7503686ed802a935f14,0.071795,32,3,112,444,1,2,6,0.0423
l3s-gn1,c26ed5c0b568990998e3de4595192ff0795b09bcbacf368d7ceda0e3b975b473,0.870695,87,11,2140,1995,7,4,0,0.1078
l3s-gn1,e6c46b0d575b95ed397481ce6fa664bd32a0242e677c3ee8ad3c4efaf1714210,0.732121,79,16,2416,1933,11,5,10,0.1227
l3s-gn1,fff3fd1f6ebecfb7f86252bcdddcb67e8e0ffdb2dbe3b968a28cf17d61bef01e,0.794950,85,42,6771,5438,33,9,13,0.1036
l3s-gn1,70f0d32a0e38f3f7e8a16de3ecda7b7e9765f197e49a6d98d136c32fe67bd36a,0.499083,156,22,2048,1033,5,17,3,0.2033
l3s-gn1,8617aa927cca3fa311eb7c06e0083c21716a4af9183d3d921e5fe9b6252270ba,0.334898,159,28,1277,510,7,21,5,0.1559
l3s-gn1,fe9c8c322dc066f317f7fdbb25e61670f465e13152bb3cc2f9266c7a2e1af775,0.265060,41,5,1159,565,2,3,3,0.0750
l3s-gn1,0833d8afa9e75d95dfd458d8fec06bef72b7026e10a7abd0d420cf15b1344517,0.958656,95,15,3189,3349,15,0,14,0.2003
l3s-gn1,86de0a7a939bed4b3af5349e2eac65ae363fb65fbf87fc9905b651e826f576bc,0.757254,95,19,2232,1509,9,10,10,0.1188
l3s-gn1,ef9ccf90fd8e62dba20ac46e05791ac340cd245bd1f0be475291cd795ccae24a,0.734340,36,15,4224,3765,12,3,2,0.0648
l3s-gn1,591045a7acca151b18dc2d999100e7538352de0bea929471f49b7c870c2ff299,0.856079,44,17,3047,3338,16,1,9,0.0708
l3s-gn1,8c6c27fcff5bdc06f6c53eeddb17f69e31112390cf1a3416d46b4f4ba204a96a,0.803810,144,24,2837,2751,17,7,6,0.1336
l3s-gn1,a54e283017a401cf72ce0299b7f70e218cd88522d67587392c1e0f4be176222f,0.981900,82,8,1809,1786,7,1,7,0.0972
l3s-gn1,cba156b04ff2d6d325fe336270bee29790522b3820ad469f87c713da8ef51f89,0.632444,103,23,2026,1811,17,6,8,0.1320
l3s-gn1,d8f0c8a1d8d440bf4994eb53ecdb4ba77084da775dc2737c85028c3aff1f5bd6,0.247632,133,21,2748,1161,9,12,7,0.1644
l3s-gn1,4f1bada6da89182ad2bb9fc7205b27004fb3ec84361cb985b16a1ce1ecd4fcd9,0.693966,60,13,1832,2886,13,0,22,0.0871
l3s-gn1,4c9973cb5a833bed1de34fedcce3aec4bd43f6e376ebe85b7cdde6a46b65ea05,0.827893,79,6,762,993,6,0,2,0.0957
l3s-gn1,b78d17d3a5a10fcb0dcbbd4f8048f3ff15f5635a3d319d846994358ddbe383ab,0.000000,27,0,0,1073,0,0,0,0.0575
l3s-gn1,2a4bcfaa8f86c5e165e134b0f255be5334851baad2d17247293ebd2fe9265e00,0.833333,85,32,4294,3745,24,8,8,0.1089
l3s-gn1,7df4c03c8f10b42cdcd0b28f7aa43491fbdd2ed91bbc2463abfed8fb25e4f3ef,0.861850,100,24,3438,3166,18,6,18,0.1098
l3s-gn1,51053879838a88a9527c471d3a2688054d97f8170fb02d9cdcd6106ce8585b63,0.589973,114,37,5088,2823,19,18,23,0.1386
l3s-gn1,eff344ff72d426d1f0f56cca96d7816503d5e4616441a08476b43d984d8aabb3,0.908722,19,12,2108,2178,12,0,4,0.0224
l3s-gn1,1a9ff7e9a9190ec9c678943d97efaeecddb2830d85b303897dcfecc156e970fe,0.795139,85,23,2660,2034,11,12,7,0.1111
l3s-gn1,bcdf9f745e5c593c8b1faef9545b104692ee69caa8601cdb5df32afce50a128f,0.867730,42,13,2982,2948,11,2,2,0.1065
l3s-gn1,df26a4d2230714e1c1c052c488ce5e230918b00e1d2a4799d860badff4f0ef9f,0.888125,52,29,3582,3503,26,3,2,0.0695
l3s-gn1,8adbd8269da1848c0d7803343b080b19918253c49bb327f75604acf5773ac390,0.697818,85,23,5170,4683,17,6,18,0.1011
l3s-gn1,bd22a46854402e9bd0411354b27b0665d459d59a248c8fd5b3559c8d6f093461,0.804943,51,5,1201,1658,5,0,9,0.0700
l3s-gn1,2dbcbe64d1b1435a55ce4d6bc807f4de78782f25d8b1f855653d461fda82a67d,0.798206,81,27,4603,4097,19,8,9,0.1001
l3s-gn1,38b358f38b796f3749167da6bda8d6f6f1404ed7db7b542aa98a3bd53aa3825d,0.901738,52,28,4044,4030,26,2,4,0.0695
l3s-gn1,fcb899fe9d823890c9504d319c49ef575ace7df73d6fc71a8d38de51184fbcc1,0.707260,49,13,1869,1767,10,3,5,0.0680
l3s-gn1,496199836b12fda55347f37972d1fc1cc498c7a0bb926c8f9393a555e8b7e4b9,0.779941,78,32,4861,3820,21,11,6,0.0990
l3s-gn1,0b13a5a7bb0f54113b3da4384ecb15a464e970a813a9c96a05ff54a1dd264a64,0.699878,158,20,1360,1044,11,9,6,0.1526
l3s-gn1,d970b9c9ffadaf84befe3291d1a9287e8a4c2569936a0376270188223e9dbdc0,0.758202,172,40,3444,3080,20,20,17,0.2424
l3s-gn1,b07261ca0fc2a10de9b6597aac2eeba324c49226371a1db2ea77143f5bf46b1b,0.573446,71,7,1255,2683,6,1,23,0.0947
l3s-gn1,db69a9e12f167b441f4d10eb958a5cc9dff992e6217839c2879561f17b66a805,0.892680,76,17,4936,5033,14,3,17,0.0961
l3s-gn1,f609b41587e55d0deddb3bcde3c15975eaa5c2811687f2eeebc9b55e06957235,0.698693,183,27,3634,4398,23,4,17,0.1702
l3s-gn1,b2c01c403b65c13341a58db4f12f8a4eebadc8126ea5a138fe1eec875696fff4,0.920000,19,11,3141,3121,10,1,1,0.0333
l3s-gn1,48fa512f673e7f0c4679c13712729acf08165b576ce3fe79376a6e7841678f18,0.740597,133,17,2834,4170,16,1,31,0.1929
l3s-gn1,0fcf6186ffdb700aaf705cc7be27464655f4d36a9e52864eefcc8dd159db1e4b,0.868564,98,17,2142,1988,13,4,4,0.1382
l3s-gn1,134de9cc64c40a4035da00fa9ac4bfa838d69ab131cc9e559f5fd0631f80df75,0.880435,49,26,4749,4350,24,2,2,0.0816
l3s-gn1,ca84e1d7fe4d0902c414116f78173c242d71c5d92385d062acca0cbfadc57de6,0.718628,62,19,3644,3039,13,6,6,0.0865
l3s-gn1,feba1918b155266f2bcf3f8252011d173fc274ebe97a10b2c67714c7db14bb05,0.777269,85,21,2908,2587,11,10,6,0.3433
l3s-gn1,7f83d20e649430a0963240229b8ccb146cee6fb1056b5949e05d38eac14fc274,0.855540,131,22,2043,1960,17,5,17,0.1389
l3s-gn1,9a938fa2289979161a22de1db8bfd0be332019e16c36b4429f31e61d4416708a,0.836601,84,13,1563,1705,11,2,18,0.1023
l3s-gn1,82f7f90d3874e9cd657bec918c733379bfcc5d6fbf6eded59f985ed3d489e09d,0.634731,70,13,1355,1107,6,7,12,0.0932
l3s-gn1,b95739ab71304d6c726fd07c4fa6c3693dafbf0c8a590cf9fb22f3496b8204fe,0.682861,70,31,3960,3964,27,4,10,0.0867
l3s-gn1,40f270f36f6455566dbff511c7dc04ffb20a50a30f3fd3b475297beec6db9c71,0.584488,139,19,1161,836,8,11,3,0.1779
l3s-gn1,499f5e32322370a48dd2d40897a4de66399a7664856da45b6267f765a96e7bf0,0.011765,97,8,318,1050,2,6,14,0.1116
l3s-gn1,809379dd90ffcbb25f90dbad639e3e2ae3a5f636408ec1efd8b334fc6596060b,0.932867,16,11,2103,2126,11,0,2,0.0206
l3s-gn1,b7a05a546207132d949c12d47fbdba7788388edd2162bcf83df1393baca92669,0.898714,137,11,1797,1635,10,1,4,0.1524
l3s-gn1,e52b64b9dc31d24ad057ddec1290c13b13085d778076184619359af54f7d5b4b,0.774955,107,23,3222,2805,18,5,7,0.1466
l3s-gn1,c583cbafedb33ceaa5b2d4f333c81b2e37fa40e4739b07c95424c27f45d5fcbd,0.761624,88,30,4496,3981,25,5,8,0.1242
l3s-gn1,8713e6d036bec92e4564bbdec7893c1d04de720735bfb086ab0a117da80eb862,0.488732,94,35,5174,2253,17,18,4,0.1138
l3s-gn1,b879ca0e6eea9b80a2b2bb299c579dc3a0cba266aad0da15ca1cc41f3e53a491,0.725383,113,48,6445,4344,27,21,14,0.1559
l3s-gn1,33e4c9462492fff2feecc13cb7bc6979b7650d4509b52365571192a489c42319,0.789510,90,16,1781,2096,15,1,16,0.1087
l3s-gn1,f749e4c2f45055c5d0e6c0971f8cb68ee5b89d4affd152e7fcc552da088f70f3,0.744909,45,31,4461,4047,26,5,0,0.0619
l3s-gn1,5da81749e9d9a8653834c2af028ca4347fe1c8b05230526fdc32e394cb1097ef,0.782159,77,16,1900,2008,14,2,7,0.1082
l3s-gn1,80ff02a10f43879ce73cd1b551b99f641504b66040783c8b14be687b9a3e5468,0.872554,181,19,2257,2360,17,2,8,0.1770
l3s-gn1,c0ce910d0b5b4a8e510bffd31da003d9e4c04a4d35c0c46c4185e61fab40b37e,0.007186,134,17,1106,1302,5,12,46,0.1549
l3s-gn1,6e396d4947d0253c07c5db505d33c6d2bc19468f58cd983ce37a88bc52addb06,0.780479,141,39,7165,7281,29,10,34,0.2083
l3s-gn1,914b0f90b939bfa837bc0e9685eb8043f818a14b056bea59e383a5c45d242ced,0.861432,41,8,1174,1221,7,1,4,0.0806
l3s-gn1,a684c8917f0197d41017e95e1159848b1a0c10fb342df841d03d14954af6331f,0.881838,66,17,2639,2325,11,6,3,0.0948
l3s-gn1,f512e6e412f7bae24c0e8b78dc9b5c520da48e38af206a14e31cbcbce9fa14bf,0.553333,150,17,1107,1232,8,9,13,0.1242
l3s-gn1,1fa04e588e31b4babe84cff0488946f8fba4de1dad301faf7b1f7f78c5ddd06a,0.362393,84,12,1003,1985,7,5,19,0.0964
l3s-gn1,51967882212b4d45a4a97efa71349ac5a2dde3884b966a826899f7ee4354d1e0,0.802502,335,57,10817,13815,50,7,72,0.2840
l3s-gn1,f35e0fcdc29d3a884267547d9dc92b64159f703661dc78aa33dfbd5eafb4596a,0.704309,45,17,5359,6124,13,4,7,0.0660
l3s-gn1,d7a2dc828818c7f520e525318d596e0b38a55ddf873ad0c6f40796860c812baa,0.778336,82,16,2274,2258,13,3,8,0.1057
l3s-gn1,a66124cf4db99d4b7887d72543a1c735ee6db2126cbb3cf240ca79b1c6559be7,0.750636,31,8,1063,1043,7,1,1,0.0698
l3s-gn1,668dcca81647566db0e541ad4136888e8fb3984ddba22921d5378cd6f1ab05be,0.809843,316,175,24850,19861,139,36,53,0.3078
l3s-gn1,a468964a4e4b25b0842ede015c12ff9c6728ad59edb2adfd36c7ada17c5ab314,0.411622,108,5,876,289,1,4,4,0.1174
l3s-gn1,7ae2b67899db293692f8dfa435ca1369efcef06b05b60d8168f106777642a118,0.840851,137,15,1757,1599,9,6,11,0.1530
l3s-gn1,7b278931ded58d56f8acaf9291e4d2fb5885a98f586c4b1f03e0812ced129295,0.828174,142,50,8282,8072,48,2,13,0.1329
l3s-gn1,7d26d1f6eb8a83fdb1230800e6d11138f630ea9ad7c1c02ff8eaa1bbb4551668,0.806270,90,30,4246,4534,25,5,12,0.1237
l3s-gn1,608cf30521ccfd3d3b13078ceb4dbe39e0dc3f1b247034b40fc431cf5a04a0de,0.659381,77,16,2988,3022,12,4,13,0.0934
l3s-gn1,bdc372ed3007501bb6a5bca38ab2d74a84a6bdfeac3d96509f57ef5a59da6527,0.774717,115,29,5755,5499,24,5,13,0.1371
l3s-gn1,76919d6c5e02420c7c8b19269901e6d24937770f287be9407636312e76a7204e,0.852221,108,20,2552,2741,18,2,9,0.1479
l3s-gn1,c219dce8b812403f705decf57cd6c5302ce4549fdc2783e18820f26ac277b048,0.661561,91,30,3641,3534,25,5,30,0.1120
l3s-gn1,b81fa0f9e06895035b79c9c507bb9c6f63e09f51916ce15ec77df00576eeb7a4,0.734890,144,36,3762,3440,19,17,35,0.1653
l3s-gn1,0d7c822d8d3f1021d5c66967a89bc3dd6cd22aa4e7afe3ec9478311195497cff,0.813672,114,30,4585,4551,24,6,10,0.1262
l3s-gn1,64d814ad89204ceef0fdcc04f4626ffb695e519bf0c5421fed1aa44b1a2c39bb,0.884599,45,23,6739,5725,18,5,2,0.0920
l3s-gn1,6769ddaa7de32393ee815559662170aa92208d184203fe049b349a1041365ff9,0.712615,86,38,6093,5624,24,14,14,0.0973
l3s-gn1,3dc6397841767b1a21a5264704bd61a214b6e754d68abc1a54c693cd15a0fadc,0.737263,123,15,8100,7761,6,9,32,0.3941
l3s-gn1,ff28babcf217ac4580a96482b0d996ad13f18d44b1a2c42c1a04bb7ad5107e36,0.318629,108,69,12055,2485,31,38,17,0.1124
l3s-gn1,50fc8af53915c7753038749b36bc5e76796ffc2c4b31e633a3f139086e88da8d,0.819650,142,20,2090,1719,9,11,5,0.1296
l3s-gn1,db7cf63c258f09a93cbfd7326aa65520bac9054d486684707937bf21579d7e41,0.443956,56,5,405,713,3,2,4,0.0857
l3s-gn1,bc875ad4482ee50df57ac09d58795a1b04f7a1fcae6b7df18c6e57e26eb75243,0.697789,51,16,1494,1605,10,6,10,0.0720
l3s-gn1,14f9d92a2fdef8822b0949ff82e0bec7e6588c1ddd7a01d40328af64d31f5bac,0.815223,184,57,7935,7949,53,4,40,0.1847
l3s-gn1,7add975009822e3cbf6ae291c45ed8f1d5cc8ea7955c94b17decc6528cbed08a,0.555366,52,5,546,1176,5,0,6,0.0658
l3s-gn1,53ff419fe03c9e9a9b522b8271735e19fdac0224816544187b545faf533d678d,0.824441,18,11,1570,1770,11,0,3,0.0218
l3s-gn1,bc0764d05e99efd91f68f3089fe58ddac88046f314ca03d60110cff0e947e664,0.777500,195,46,6136,4384,35,11,33,0.2154
l3s-gn1,1945d434926eb777fdde5e4ec4dc8557fadba864c6971298307cf2c1eb6e12b6,0.845543,56,12,1171,1128,9,3,9,0.0865
l3s-gn1,e600da74aba4058af458be7c64d18b52563e44cb08b4b3df42f50f7b34210112,0.556784,291,19,1454,1092,7,12,11,0.2550
l3s-gn1,f1d1b37b360f3caa2e87ee9da0a0e175bc7b81fcfc4d062d8fef4c7635038b86,0.640292,280,110,15974,7236,40,70,33,0.3637
l3s-gn1,a7c5903458f11507b43c76671b4842e7d3a096810a0232faf59f7099483dfaaa,0.597765,86,5,520,532,3,2,7,0.1586
l3s-gn1,71b06dea7d9da3fbf4a2511a4defeff6070c8b0e80506ed9bf2adf9342898e01,0.825145,101,34,3971,3371,28,6,6,0.1750
l3s-gn1,4c2db72de4747bdaf828d38f3ecf0391b21b193fdf3ee1dc2ba3bc7ed88880f7,0.864827,123,30,3850,3481,26,4,5,0.1854
l3s-gn1,7f751d881f92f2a4332854ef7d00985558b58ee945d5d8de213977f2f146b39f,0.918377,26,19,2700,2730,19,0,3,0.0276
l3s-gn1,0bd15ec4c1eca55da2e4d9d249f41f797bc7b8843cbfcd9f9f791a2ab1c99397,0.924149,16,12,1777,1787,12,0,1,0.0205
l3s-gn1,d790f2be29719df077e458c2cfc7c83ad4a8c045c215fd0fbe671ee0c03d0ccb,0.748515,31,5,551,784,5,0,3,0.0955
l3s-gn1,707872708b7af0a5598822f25db72f4a2103b984edc7466d3aed6f8aa56899f5,0.781759,167,37,2882,1918,12,25,17,0.1593
l3s-gn1,14008852331d7bde381606721d51ad35969b2b3a88d54cfa4a6b55698136557d,0.833916,55,8,1182,1329,6,2,11,0.0854
l3s-gn1,4ffe51a49f7e50d41d3df66a72cc34aedac8662797e67aef8f2dac180c28e479,0.787639,104,26,1798,1407,16,10,3,0.1257
l3s-gn1,1cc7054821c1e582071a9b8fa013931efbc2559fadee7437b4544872f024bd4e,0.027829,46,14,2838,104,1,13,1,0.0739
l3s-gn1,78074e723c43748e895a42ba2a5f9dcf509fb05d3c7c96ba3e5e203d48f6aa99,0.777092,131,22,2509,2418,11,11,14,0.1781
l3s-gn1,ea8f36ca310f8a1ae3b7d396a8df0a8e72f29bbf9e2bf53858a5b87a181eece5,0.538818,127,37,3526,1645,11,26,8,0.1843
l3s-gn1,450faae9f28b4bfe60357a05090f0a9659786e72d16160b0cfdf19d7128d2dc5,0.715084,122,10,1425,1401,8,2,13,0.1420
l3s-gn1,5c781f33f98feca9dbf33cf90b83690399e64dc6d806788adaa81598502278df,0.801817,117,20,2303,2727,18,2,13,0.3929
l3s-gn1,ffd363f6a15f07dd8276ef1b6ba2387753f692968cec8a8e990c9d81bd325f24,0.818092,185,55,4417,3473,25,30,8,0.1891
l3s-gn1,22e88292d8697458fa4b22430077e6038d8c5da04051c6a62e405c8656500342,0.506266,44,6,402,619,2,4,7,0.0657
l3s-gn1,f4ed1d1b19a0eb83da94ac476b7d94e100797c17ccf0a6db391853cdcdfa3dbd,0.733799,106,16,1507,1152,7,9,5,0.1141
l3s-gn1,d6e25288e40ce5aa11b57377e72a93017aa2446cece3d5b2522cc731c2e37328,0.701499,50,22,6821,6630,18,4,7,0.0685
l3s-gn1,3b243d36a985b0366b759330f3af63b4c563855d0d1ef22aaba5a5221e38e53c,0.847059,139,23,3569,2997,16,7,11,0.1334
l3s-gn1,12ffbdec82b25b549c41798638a0d4861084de952815694dcdc40e3f79a453f1,0.409330,122,17,1351,3952,11,6,25,0.1237
l3s-gn1,f43db4fb87d74444b212aa2f94b4542560ec375187cedbd137ac8d281ccf5a58,0.360856,155,26,2722,1459,10,16,25,0.2011
l3s-gn1,5fa091b711320dd16d30c34b38b338979c6565973f20ec85e92aadf22b2540b1,0.861827,48,9,1047,1093,7,2,6,0.0713
l3s-gn1,f1eca90017c405500009aedca65d610f87812c159946691d529ff8ec1dd2582c,0.506993,156,45,3158,1287,19,26,5,0.1609
l3s-gn1,7d480a5528d156b454cab984718882af040890a783ab7527a51d08fcdd8cfcb3,0.638452,89,20,2526,2122,10,10,4,0.1099
l3s-gn1,a04f18fde1ec26ec4ce1adf34d2e86505dc58b1f4bd44b91d68e5431c81d2226,0.856539,112,32,5004,4215,22,10,5,0.1358
l3s-gn1,b8deee87d02fddd6cd020134ef6c46801b37f64053a40b695838e9abb84efc2c,0.834432,69,20,3414,3373,16,4,9,0.1047
l3s-gn1,389099d48534453aaa427f348f9c3109b512b9a130a36bcf6f74df7a76482805,0.816237,52,18,1875,2282,18,0,12,0.0710
l3s-gn1,d247a29a7050341b6fb0db19ec810504842116651f539329754f7fe3b79d3ee6,0.791964,25,16,2915,2911,15,1,1,0.0413
l3s-gn1,9cad77668306cba3c880726837e24f003552dbf043868133b2c999724c7897e7,0.673780,78,7,663,1039,7,0,4,0.1039
l3s-gn1,bd41a5b4a5f1385531be1ccb7ca72b3b6d3ab92ee583b72104561550f86ce501,0.744128,77,32,4045,2834,19,13,9,0.1027
l3s-gn1,831a06d1d8979fea0cd45ebed4ab2be140edba992aa86ee7e033f7e6651a1531,0.652623,112,36,3475,2929,21,15,8,0.1364
l3s-gn1,e6b15b57c97093b8bf9704e8b6eb0c8cbc068752232e5ce5ccbf9e98930655ae,0.778650,67,9,923,832,6,3,3,0.0896
l3s-gn1,7db29eef77b4c05fd7b5c881d6b5a5dd028d1eb9406c025e661469e9ce8b6441,0.852018,13,4,688,556,3,1,1,0.0343
l3s-gn1,d7e6d33a7b4a6323778572035815af32e62c05a42e16b4630993760c13f47722,0.904070,38,12,1896,1838,11,1,2,0.0946
l3s-gn1,6f22f1f5a6391249834c52664437a8f7134ccc081375e8e30f872b752ae33689,0.968800,65,19,2662,2543,15,4,2,0.0999
l3s-gn1,c2a931250cdb17a0197e03ec53961bf7f5eb97ce10b143c8645249f23824fe43,0.861864,69,14,3156,3656,11,3,14,0.1029
l3s-gn1,5e3125cb50a223e81db802e8c84a31f3c3d00bc5c3c292f80652e751763632d0,0.768737,73,35,3830,2933,29,6,7,0.0937
l3s-gn1,ba36ecf296e8ce1cb73fd92710786b74477f95bdec39670cb8f6364ca40b31f7,0.343183,240,72,14797,3587,64,8,42,0.2337
l3s-gn1,d6729be53eb3171e1720f9bf4e012efec311c961ff2ee0a090eca673d535261e,0.800545,133,12,2305,2004,12,0,5,0.1388
l3s-gn1,4522cbd5883062dbf1d734ac1d0793983659265e4ac911afe0e2bad266675420,0.707366,78,14,2077,1691,7,7,8,0.1030
l3s-gn1,2d7be286cf0b35a4e9178dd153aafc5c176afb215651e4b7acc2da4de8d58817,0.613149,173,52,3838,3848,23,29,36,0.1788
l3s-gn1,17d6568f76524be91ee305b1d2e5adcf083a86afc6636b6d44888c741ff21181,0.688312,104,20,2362,1522,12,8,19,0.1276
l3s-gn1,ab4f43e34fdc94ff616e081dc273f845b35f2e6ecff5e4d94a5b01d0842c2149,0.763316,86,31,3472,2321,13,18,1,0.1882
l3s-gn1,03767bbe498a3997f882851d0d582484f61885d09c4b6f6d42eccf6d6c216956,0.734654,114,18,2859,2988,17,1,19,0.1318
l3s-gn1,c5b54f50a82f14f56adf255ef592bbb924b5bb75d92ce535d18030f5059e1905,0.794677,107,6,638,825,6,0,5,0.1530
l3s-gn1,b701b47502e66690d3466d6c731c652953d9220c9a4724c3797caa0c66a84e5b,0.484305,77,10,688,1180,6,4,7,0.0837
l3s-gn1,8cf15066d69b4e3c84f336c7dadb36aaf4cd6d69ce509ff59d1c7712a93020ad,0.863079,20,16,2662,2479,14,2,4,0.0337
l3s-gn1,1b93830fb8f599a24ed7d2a414dcf74ca37a462ea54a5ca562cad49d360278af,0.883817,45,19,3122,3164,19,0,4,0.0639
l3s-gn1,ba6a55cbaa0d0eb57bd8f9b522d00db59ee898b62728db0d38b9a0086bffb67f,0.282187,86,10,783,727,1,9,8,0.0962
l3s-gn1,42cd2336e7d216e3507e16e95061909b5a907ea74b0524d77c5b475cd7e1bbd8,0.855455,24,17,3346,3317,15,2,5,0.0367
l3s-gn1,f61f4beac6895e0a66a29916cbbc89dcbcda32f560146101db1492399d7fc279,0.711974,115,20,2402,2543,16,4,8,0.1237
l3s-gn1,61a63cb272f125c20f38997d3557852ad9a3c5228dc9eb4c43aec782ccab20c9,0.779626,47,9,1302,1464,7,2,3,0.0790
l3s-gn1,7c4fc6a31d93af4e473f459e01dc7ce0caac9148938ea870ff1b30c9265533f5,0.692082,189,43,5084,3205,19,24,18,0.2001
l3s-gn1,6a2100e0d6f8e24d586cd30658f427cd8340032bbca28103c435191aa6f359ae,0.880411,26,18,3156,3531,18,0,4,0.0293
l3s-gn1,ef21fe305f0588cf4bf41a390f418e327380dc4debae928c8f22a0f11998eceb,0.858801,56,9,1130,1338,9,0,4,0.0652
l3s-gn1,4a899b66220768611b69e7130337d0a0188524b91e3d7e8bd0452b83f59d65c3,0.871671,63,14,2937,2946,13,1,8,0.0768
l3s-gn1,d00e505bc4576b5303913d5735d8a6ea88e8c5eeea6ddf467609a091e93acb59,0.561519,103,41,4992,2755,12,29,4,0.1344
l3s-gn1,00e212f4a9c23c26f7961c0efbddafffe574642d487c6621f7314c9f8a258d92,0.788975,51,11,1428,1382,8,3,9,0.0841
l3s-gn1,cd7788fe2fe201d9f612122400c50418b91be8f5104d329576b2a03a3d6fca3d,0.868310,61,33,5889,5040,28,5,6,0.0947
l3s-gn1,583635bdf9dd59802994f5fc33f1444a7e0abb5aed7effa100d8c8c4c529188b,0.762170,59,11,936,1028,7,4,4,0.0748
l3s-gn1,92457d51e70a5b0497e25ad43837063c6f2e07dcc0a5e2b01cd0c0da0a456a1f,0.723502,90,31,5829,4703,24,7,13,0.1104
l3s-gn1,dd41ad834a268e926d91d5aa7be85c5e23e3e4c1c01add5576830ae997a2e874,0.784151,86,21,4032,5574,19,2,30,0.1029
l3s-gn1,e6809521fdfe3058fcad4ed6c156f760106d66e38e0ac9d44621a119f07b6feb,0.168067,139,13,1039,971,3,10,35,0.1585
l3s-gn1,c0a6dd18e0dcb16d6e56e16c879c40edd755dbd0e4a1afaac069e51ebf8e3a6f,0.829787,142,17,3676,3320,11,6,26,0.4226
l3s-gn1,438ce4efe18808dc538dba27401efa9e09c63ccf4a24a479e978368d26c081cb,0.930678,28,22,3709,3729,22,0,2,0.0320
l3s-gn1,1f6b13313902f36d4d57fb22cc867de3cd313789e0c89de8447e1bcaba9b41d6,0.875646,32,17,3422,3869,17,0,2,0.0413
l3s-gn1,e475b405e5ffd846bc59fb1d9dc510c0023869e7b5523239550ac58096d1b72d,0.726870,66,9,2287,2435,9,0,8,0.0908
l3s-gn1,64f3bbfa8c0d99e2fa3673292473898a75f8bac957ef56bd507cef101bfc96cf,0.731323,116,42,7230,6172,33,9,19,0.1357
l3s-gn1,4302889a2e3b08e919406da54e812a68e08a9008d768e8dc261fd80cbcba3fca,0.672638,160,31,3793,2582,17,14,14,0.1823
l3s-gn1,1dc90bd7ff89f7754e904de9c4892387cc9b2a499ed12f044b61e60a3b6c61e8,0.855376,77,46,7876,7199,35,11,3,0.0988
l3s-gn1,c3ffed963e790c8b457ba2162a2ee693926bf9d4cc474ff48e596bcb9c20112f,0.418440,42,7,686,851,4,3,6,0.0704
l3s-gn1,b35fd27e001556d548dc3a7c9e5bdd70cc6fd6e2ff31cb3cda1702ef49ecf454,0.767795,77,7,1004,1237,5,2,9,0.0994
l3s-gn1,1b458b98756156f803f734d9d815023377b4c85186a881065f5d606c27cd1ab1,0.618834,157,12,910,996,5,7,18,0.1522
l3s-gn1,861a818c3060aa4e667867ce113e9063510e6cf7fe01231b7ca19577e949365a,0.361829,85,10,1024,1640,4,6,8,0.1184
l3s-gn1,5107b9369b20aeb135cb9a6e91fa5a0735d5ddf2bff9ee3eeb7164a13fdc69cc,0.822757,113,26,4392,3598,24,2,12,0.1103
l3s-gn1,0094db094a0df2f443cdbe1c7b2dbe7f450cd1496d224126c20418872ee42ae4,0.826223,48,11,1128,1158,9,2,6,0.0702
l3s-gn1,2b500b1aea26b96ba866c32e4362d450d339685302c25cbcee03afeb9cffc1a9,0.046552,216,34,3075,3500,11,23,37,0.3014
l3s-gn1,8c35938c5844ee8463662296c4a5a21c4101c4508afe030e41fc022f2f60e9c2,0.862609,64,17,3265,3153,16,1,8,0.0807
l3s-gn1,3cc195282279e39502e2a8761b26fc771500caad464a9e8ef523e74ea66e1cd4,0.813467,13,9,1544,1269,8,1,2,0.0268
l3s-gn1,99e3889d251c917808b4b8cb52c1f2e8be805f034982d76303618e64f0dcb84f,0.809466,84,23,3546,2824,15,8,6,0.1485
l3s-gn1,2942e592fe500f555cf0f06852c98fb51e571b69ea01523d83feaffe56b18d40,0.668380,49,6,747,1265,6,0,7,0.0690
l3s-gn1,23f8153fee6efbab2fe70f8016df2b0ace4b8117ab93612c4ddce2a3b18479ac,0.652205,90,57,7618,3741,22,35,4,0.1093
l3s-gn1,9339858f4c364bfac0fb06be1a683095e7452dc72249d5721be11a41774d8362,0.751412,85,8,772,1099,6,2,15,0.0966
l3s-gn1,e631faa8059eb59b2439c562030047903dec0e1d208421021b359ed90c4fad79,0.749373,27,6,710,1249,6,0,8,0.0438
l3s-gn1,a1f54beb302b1321fb1ade65eea7c44be30469821b84baeca14c306f8bf93e12,0.914974,95,27,5977,5716,24,3,9,0.1148
l3s-gn1,bdbc80fbe5effab49d731db4e7988091905743fb3166c1f3e9e3a822280cb30a,0.756489,23,7,1025,1062,6,1,1,0.0570
l3s-gn1,3f2c70caf0a10d6efa2be0501d2ae286792b8e769d3666847558e48ec89d6372,0.674760,78,19,2178,3156,16,3,24,0.0984
l3s-gn1,efafe61e9f8d2ba3f037d1478d484987759524c94d66e9a8f270d168a179981c,0.921891,32,25,4206,4243,25,0,3,0.0325
l3s-gn1,2323768702092c87c69444156b3ec9dd934af6f7ca133dc9cfb4c38f65c4dda7,0.706827,13,3,254,410,3,0,1,0.0318
l3s-gn1,d27a386dcce3dae8c80915008ba0599890bf9e11bd76cacd0c5af04396e693ee,0.539216,38,10,889,1731,7,3,9,0.0588
l3s-gn1,b5859ea34a6d2414da7d046e61233dca82ab0cf131fd89001509aec3aaf74e3d,0.418301,69,7,687,1324,4,3,10,0.0964
l3s-gn1,a6919fbe37707eb252c3cc152429aeede418f607114476481a58421bf3efc683,0.830998,76,20,3621,3606,13,7,26,0.0938
l3s-gn1,092492ddd9dc9809d12615df79e8eaaa3efbc6130c57be9466193030bd9415d3,0.883459,117,29,4183,3746,19,10,4,0.1377
l3s-gn1,c637a5f0ae27686d5282cda707c0770cdb9a288e6ec02fa59c4e522c548829e9,0.922619,32,13,5840,5989,11,2,6,0.0529
l3s-gn1,3385c53c458fea7cd90c2dd40c513ed3111037195a72355aa130d7a6b3c47ab4,0.848347,17,12,2381,2202,10,2,3,0.0308
l3s-gn1,5d2fd08321f146665fc5606333dbe70fbfa9e486efa22487b3a0e422f278c1ac,0.911980,78,50,9222,9074,48,2,10,0.1187
l3s-gn1,5f4763c57fcd87bfd60f4c766607b0cb2bd5aefbd2da870d63db80c517e716ee,0.879880,127,13,1802,1799,10,3,10,0.1771
l3s-gn1,ebb618cd2bf8b49aee5dea1a37fdcc333f3d3533f9b058db8c38afe4b268141e,0.893190,105,12,1734,1779,11,1,13,0.1168
l3s-gn1,665be5195d31d1993115fdf23353500180c92d47fda63fa28d21c924a68e3a88,0.821366,75,8,1389,1750,8,0,4,0.1012
l3s-gn1,c2492ebe972df839786daa91e70021e9484c45707c2e9fbca29f1d970f54167e,0.823632,81,31,6535,5190,21,10,11,0.1079
l3s-gn1,27deecc609d40a52ceb9aa79552e81768afcbd8035d01b8c0d4b2bf561b51b96,0.624618,78,17,3234,4275,13,4,17,0.1102
l3s-gn1,71b29a6ed2701e0e48eccb5db8a8268771c806547b30ffc19752f612c3900a0c,0.695993,253,45,4530,3732,27,18,31,0.2507
l3s-gn1,c235005b5b038286a94f3b1ad4a8eb99b1cac16a6a1d19028a8c20e9dc5ede8e,0.658972,362,28,3139,4458,22,6,65,0.2819
l3s-gn1,65873a2301ebcdea6ffdb4b366dcf4eb3e93ba278eaa2a9a81300fba4e0c5052,0.844444,64,7,1257,1179,4,3,5,0.0878
l3s-gn1,7036bcb3a51106c2ae55d6bf9ab61199e629a33a3a134a0c8ca34e47510897e6,0.819905,86,15,3538,2827,14,1,16,0.1116
l3s-gn1,864494203bfcc80308b43c5ff5f871da4e38f20954440193f9118871fe5996af,0.910991,32,26,4203,4154,26,0,3,0.0323
l3s-gn1,e3c68ffb48e5b1d11ff711f4d1e00cbbb348a5d8bbfc4e5d7b00eb7db1c33f18,0.733724,116,35,4167,3922,26,9,14,0.1290
l3s-gn1,421811a3a472649fb03ea7e81c3c1968d068b46e0d989d2e402324520062fdf8,0.760204,60,11,1471,1545,9,2,3,0.1074
l3s-gn1,b008ac9ef871f0814a5c023553794e6bfb100f90520181ebcea8ac3acf1fe370,0.842031,93,9,1866,1821,7,2,8,0.1224
l3s-gn1,8aa77b0c123502ba3418c790ace0028bd0be8daeeb6c04fac0440d8a74bb9e0a,0.738508,91,39,4958,4022,22,17,10,0.1096
l3s-gn1,66a0d2eff80edeaabcbb5641bbdc9285651d9816712ad1688cf6f29e62ecca1d,0.443142,52,12,1082,1334,7,5,9,0.0663
l3s-gn1,32de84bce0e8db297327d19f092e256064810f82602b4940bd06d8d443068e80,0.841758,63,19,2609,2403,15,4,5,0.3561
l3s-gn1,47099dd3977533e8f6b27798d9cfaba21f8a48b7a9df8ef4425e92bb2cc36ff5,0.963760,78,20,3613,3569,20,0,9,0.0991
l3s-gn1,8f74550f43a7656eba2c25841bd2805df9ee0aa895236bec4236af161c3fdb73,0.378682,124,30,2957,920,5,25,8,0.1488
l3s-gn1,a930161d43fff4a480e1cbc1a4ae0d302cb9528a4608338f125cef23f5d6906b,0.311707,165,16,2681,725,8,8,11,0.1726
l3s-gn1,73777cda2a4117ae0e6745909ec8ca70ece7c986bb37d5a757f5a542c3890e8e,0.887195,17,11,1575,1733,10,1,2,0.0212
l3s-gn1,95fb5959ad60bf83dd7e3a0312c443702e9bc50833ea23d3c40d26364b85863b,0.536770,145,30,3732,3445,11,19,35,0.1660
l3s-gn1,85b94a7c75278846f214a2775b0fc576f1a1ac953c801bc1f919b97287f9a1b6,0.833579,65,10,1018,869,7,3,2,0.0929
l3s-gn1,f411d459c12ae3d576c455b6ef8e0d76ac69781e89b3dd9013e43ebff0aa91c4,0.533425,86,26,2396,1847,14,12,4,0.1133
l3s-gn1,8f05831c53af0bdd5cbc8513f920e48c3566467640ffc57200b27c044a18822d,0.734203,345,7,1018,1625,7,0,8,0.2973
l3s-gn1,3b5c721c7dbaeccdd48fb8cd46bc62f7e0987ccb1d82faafaa1e531bcae5d283,0.902681,56,15,2818,2770,11,4,11,0.0598
l3s-gn1,b370aaef83437359696a97dd6216508f57f89dd2899e5742da4611e098039f16,0.790279,59,18,3346,2551,16,2,9,0.1006
l3s-gn1,225ca920ee1c81ca4e8a9be6f0df5a9e47c48caf01f21199d6f90cffe8531e5a,0.824898,180,58,8366,8927,52,6,44,0.2035
l3s-gn1,8382bde0c942ad7e73d3899adb43c97224ed56f8dd2321d3338e3b5aa6c72285,0.489691,106,12,839,1089,5,7,9,0.1189
l3s-gn1,0b3799870c07215ad1a5c0261380ba899eaa300631e05438041aedb33bbaa5e4,0.506374,281,82,3691,2303,43,39,42,0.2375
l3s-gn1,23a3cf01d697c8d372407573500d238a7f4224915916530ce69a77e23b985127,0.778477,131,27,2350,1832,11,16,9,0.1523
l3s-gn1,d62c3b071b4b58d6accf9aa07417503ae85176ddc9c03deebb1f115544c9f41c,0.352041,123,26,3776,1148,9,17,7,0.1285
l3s-gn1,b792033f0450aaaeb6743d0a3b7a25477933e3f82a65e955b609183c01b1b75a,0.963028,15,10,1648,1638,9,1,1,0.0399
l3s-gn1,6d157aefef9e7dbe8f2661874506a23bee81a5b617b5e973debef0279abecd71,0.820644,128,35,4139,3319,23,12,16,0.1369
l3s-gn1,d8c37d5650770c35f246dbe3677553c62fb0c7341f0e4a1b4d216094c56d6fc4,0.915329,55,20,4402,4477,17,3,10,0.0988
l3s-gn1,ba71cdda9f5177fe92af6cf2d2a97caa9c4b4491e501b4444610570e462e0e37,0.760163,64,18,2252,1874,13,5,9,0.0865
l3s-gn1,d432d3d942d4005464a3be374be1eb5ceb45f6bb1a91cd8ef4ce7f8ae25e6dd8,0.923723,55,10,1861,2063,10,0,4,0.0613
l3s-gn1,7c1f83b3a7a7259aad199835e9d421e70e9b6391a2d05b568b5bd5db694b4e6d,0.677083,113,17,1600,1268,8,9,2,0.1189
l3s-gn1,edc08f397cbd485f8685a888ba020cc3eb8747388451b5bcec2bf2ea4e7aa355,0.727245,32,24,8444,8029,19,5,2,0.0618
l3s-gn1,bbf86a96dc3a7399942315a24b85c0696667acafd5ab5da68205c99c1cffcc87,0.840621,106,20,5141,3974,11,9,10,0.1167
l3s-gn1,7406c4a6628100f9b31d4ccc4d58833ab0b5e2f4fed5d6affa445e07028da802,0.810336,105,22,2807,2564,19,3,14,0.1435
l3s-gn1,0b483b4aa02cef80dab2e0274fcc6e5fc0061a87c45be993b8d4a978cf564725,0.695134,80,12,1311,1375,10,2,9,0.0921
l3s-gn1,8daede3ab699019c0e5c6102d28a664dc238f0d9f25ab517630ae5a45b9c4c75,0.783344,105,21,2442,1916,12,9,2,0.1212
l3s-gn1,f26957119553da155715674b88d16787292b25c5d2c670dfe99f63fda731c706,0.754224,101,43,7667,6799,28,15,21,0.1526
l3s-gn1,17c6c08c6f1a3deaf19233c82598acbf92a37f788c367582eda3d182d095b69e,0.760831,117,42,2703,1865,23,19,6,0.1202
l3s-gn1,d51b05b676ec5d360cc978c0636b2412bfe9b3a17dfa7a2302c92fdecd962e83,0.946955,38,9,2906,2889,8,1,4,0.0814
l3s-gn1,001a43cbd8bad6075d8cb09a2c40e81fdf10204f68a8bc6684f41a445c276093,0.934598,39,9,2765,2813,7,2,6,0.0827
l3s-gn1,72b68dd8d06c774699c8930407bdfc8a7a98ee8bb37b20e9e6b3c135e2b4ed6f,0.941376,31,18,3542,3303,16,2,2,0.0586
l3s-gn1,2c8361f7329bc789e96b6fef73d1f1e749f81b071d3d92f1f25964b2280e6b15,0.724041,81,8,1158,1839,8,0,16,0.1027
l3s-gn1,cba624902214beca13af2878713359124a7a4d49ff45b04d2c6f4c0df6054528,0.702242,88,35,8332,6993,18,17,24,0.1331
l3s-gn1,4032d954b95216556399427c93682bdc743939819f56413fb064774d49ae9bf6,0.750000,136,17,1354,1104,11,6,6,0.1348
l3s-gn1,9396481725c4f049bd5e298e6117461da017ccb29d136796d2939dc4b09dbb76,0.816189,120,24,4060,4241,22,2,11,0.1385
l3s-gn1,a77b7bd3cde614a4c39d832a5e1307112e254db9cf6e3ffbef6881d1084e857f,0.736979,62,23,2322,2074,18,5,10,0.0795
l3s-gn1,234d92e674cec6c088a35fb496f2650743b7cc335494d11706fe8ed35c12f422,0.659729,50,20,3813,3799,16,4,9,0.0762
l3s-gn1,45132a8d1967fb5e47416c0c57656e402d348ef06793c192386e9eab9621659f,0.569466,127,25,2158,2569,14,11,21,0.1215
l3s-gn1,ab392da9d619e532a8a8aabe18b7439c5401591f65d30e3fc994303872890e51,0.501171,29,3,499,623,2,1,3,0.0537
l3s-gn1,87540cbc22fae2ea7ff08ff96ad2df3e63bedce05eab857554f7e19751fb86cf,0.816856,129,10,1722,1694,8,2,17,0.1600
l3s-gn1,ba45efca589ded8e40d0e5726bb72499c25abde3751286dc5687ab41c92136fe,0.498876,79,4,371,923,3,1,6,0.0962
l3s-gn1,aa333d415466aa45908d967e0d0042be4223536a8a29fc165d5ea5ac53ec1def,0.812938,117,27,2677,2060,19,8,14,0.1292
l3s-gn1,f8edac4614b0e7cde6a05b9af1625e68f684dd7184274ee4089c2e3f0156c22f,0.800774,138,23,2350,1999,10,13,10,0.1592
l3s-gn1,25bef41101ad892cec52f066f0cf807bc4c413b81985d36447fe3ad09b7288b1,0.654259,87,13,1860,1619,8,5,14,0.3688
l3s-gn1,96273418e98acbcdc53e9c29de1e0e387ca4ff0057d0475508213e3c56cdfa7f,0.793600,19,9,1714,1798,9,0,5,0.0419
l3s-gn1,5deb90556f440b119554b766a5fa513bd746ad040adca34c4e51c0ba5a7b8c10,0.928912,141,33,6927,6714,27,6,17,0.1417
l3s-gn1,a239d7841d541cf94478d35dd979eb49e4f068fac61ea1c26fe293ba8db37775,0.855191,109,16,1799,1970,15,1,9,0.1776
l3s-gn1,1146bfdfa7a6295efdbbd12d9982c616cd8a58800d2ddf6251a0fc99bd00ab2a,0.839442,80,29,3514,3125,24,5,10,0.0985
l3s-gn1,71c6f6db29de04e4c53c8f2176268fcf8613c6c1f5df20cf0bb64ee6ef9c866a,0.796091,110,43,5570,4131,35,8,7,0.1360
l3s-gn1,6352f4fe81923673fed732492723ea2ccf15371f78ebc9664399ac8e0f41431f,0.710402,87,23,2876,3980,22,1,14,0.0925
l3s-gn1,b697ff9ae9dcec539eebcaefa7499ae59787c7880fb41011ead40aea7413989e,0.745098,98,21,3632,2767,10,11,14,0.1192
l3s-gn1,022aac57ba9a29a52be5822e024fe3bae7a9ef2dbf5f5d85cbcb10caa2405a97,0.769125,87,22,2051,2022,14,8,18,0.1018
l3s-gn1,31dfd77b02468626760874f7385c0765e45323fd3660232ef3f812aae50057b6,0.400513,52,5,789,1378,4,1,13,0.0678
l3s-gn1,dd868f538ca1a429a74f2a19707936d917fbd9454589763fba444ff6f378edd0,0.599396,58,21,2707,1524,9,12,4,0.0840
l3s-gn1,84880a2b1005c7bce3d4df79a0bf7af4f2ca68cff40b3ffb64dfdea1a984280e,0.892711,143,28,4780,4949,23,5,16,0.1473
l3s-gn1,c569692dc9a03484948aaee09dc92282cbb656f47584169ff35dc3a006abfc27,0.536957,70,6,759,1811,5,1,10,0.1071
l3s-gn1,934dfd6fe4ebfc213e3ee81bf607975e1da1b840e703e60bd5bdde371e836cd0,0.684770,87,18,2427,2307,12,6,9,0.1034
l3s-gn1,22a69ff13d563624b4a9ef8b592c21e3204cd0dbb25465757ffa4fa9df9ce2fd,0.846591,34,18,2924,2478,14,4,5,0.0531
l3s-gn1,49b2b08ba9088f7a427d21ae5b75ee919efab3192ea4bd7e4a6609468cd1d014,0.314783,74,6,985,4686,6,0,29,0.0966
l3s-gn1,1b792f54627c17fbf28e79d88ea13e08e8c2e7f15acc2acb109c61ec343adbdf,0.835463,56,13,1216,1124,9,4,8,0.0888
l3s-gn1,d860b6733d28424775307db8dfbf7d748b430def4c204d2ba0244fcfdd7a2865,0.647875,95,18,3501,2635,8,10,5,0.1122
l3s-gn1,4b57f582be9934c3353882a02dc6fbf1d026c4dd15b7a7b45930af65fb7548fd,0.843647,169,44,3712,3773,36,8,34,0.1743
l3s-gn1,9b013fc2f4e86d421e557ea7140f9c23e55fc35a3a93cfe9c7cc6b79e1940df3,0.730128,48,22,3064,2780,20,2,11,0.0588
l3s-gn1,9b33d840db60a6e7697b56bb6b9e32694041a8d35988dafc8df52437c60235da,0.889552,325,13,1841,1729,9,4,6,0.2538
l3s-gn1,6250674881c7355ff2c2090b0f68977347239d7b51695e0394abcfc282af473f,0.922608,45,14,2270,2149,12,2,4,0.2241
l3s-gn1,92f95ca7649b78c99bc2e87c998665e0c2917194f4cc84ef4e9e0feee4d33ac7,0.916350,40,14,2241,2198,11,3,1,0.1174
l3s-gn1,35881434e211d43bcdae6d2096092c042783db6fa3659cdcfc78702354923275,0.870672,119,59,9826,10155,52,7,25,0.1298
l3s-gn1,2104ed29581a7f9f72a53e8d0173ea0eb1270df707c8a1c2aa9948d2013375de,0.563900,84,11,1080,863,4,7,7,0.1157
l3s-gn1,a43a7fbd2fe3610139972dd3397a1f88865ce1dc10203698ee2877ecb3b37e6f,0.780919,62,19,2293,1719,10,9,5,0.0932
l3s-gn1,27c17e6f5ddc1a253a153a507a44f6a5e25de71f4b7faa9d3955558f28358c05,0.666231,211,57,5227,3452,24,33,11,0.1932
l3s-gn1,9d5ed308642a6c49a32a38f3f27c93cea6ebdaea56ed051e8b3ad022fe3bb8d8,0.907348,19,12,1769,1793,12,0,4,0.0252
l3s-gn1,a58494924bbc597bc9b84504f6d7b970f1cc59478c97387ae25586e88c5270b7,0.681048,88,9,649,973,8,1,7,0.1621
l3s-gn1,8a668d5940966333fb624ca14bf0b035cbde6b069939b68a9330a9e6315957e4,0.472603,9,2,227,576,2,0,3,0.0195
l3s-gn1,e339a0bbe619e4caf5c8283ffba841b29ecb29c82927d7075a706629454281a6,0.914209,91,44,5733,5108,30,14,8,0.1094
l3s-gn1,8708c36a779d455983a0cf86c67710c2218e412deef388a479d5545b936d94e8,0.828402,22,6,733,716,5,1,1,0.0307
l3s-gn1,45ab117fcece66a6344369c2ec199f6534248b143efd57bf4235e39d94ce4e69,0.630670,9,4,755,554,2,2,0,0.0194
l3s-gn1,d6b881e2827beb7c3b8016b5323f11ab27d72f6c972832b02af9a17e7a9bf8f9,0.627559,73,23,3366,2975,15,8,15,0.1075
l3s-gn1,50bf155596938f6c0153931ef8f80c185e34e08738ed2cd3b944f315967b38d8,0.840253,86,27,5106,4188,20,7,4,0.1135
l3s-gn1,a04301ddcccd2ba1d3501956edc4ecbfea5b6653b7b6ec460b9adbb14559b18f,0.651811,54,6,407,571,5,1,6,0.0737
l3s-gn1,194ffa4e4e0fc21a7a4091c249a45bcfde3f659dd41d232a146598c0f6b55055,0.558229,43,9,1081,1655,6,3,5,0.0652
l3s-gn1,d900c8f7ef7abffbd52f76d7fa4fec3a6a0070378297a48df1e3fd119c6fa275,0.822798,129,10,1346,1375,6,4,12,0.1493
l3s-gn1,d4a4e3c111b19f2d15c7e8b527af15d43b97eef89e2d2268b102d46b3348c092,0.755832,22,8,878,961,7,1,5,0.0398
l3s-gn1,3e531e60e2dcb9d67b2ac05eb6e9c273680cf99764efff2505ee70e4276d712a,0.882165,30,23,4542,4561,22,1,6,0.0432
l3s-gn1,02e5a13259b4ccc3e8d445bd23395acbf3ff41eaa913e40cbbb700e162343103,0.875106,48,11,1742,1639,7,4,6,0.0789
l3s-gn1,c8a028cf05fc83f581ae824b1bfd4362ffd9ba6c92110eb6f9cc280414a6d630,0.516129,47,7,749,1528,5,2,6,0.0794
l3s-gn1,dc69364a9c4bf8d37e107f52e251a2fd725e53f66d26a413d408be126736129e,0.528705,106,21,1231,706,13,8,22,0.1020
l3s-gn1,4485d7679a8bb34e5dfb00a77d61f191ac10e25fa3bb3b70b19aabdd816bfb07,0.871538,78,30,4455,4126,24,6,4,0.0734
l3s-gn1,75d4ea0bb65a2aaf585dd66294ebc31fe0c5dfc3fc6e4e757cf44f2198224a48,0.754454,90,11,1550,1757,7,4,7,0.1109
l3s-gn1,47fb21556343549f7e4aa77408e586ea6cdc6cce47d57bb61d25298f34f7acf2,0.874831,129,40,3183,2559,29,11,9,0.1378
l3s-gn1,f8069bd44895e7b437b8885ad4da1d3c64722ccca38589af71a9fed7e62bbf87,0.712531,79,17,2887,2930,15,2,9,0.0952
l3s-gn1,17d332e9f124797d9e384105a7c141c72525668b7989b085d87fda06600f42e7,0.150726,177,76,7909,1204,19,57,7,0.1827
l3s-gn1,b93203dab85b0f391cb22425ed378d15e4d63fbcedb103504f984cd847a9cc23,0.752000,118,17,2059,1918,8,9,10,0.1366
l3s-gn1,a5a5f49ce5156ee60630c5f2a3446afcd3a11a8a151a6e4fb5bf736f20399568,0.932629,38,17,3174,3218,17,0,1,0.0603
l3s-gn1,529f3aba869539dd0f840059cd1db465ebabed76fd1898513f65d5f6926ca9ff,0.873743,60,19,2239,2012,13,6,7,0.0902
l3s-gn1,9dc4c0350cc21f948cf699b8b873d9b3e596c7afff3b093b3b1ca9f7f2a55eb7,0.794302,57,24,3673,2712,17,7,6,0.0920
l3s-gn1,87a07d60baed24765571f84bbaee3e71bb7a4afb359f24ec30c55804f9184f65,0.860787,74,31,10133,9714,29,2,6,0.1133
l3s-gn1,a3ee9adad91a259678925653ecd703d99b05f938829b25c5b39833e9cca42207,0.764645,40,18,1471,1172,15,3,4,0.0637
l3s-gn1,d0f5537555fc1dc3853f0d9a9a26a92101f4a7da693ef5fe37ad8ed9ec82ccf4,0.821865,62,13,1868,2022,12,1,8,0.0786
l3s-gn1,a51500845b4c4f5944a714db80441c31b447be4aa608638f199cef1c4c065d02,0.742795,61,17,2515,2247,12,5,5,0.1022
l3s-gn1,ce45227355aa7d5a0048924037e147bfa5ef91933f9610516245c65a73276787,0.387722,78,6,1062,665,2,4,6,0.1102
l3s-gn1,ee050f7959ef7feaa69c656a2f99d9889a722c796268c32864627a274e9bf3aa,0.000000,94,4,272,607,0,4,18,0.1086
l3s-gn1,f6bba860ac83efd563ba7d851e6833721da61bd937ae8d3a2ee6448541dec561,0.717516,266,74,8944,7265,55,19,55,0.2759
l3s-gn1,0021aa7f311b165c461c91cc91628dcc93881a4cc455299cbe8cfead14043b45,0.912879,39,13,2270,2198,11,2,1,0.0962
l3s-gn1,a3317a25a46ac08f4a87f53a5c4e63201d7bfb73c15f087152c26d1e57615e9d,0.605650,75,16,3328,4512,14,2,31,0.1001
l3s-gn1,dc77bd7f7a53bd97ecd7c3fc7322f30eb8487563a9b18ba9df3296fd323d599c,0.546207,49,7,777,1248,5,2,8,0.0676
l3s-gn1,3a7b20ea422f1216ca1edeed16c611c1684c9eab17bd4d11d7432a8d7a428644,0.859927,42,17,2367,2303,10,7,2,0.0696
l3s-gn1,a9d776c5e4f5330f3e6a7b4657eb89f11c3a974d0b1db7640bd320064c7e7d5f,0.848286,101,25,3887,3478,24,1,11,0.1029
l3s-gn1,897bb4531376738fbfd16d13604f10e7cdbe2cec9567cdb61bdd92188d50b4dd,0.815759,100,23,2452,2370,17,6,11,0.1133
l3s-gn1,bec53883b3ca7c337196f608eb7737870f560edfae5a2bc90ae6cd7f4721e33a,0.911863,50,29,4429,4526,27,2,4,0.0616
l3s-gn1,ad8b51e29de90d96c0e763540e1b2fcf5338e6cf02c28c3f4667978c99e8a5ad,0.868957,139,34,4817,3984,20,14,15,0.1318
l3s-gn1,e32a1a10288d3a5875b5d7f0ccdfbb5573dfa7411bba3945989498d565840293,0.915426,40,32,4219,4265,32,0,4,0.0593
l3s-gn1,0bd585fc40d04224c839c4d57f7ba3db2832b6719e19ffba6d2af7442bc1235c,0.887494,40,35,5460,5260,35,0,3,0.0470
l3s-gn1,5c871dde2bba70e31b50ae5a0a9c86ad78b1af43eb0045e3da7b565d09b21695,0.855499,146,17,1990,1970,13,4,21,0.1461
l3s-gn1,966a9b74e3bf9af9ab29e11f56d0b482463142c635048cb7897a1628c4a25108,0.924770,140,29,4234,4204,24,5,11,0.1444
l3s-gn1,f644b5d1af4254134137c4d679b18810336cadd0c92725780653a5beb6ba6760,0.404177,141,34,2451,1717,9,25,12,0.1447
l3s-gn1,76db51add338f4afaf5950c2a1a583abfee19168a50bad9028194f6d058e4fb1,0.772049,106,40,4842,3826,23,17,6,0.1294
l3s-gn1,968c82a737b3679c0a165282ba4690f5a804418ebc2161d70dd239de4b9e239a,0.878505,167,46,7240,6854,38,8,46,0.2000
l3s-gn1,8315b8988aef90c14de5c0c9858594f3b3c68027569f1dc62fa0a0e81e91dd40,0.512293,126,46,6627,3141,34,12,17,0.1365
l3s-gn1,b5c9ea3c6ab586fc5f7e5833d5a32d3f457b646c51f901ae0c651219c7a2ddc4,0.750751,125,7,910,1033,5,2,7,0.1242
l3s-gn1,0e213dc0201873692455fde5d15139765bb85d1106b42630986ff79f65bac86e,0.946272,34,29,7086,7129,27,2,4,0.0470
l3s-gn1,03849de4fe051da9fee9b307e70f52169700d1a9708db56eccf7be126fbc87d7,0.768352,19,10,1734,1730,9,1,1,0.0346
l3s-gn1,4dec86d6c41d44abdedc91870908b3b09fe3359c0ec824c473e5c2dea561132d,0.796065,50,16,4111,3490,9,7,4,0.0756
l3s-gn1,8b43914aea01329b145a60aad19b7ceda5b4a6fdc487ee77873f4f867d612325,0.852083,130,9,1287,1345,6,3,12,0.1490
l3s-gn1,0004866da0e794d26ecaa1bffeddeb7513229723f7c3dae8ac87a5eafe787ceb,0.814753,56,20,1776,1509,12,8,3,0.0821
l3s-gn1,594581faff8b1c048e17381452d693e45326278847fdef65036916685c840c39,0.405455,126,21,1854,857,4,17,9,0.1665
l3s-gn1,21c869ea16c709935dd93bc4a654306bbc5b9cefb1a3f12966f25f95b8563860,0.655408,80,23,7092,4569,17,6,16,0.1352
l3s-gn1,b0031a18be52cd7413662fcebffb1546cdc5cb73069f0ec2f015b72b307b4f45,0.859076,105,27,3671,3283,20,7,16,0.1181
l3s-gn1,10b3b93124304d208d46f43c8b21647bfadca5ffc149028a4571962faf69d4ad,0.892179,144,30,3872,3856,24,6,13,0.1448
l3s-gn1,c8b610f573b9dc1af336b38d9a6ae96c179dd222c017a95a9fb007fcb4e89f88,0.889590,60,32,5103,5046,31,1,10,0.0900
l3s-gn1,34f51f053e8d03914d4d76efec82eb943194b3b710223bad6ff5de042c67aba2,0.762695,237,34,3004,2136,19,15,26,0.2176
l3s-gn1,0ee59f952a16c7728ef2a630bfb04812b13429a0f48ef7d2a953184c443eb8ee,0.728000,110,40,3253,1984,11,29,6,0.1202
l3s-gn1,4342362246ded7a74288bf83556b3dbdb9521e7261f2eca47166d6c8eca03d52,0.782143,43,10,856,776,9,1,1,0.1192
l3s-gn1,5757f791f23ba07e77965fafb19e2480043489e2ea05738773629f42dff464c5,0.784363,156,54,11033,7825,34,20,14,0.4153
l3s-gn1,d98ffb19dca9bcad2073afb9fbd08530c82c9b973e1cd893f718e2160ed2f367,0.562674,104,17,1625,3093,16,1,39,0.1117
l3s-gn1,b3f2c51595084c9d356b32c221a2e380d90aaf32a51343dca47334712c5b55ef,0.858862,50,20,2716,3395,18,2,9,0.0669
l3s-gn1,be163e90a1768e0ffba07b514b9159ecf0513010365ff6b1d8d29222c3033c76,0.843793,149,24,2903,2763,13,11,11,0.1497
l3s-gn1,29d9223bfa5d0f103ff05b777ea95b398baad5b1fac4ad85f8d56c7370016e0e,0.859527,124,16,1909,1847,12,4,7,0.1364
l3s-gn1,6be0f4aacdb5d1ebe682aed0eba29101f176faf73f0d07a774322a0fbe2ee62d,0.873457,62,10,1740,1813,8,2,6,0.0875
l3s-gn1,3b058a90ebb164cade0e0b7be3f4378e4f98003fc0db76e56e0276bb96a29802,0.566706,31,7,1520,2631,6,1,10,0.0653
l3s-gn1,3374f0610d25e1d85d0c0eb9a100065f9286035b5fda6d9ccd241ced6004bb72,0.687451,49,17,1909,1685,10,7,3,0.0685
l3s-gn1,0b2063622998a702bbf9fa50dc0ad2595ddc8a243dc5f4081353a6cfcf762bae,0.360721,167,29,1514,1144,13,16,12,0.1755
l3s-gn1,f488d750ab6d0e131d5bf82fbfc0a11098174c0d782f98b3fb9f3f003a27bfd2,0.880911,78,34,5817,5591,27,7,18,0.1083
l3s-gn1,cd8278a63e202e9c560285cb9b921297e44db3b0fa96b8a794bcc571fad98854,0.861907,129,21,2544,2250,18,3,20,0.1612
l3s-gn1,5e4802b0d0b6b708890b1f78654d5c5ac4a88476fdcff2b1eece4067cb476a6d,0.802294,87,42,13054,11917,40,2,7,0.1202
l3s-gn1,b5c79553641d24de72d4d286ce6d1f6528f908c93c34002dfd75221036bcb719,0.909246,28,23,2981,2966,23,0,2,0.0310
l3s-gn1,0a26b8dec490b4c0e276aea1b83576cf84ac871ca18e734d62abe01cba8e47c5,0.766655,92,27,4320,2950,18,9,7,0.1159
l3s-gn1,e615a499ebd235858d431d381b3da4fa9a3979c360098c416ae8c4ce7ebbc24d,0.572389,179,42,6503,3467,23,19,17,0.1953
l3s-gn1,42f9a99fc04a8cca938ab3cbe08484344a74485a4005f64bb541d064c1b29793,0.732075,35,16,1797,1742,14,2,6,0.0600
l3s-gn1,31c6879f7898b495a7b092cb338f0e376a8941f1e7b7ae2687abdf9a0d17f146,0.882341,120,22,6558,6713,21,1,32,0.1516
l3s-gn1,f033677dce8d4ca40d8136052987d9fe451e91bdc324d0375110229807466078,0.156403,309,61,7622,1737,29,32,51,0.2621
l3s-gn1,c643b086daeef74850132944d1cac924581959e1be3880659f3857fbb8e4bc4b,0.694653,94,21,3076,2703,16,5,15,0.1151
l3s-gn1,b68dc782d1edce11966c3a3ee02628b90101bfa884666f73af7c9d655f20b916,0.695489,110,9,790,704,5,4,10,0.1277
l3s-gn1,bb269e88db303a9d7ec80571a19b28b70bc66a6ef2bcdc95265def2fb62ba30e,0.497653,91,14,1511,915,6,8,15,0.1073
l3s-gn1,0f1f32c630894685fa5e3b8e8664547d6e9fa3f6707cc747ed9e6bd7ac5e7557,0.400657,64,10,927,2518,5,5,11,0.0858
l3s-gn1,c030c9af7ad6d6767ddefb30ce2f63811a32dd70e8531640afff7fdce00a01a2,0.643357,64,11,1243,670,4,7,3,0.0872
l3s-gn1,5d2200a40624da4601fe0dab5a6bf6610d6200c918e83389471c5a0fc06148f9,0.871429,54,9,1313,1398,8,1,10,0.0651
l3s-gn1,8d5addc8bfd904a7d0c68e1556eb4b44d66d124a086dfc2bd99d65a3e003fd6e,0.770102,72,9,861,1233,6,3,6,0.0913
l3s-gn1,762b2a6891d8e7b34c63b535e62e3f2f24b94860774fb87011cbb7889cdf0661,0.880259,38,8,1215,1252,8,0,0,0.0636
l3s-gn1,6c221d4a93e341bfba32d0e71fd245f1661b7e5b5a903fee8011915da3df3252,0.720307,20,6,524,772,6,0,3,0.0392
l3s-gn1,2a5b3a589e786f0f85e03227b34ef007bbb0a1b5ca926454f2d3e1f0f2c2b89a,0.768946,82,9,1366,1459,7,2,4,0.1082
l3s-gn1,340f65efa10639980247e4dda7a921e7167cbf94f87f7be6848b79fea8878566,0.681271,121,11,1213,1186,6,5,6,0.1347
l3s-gn1,bc15230634f25b5657aa0573f765d1c3b6bb372c6f267819375bcf5029cac838,0.867375,38,26,5131,4445,22,4,1,0.0684
l3s-gn1,a0cbd522a2ff3b2fb3ea2df296ff0b96dc47bac02d0ae12cbde4cd27e079175c,0.718719,27,8,1165,1370,5,3,5,0.0440
l3s-gn1,c3a84109aec185d56a1649a80c7f423ae4e35a1d56a3cb8dbe0ac3293f1b4c4c,0.498516,164,22,1159,672,7,15,5,0.2073
l3s-gn1,ff09bb5c4d5b78d0f2344ad566b0249d01126493d7b24d765e20e174386f3b32,0.650097,133,55,3520,3974,53,2,25,0.1390
l3s-gn1,a2f8146c6d025fbd3afa3acac6a724127dfe1cc98fb6a1270f8ba078ce3daecb,0.000000,54,8,720,733,1,7,12,0.0773
l3s-gn1,d92de65b7d1e7889d0ca46d97387887c5ab499ce8e996cb0192b4254574989ad,0.830544,45,2,1270,1231,1,1,3,0.0966
l3s-gn1,e530c5a26492267273712f1524ea213c86a3c5e49e1552d9c95b9b55c9ffac57,0.334794,65,18,1693,1380,7,11,12,0.0915
l3s-gn1,2d4dcf41b79eb5eb8a27ad4891744cc2c52d522f6ffcd5fd430e3328c8ebac58,0.786189,16,11,2025,2008,9,2,4,0.0290
l3s-gn1,7d876ed67bf24306c61e61c3fdf58edd7678ae5cbdaab1b0e1cce8ef74706b9f,0.711796,139,31,3137,3369,15,16,18,0.1568
l3s-gn1,428a9e41950072005b1be4b928a59a213772cd6277c818ad5bdd8aa89576af3a,0.615236,145,14,1297,1477,9,5,14,0.1896
l3s-gn1,60aac858100180bc9d7e807ef0e4de8bd0b1bd5ae817b1c445c874eb6e134534,0.625219,59,10,1068,1848,6,4,9,0.0845
l3s-gn1,ec5c834ff8ac31e450e6d17e505e37a9e2d295ab23a84a45ecaa713b989349b2,0.855312,76,13,2649,2717,12,1,9,0.1053
l3s-gn1,4d91a4fef53eead698ba60f69e2e087949298dc17fb4534f549c96f51d63b6cd,0.823709,120,31,3050,3169,28,3,25,0.1374
l3s-gn1,54406aedb5543ef7efe837fbdfcea77186a647cef0daf7e74d2a19b6c7ee8c7d,0.114350,60,2,172,2282,2,0,19,0.0953
l3s-gn1,fd55944c3ec6e7f440435f839952ebb847c2aca12ebd61e9260022d7fee61e3f,0.509859,89,5,541,1491,5,0,13,0.0997
l3s-gn1,9497dab82944a0e5b0c13c176730e058c99e26a42cbcb1b012d4d95a591a3c7c,0.727418,162,65,11699,7572,38,27,25,0.1937
l3s-gn1,d1d6e1dd8d0c67402d840eaaaadcc65a0902c446b09d11dc8c6a571b84635181,0.601971,120,26,2082,1382,11,15,3,0.1726
l3s-gn1,5dd4f4fb7fb5146b8780d413637ea0d9bd3014901819d97226cbbefc668ba854,0.839971,64,12,1780,1762,9,3,3,0.3492
l3s-gn1,5369f4b8d946e91861149a02247e0e075f7cd55cc5abea50928ff1ee708afa57,0.114309,762,580,115653,7963,457,123,97,0.6805
l3s-gn1,be89f135aa57bad1c77c870863c23d3a53707e9673cc7b706cc6c25c07562c6d,0.960617,83,28,9155,8860,22,6,6,0.1040
l3s-gn1,b3f0aaefc5324d462314323c1dd32a1522bccbeb1016ae2f7bccd1130e6e2436,0.835838,18,13,2530,2382,11,2,3,0.0308
l3s-gn1,814d7245ad0fbab2a2d854e35950166963c69c76ef5ff03bfa822005779a66fa,0.336770,172,62,4707,1065,20,42,18,0.2079
l3s-gn1,1a0793da4e4a4dc65810be68eb2bfd878b40f8376a0e5c23e43c53929a76c718,0.979021,45,15,2545,2648,15,0,5,0.0811
l3s-gn1,bb4230c45d9023a437befd39d447d8c4fea71e7d53948dd19a95b599a74febb3,0.660714,144,10,996,1457,7,3,17,0.1554
l3s-gn1,6e73722734868cb16c6ccc9d9b4f88ad1ce11a2e27ad0a21e7ba3f2d20129e2b,0.559187,109,18,1762,1618,7,11,16,0.1248
l3s-gn1,88c2d4730c7443e1817962f478836812ab1bed55e6c594affd16b146b53b1ac0,0.651718,112,33,3468,2198,12,21,10,0.1218
l3s-gn1,ec184cb43c4342c8e737fd5840727d122d340eff99fa82b4d561ffb2b6bc9f8f,0.883179,129,33,4759,4422,28,5,9,0.1421
l3s-gn1,9805d8a0801055cbca8222c74703b915084d89ad45b5e04b18d9f0c66a880430,0.782211,73,21,2187,1840,15,6,11,0.0886
l3s-gn1,e0a5d04009909562e6d49d335914ee8f39dd2a404301f9728994aa14e1c40ffa,0.926625,32,25,4014,4099,25,0,5,0.0397
l3s-gn1,9a71172ebab1967e78b021fe5a4bb6737d7153993d54acd7e19be5dea37680ea,0.642393,80,8,1213,905,6,2,6,0.0800
l3s-gn1,2693491bfe8f39ee4ce3a4c4160ffe41891e5aa4b416546bf7fd94bbf3ae7277,0.670391,19,7,1897,1065,6,1,3,0.0416
l3s-gn1,885141edb98bc37c088c63bc8e3ae6257e49bf7307b9b96c01e62f0c59715718,0.672256,22,4,1561,1591,4,0,3,0.0416
l3s-gn1,8b0ea28c67e0b8350f349b53a32635bdb6405c19c46f9ade8da1214dd5fb7f5b,0.784891,121,18,2968,3512,16,2,22,0.1711
l3s-gn1,f5cb6e1cf794ee3f29939c29b762fc84e7da1fae5fbff226a328562be08fd5ab,0.901818,35,9,1060,1132,7,2,5,0.0695
l3s-gn1,ee5db9026738a6afba0ffd70fe1bca4c9b2939aa839660870c098e32643f660e,0.491996,125,39,3225,1619,15,24,11,0.1558
l3s-gn1,cc95c49cf085cae45420369784f1d77c9c17b9757f7a517ffc0bb8bdd34e40cf,0.823994,90,16,1629,1738,11,5,7,0.1029
l3s-gn1,2995dd5ce6476715226d1debe8fc46e8e45cc586359a270620e128effec0c933,0.540974,103,21,1826,2391,13,8,17,0.1239
l3s-gn1,a557d5cff0e33a0291ebd49e61b938040b92b030d5dad7c6352d2a82154fd3d1,0.761745,103,10,1583,1446,6,4,10,0.1259
l3s-gn1,f314644a75ecd7f9fa8dec5c228a398ce1790130645b9f984456d0ceef00c4ba,0.497155,238,54,3996,1773,18,36,14,0.2395
l3s-gn1,599fc54bf20a8a7a3e1de249208c083272ea250339bffa368527908b1419a1c4,0.879479,52,14,3343,3388,14,0,5,0.0776
l3s-gn1,dfb76ad7f8cb71fb297f6f58b208411cfdd0e62db6ba3be6ed20330bd1c56547,0.658361,41,14,2093,2028,11,3,6,0.0697
l3s-gn1,83c75613a8be843167e4512464fcb334238b6f548f75b8a8a97ed26a6e91d9a4,0.804240,134,45,4376,3595,22,23,10,0.1382
l3s-gn1,a23994f1769bb81636e79ba9f7234d6219cf310b3f47fa0997baeacf8655b95e,0.838141,104,11,1654,1875,7,4,11,0.1187
l3s-gn1,5e40c0e876a29bf259194550937280be42f3e83ff6c34db3a947bcfd7e54ffc5,0.828961,34,9,1365,1047,7,2,0,0.1044
l3s-gn1,4e85559f6b21a4c8cf57cbdd08af6d0b3889a04890a5c96efc7286dcbc4f7301,0.844176,153,29,4239,3688,21,8,15,0.1601
l3s-gn1,738e41a3f74a5be3fe40f9402a5442214ac9b3b78382d08e85bb9f153c3115bc,0.888085,83,22,3946,3938,22,0,5,0.1279
l3s-gn1,413929e94f3416435cb3ffb8b0b2d4297fe25e271c67c0db83e4b9a47d57583b,0.507719,40,7,777,778,3,4,4,0.1267
l3s-gn1,34166e07554ff8de7604f0b060e895575f67aff3a6d693d59ed12785669edd1d,0.888020,77,16,2806,2530,14,2,9,0.0951
l3s-gn1,767fce111222aee27e3b324b846100bcb66ad1024287cb1d9755477f9774c01e,0.800469,102,41,6015,5067,33,8,7,0.1296
l3s-gn1,6e54328cf0f9b0defc3c91e437899297bf84e6cf73c3d6ddc59208bdd6321ba6,0.710641,64,17,2352,2001,11,6,8,0.0978
l3s-gn1,7d75ec0cf907d461c20cd81833dcc0d1400111d765525105f9f782975e16c15a,0.869048,29,13,3402,3602,13,0,9,0.0458
l3s-gn1,eacd208e9f8bfed85f1d411c1356d982bda291f756055a668ac8365a38ecbecc,0.881336,101,32,4654,4365,29,3,6,0.1761
l3s-gn1,b1269e6b814dd011b1e8b2238d1d73f4c39c3f7c0c2ef9b46cad6c3fac34c4d4,0.816367,73,16,3723,4284,14,2,17,0.0950
l3s-gn1,151255ca0f3475f9130a01b5e6c456f979b4c825490fc6ce75e522a44cb193db,0.916686,45,39,5418,5492,38,1,4,0.0507
l3s-gn1,3f68a4f211e992b186ed4c72e596cb67f94cc46152de879837f00ea055de1c83,0.542226,75,22,4269,2378,12,10,2,0.1100
l3s-gn1,f700909f0f15a48d12e249f5ab32853275504c65ffcf4e42eea2070d3162903b,0.738739,129,38,5751,4932,17,21,18,0.1868
l3s-gn1,1fb732ec5df68c76201e05bd95c901c3fb05cc9e5344a2dc621d3c0daca91e8e,0.813704,47,13,2351,1562,10,3,3,0.1517
l3s-gn1,dec9409f684099cf18adf59b7e3a80bbe5663b4537d52eb0b18ce5a2d2725667,0.076433,41,2,107,728,1,1,10,0.0743
l3s-gn1,93603ea6de756032e4aa7d7569fac228bbc7b48c890d8eb63680c0445a888118,0.341568,178,38,1387,1143,6,32,42,0.1764
l3s-gn1,a1f43c08950e8c876bf917548a4b05a6a425d3c6e91fa6b20814b6fb5627c543,0.565678,100,20,1710,1000,6,14,5,0.1590
l3s-gn1,69ccc95185f366e14a439e80b3b8a36187638030be5ea866fa11115dab21fb69,0.860737,30,11,1468,1408,9,2,4,0.0466
l3s-gn1,bcf0f4d2029095c0c0c3d51b2b949385a0d389011368fc247e2582c1f13aa835,0.781790,39,12,1843,1717,9,3,3,0.0938
l3s-gn1,c453146ffbf00612a6c82d11c8b61d498139a1121864998c9e888f76974f01df,0.892369,76,24,3535,3521,20,4,16,0.0874
l3s-gn1,60fd362982242e93b172de4210367e55072acd74e74211557d3c975895683865,0.803659,100,19,2356,2119,12,7,12,0.1176
l3s-gn1,353e82ee10fc29f3438e8e2d82f4747c3db836442b9aa1b168dba7cc21029bb7,0.872789,81,32,4158,3771,28,4,10,0.0764
l3s-gn1,81a9fe6d95bf26ccfa7012321af225d6ca91d2ad242cf3d00e2afdd371b726c1,0.761336,76,34,4333,3066,23,11,6,0.0999
l3s-gn1,d88c07249dcc7a01a8c915e08a95e4026b39e8e5adce12c5f1bf99690c963a4a,0.900489,67,8,1759,1683,5,3,6,0.0859
l3s-gn1,da26e4f7d7be3660a09292d964bc26680c29c0f60f6c1fd48a89dda38f39456d,0.970497,54,13,3362,3386,12,1,3,0.0737
l3s-gn1,2e14ad20d98d0305e8f240b84d972529910e1bc9fe8d24e98f8ff35541218ce6,0.876556,83,37,4192,4004,24,13,10,0.0885
l3s-gn1,ec3666ebcb347a70c79f3df7a45f908c6c2739a81385c4f142760f62b681e436,0.782520,39,28,5838,5984,27,1,4,0.0570
l3s-gn1,1583bf84720fc4a9db57ed1b7afd70931cfc73e17cfb11692ef41005fca6d970,0.929032,96,27,2493,2521,21,6,11,0.1007
l3s-gn1,12aff095e8b7c2d048e18fb99c86e9df05a61d24dfdbd5cd214f39c9ff4c54e4,0.827611,156,27,3821,3354,20,7,21,0.1424
l3s-gn1,48c870527c3c7d89bdaa6b9049a706b3e70d4788a9606324dc71f013b61e2aa5,0.761329,77,18,1602,1170,8,10,4,0.1044
l3s-gn1,55b338a3a1c259ecb7052bb8565160fb5f605c7fc3ae06110d33e3c0e9ef1697,0.613318,68,21,2856,1795,11,10,11,0.0975
l3s-gn1,eb56136ced71c70653c830854e28f195584434eb22994032e46d469185859f7c,0.548294,81,13,1944,2951,5,8,11,0.0960
l3s-gn1,b8643e710ce649bd220348e10df55927ee248cad11acb8d9059a8ad9b76ec64d,0.913878,150,57,14108,12794,41,16,17,0.1635
l3s-gn1,ddbf43c29eaf9b0daa88e22a769694c629a8c005dd9e9d8f5f93e5e55386e6f3,0.831492,63,19,2128,1842,12,7,10,0.0682
l3s-gn1,d911c46b5a13eda90a4cc1aa3175944b267c1395735a5aee22f4035cd4df00de,0.601399,35,12,1361,1066,8,4,7,0.0608
l3s-gn1,fff209ce78e58a1f99581d6547a70a908b3729d17f5d243c10e58d304110d6e2,0.869636,25,20,3435,3083,19,1,1,0.0325
l3s-gn1,6bad9c84625d3c4ea7d860ee93f94627841a46dd151b0b25766314900cfabeb5,0.638457,199,38,5516,3796,24,14,44,0.2075
l3s-gn1,46e1999874f8373eed69e85b6c003561e53e3b4cef9d54d41c2620ae99e61c3e,0.589028,60,9,1349,1328,7,2,4,0.0942
l3s-gn1,d6d2342d7950d92fb0c65752000388687d0648722435713f9808804a80513b39,0.976083,20,14,2067,2125,14,0,4,0.0415
l3s-gn1,91dd693c0868d5b14567b575f25d8c46fd40e07fe135fc8bd5c20395b7201250,0.759777,76,11,1160,1365,9,2,16,0.1068
l3s-gn1,3eb34bcd10a6f4cc01e145d7a01d8d9975b4b5dc1319651b9e4011aaf62cde27,0.730706,92,20,2012,1503,6,14,14,0.1034
l3s-gn1,dc051a7a4905f573948cb09c738dbbad5e5b5c4a1b7389a64fab1d41e46f81d1,0.563311,58,12,1834,2251,9,3,10,0.0981
l3s-gn1,45c801c9222be5febaa1965dd17ebd7e15e65cf8936682ca7f45126f12e5be20,0.806723,127,8,940,1161,6,2,8,0.1625
l3s-gn1,ca942afdbe118e37e42868526c33c4464ea511646f47a5e2cbeaf86c24693fa3,0.311111,159,8,585,247,2,6,5,0.1787
l3s-gn1,d15ad67c5847bd239d047aa9f68ae87cb996a93bd6974e4bf6afd32836ac11a4,0.343434,62,6,527,628,2,4,12,0.1047
l3s-gn1,fa5a30094fe1e258e9d896c2503a20801137004381460a05b9138b8771763f50,0.774268,96,20,2532,2136,16,4,19,0.1147
l3s-gn1,ced6591e64a2497951c40be01d07afd95024fa7b883a031083550bcd542873a8,0.802474,65,22,3824,2999,18,4,9,0.1104
l3s-gn1,2260a2de483e4b804da2be38d8755b980317ad14f0f8e5f12218d7d82a075b4e,0.011513,34,5,265,6042,1,4,3,0.0687
l3s-gn1,c4bd6bed2ecd4d85a68f51ac249465d56dc321d3b6f3909dd0c60b3dd4db033e,0.812950,13,9,1552,1280,8,1,2,0.0273
l3s-gn1,5a8897c75957f86413ec961827076baf6e76e4f273c6f084a980c485a36d2e60,0.752824,158,31,3994,3426,21,10,44,0.1742
l3s-gn1,a7cde75f0fc465d7b59511f3252bcafac1a317e6cd50f9909ae4a8cc3b1409d7,0.885031,116,27,4905,4361,19,8,15,0.1361
l3s-gn1,eca41f6e09340d8a985f42efab27394299509d27fdf0ae6d7b232bf601a3f53b,0.852043,42,14,2944,2961,12,2,2,0.0658
l3s-gn1,84ccd4d745bad022bb86191d9c17d3305ca24b84a62bc3bc12c5d97b28955b48,0.887892,66,25,4030,3678,22,3,4,0.0894
l3s-gn1,9c853d499e86e3e99eac7cf2906388cd1feb2aa980ad22f38cec09cf83d8513a,0.220806,341,137,28119,3738,87,50,38,0.3095
l3s-gn1,dc73e7e63e65aeb508d1324ba2aa828be6eda7a2fa40df7d1c8729a8e5b66108,0.571429,41,7,465,436,4,3,3,0.0717
l3s-gn1,3448e11f5a153195f70198bdf29f7c561c8b50bd0f34bcf4b17b9f965fb9fa68,0.688757,55,5,858,1447,5,0,8,0.0714
l3s-gn1,b2af0f2f5b0990f15254fe5ea2a80cdc4b6e75810d2cdaa5c8031c1e7775f430,0.874396,147,16,2253,2132,11,5,14,0.1395
l3s-gn1,324f2dea0c3a841b185b30821a96ea37dd90941cb1746856006c5b1bd0256482,0.744785,59,16,2766,1870,8,8,3,0.0939
l3s-gn1,289a7a8cfbf28c1ad2420dd25d957e4d85eabd9df652f82fd1ccb1a7826daa07,0.902186,50,13,2133,2295,13,0,6,0.0750
l3s-gn1,df5924ed661d63689df2950359882480ca76846d522941c0c70311d3726202be,0.786563,137,27,3085,3516,22,5,22,0.1448
l3s-gn1,f245410c90f9528aa83ea9ddfbb7727fe220d4057af2a6884d419e2e57bed973,0.904918,137,29,2807,2543,24,5,17,0.1443
l3s-gn1,6cacd8cab95e53ce87a804ce74812fcd43dbcaaa255956003155b86da12dac58,0.868629,51,26,4039,3919,23,3,5,0.0831
l3s-gn1,c22dd8391134d81c41a5d9b7ed486b49382053deb059f3f50d8f289f711fd88c,0.813176,18,12,2608,2627,10,2,5,0.0315
l3s-gn1,52c751cf7dc4fb0e2e2600a7dabfe42ee0c3b13a6f3485888010953da81947c4,0.377401,122,29,2904,1431,10,19,16,0.1523
l3s-gn1,c528aaca991caa6589475aa761d560e024e81201f0e86a96b5d9f833efde9727,0.824779,230,25,2677,2103,11,14,22,0.4568
l3s-gn1,b1e8fae2be7f0f36333ec41daddac30abbcf873d8e1fe2b58d8dd9fcb05c1886,0.870725,55,24,4262,3832,23,1,5,0.0876
l3s-gn1,b74fb8612a994821f742efa05c9b6a5a5f0505760a3c0097e4f87825111f80b3,0.631514,88,18,2702,1614,13,5,7,0.1122
l3s-gn1,1dce4b2e6844fe723fdfadce142fb562246affa1af78c3523b1216e4dc5671b1,0.898148,19,5,784,872,5,0,4,0.0387
l3s-gn1,ad0023b7a93d3aa840b2663908cfbe9014639d2ce8e51cc346550e5efa5bf250,0.423480,66,5,469,966,2,3,6,0.0831
l3s-gn1,7c01ce06895f26613512155da421f98e597e8fb6757a57637e55799916d93c53,0.852713,81,35,4875,4474,28,7,14,0.1009
l3s-gn1,6de6eb0157b3bfd78e968dd86226e87ad7842077c3e0e18a35edc05f0158c908,0.817544,45,5,752,819,4,1,4,0.0792
l3s-gn1,a8ab9af28c5a7f801a07008d4010da036228cff942ee475f49b4c6e6348f4e2b,0.484725,132,31,1914,836,10,21,6,0.1633
l3s-gn1,bbc88d03de139664aefc8f4d50c8a55dc44f74a50ae7bcd7ed3918d623e7df93,0.852521,72,17,3808,3208,12,5,10,0.1255
l3s-gn1,d5511dfbea10ccb8fee07a26ccd86ffe2db199ae35ccb95f32354b996e955645,0.617862,40,5,1244,682,4,1,2,0.1083
l3s-gn1,8cf8a90118d149b9cf75ce33635aec5efc0d4b8622cf608b13c8e3c52a2f6c2c,0.904040,51,9,1605,1558,8,1,5,0.0696
l3s-gn1,3e55261f0ee08ab1e7309fd30f73ceafaf9743c160caef538ccb9d065e98eaf0,0.784355,154,73,8677,6629,53,20,17,0.1776
l3s-gn1,63c120ea1fe987bb95820a2d6c4726231eebd9cf17cb82f42ca1edbcf7cd8342,0.256046,138,12,631,1239,4,8,26,0.1423
l3s-gn1,e26d348456b71f29b112814345b470af9a6b9d551894c25a8b3d506999480254,0.311793,153,20,2163,886,6,14,9,0.1566
l3s-gn1,01313c708d09b7753d83c14d721b10ede1d2293ff23a384828d0e630ea7d8910,0.867270,49,15,1826,1816,14,1,4,0.0723
l3s-gn1,f6a8f9513f46eab2e2d37cd0fbeffc8e6914c00d3267f5f71f5e642476b49762,0.714844,104,10,1083,1238,8,2,8,0.1561
l3s-gn1,c0ece4d6fd256d77822fa787dc1c25f5c3e98b0eb6ea4888eb7f5bc1d3fdb33f,0.795771,139,18,2253,2892,15,3,18,0.1393
l3s-gn1,e0210654ffbf00adff35599fdcaf144fff3c7b81e0bf75b2fe2d1f5b7fe136b5,0.740234,54,11,1393,1509,8,3,8,0.0651
l3s-gn1,8cb50cb94a93b107d68b87057882ae103fc95c329943f3204163af36adcf266c,0.875782,80,41,7598,6977,33,8,9,0.1049
l3s-gn1,32b32a04e368059a49b06cea309c163a70d18bf0bacb2d2b9abc60238071a5ce,0.605263,27,10,1939,1071,8,2,3,0.0579
l3s-gn1,0f2cfe7871395b30baededec9d15bd213497da81efdeb23c362e63c4353e3f61,0.975779,15,5,761,801,5,0,1,0.0342
l3s-gn1,79e2e48c22b6936037d09cb1ea252597cb1d3a0920645cd2848d117f430a8357,0.678297,73,12,2243,1650,9,3,5,0.0921
l3s-gn1,a31e2123829d5e63804e477216b846ff53df95834e5c0f61daf7806b04f9f602,0.850679,47,5,868,1052,5,0,4,0.0851
l3s-gn1,8506c98d163e41ba2c94bf918f0e07c301deb24b28c9348ee3b3fd849dd3846b,0.734898,129,40,5278,4379,33,7,19,0.1430
l3s-gn1,4501a3e24c37d94f6b0fdc88b4db67b91c34e904cfe6801d24e8e40b0c4a7de2,0.565891,106,16,1199,724,3,13,11,0.1432
l3s-gn1,5f85c599341031cb29b6f560e1b5a34737afb83c23d209d2d053b664795026c6,0.786885,91,32,5315,4162,26,6,13,0.1783
l3s-gn1,445cff33dc305fbeede3b6ae3dfc04e07a842c8d5453383fc76e9716577904ca,0.787286,33,10,1152,914,9,1,0,0.1034
l3s-gn1,c6b164af10156ceaaa09d22c6444bc4ee38be5907de1502115c94e158f54c520,0.767442,36,9,1275,1710,8,1,6,0.0577
l3s-gn1,89a9b617451f2f9f4de564122b43687221747f2696c11ef688682e81db773612,0.716685,73,8,911,1302,7,1,9,0.1097
l3s-gn1,df3fbbbf878d8af793ac89ecd635d2a12a870a2623f0ef78b5256e3858d47e77,0.713051,85,30,3156,3072,20,10,7,0.1081
l3s-gn1,b3ab65d24b38423296be71c4b21490c7b74132b6331ad184e5962b5c6992c52d,0.186589,93,31,2603,1172,9,22,12,0.0878
l3s-gn1,9d903ef56d9527d86f3d78ac513f97f103f9cdbc30eed34a4b92636ecf02bf42,0.550816,34,13,3126,1319,8,5,2,0.1008
l3s-gn1,61ada480e8defbd270eeb30ae4d4d21427ec7c1b6dda2749c6059c61704b5c43,0.857428,79,17,2439,2771,15,2,15,0.1182
l3s-gn1,85bf432db5a502f58827bfdf2c22c168e91c90029c2a434230bc81c9f28e64bd,0.655544,60,20,4393,2834,18,2,7,0.0899
l3s-gn1,f6393111c356b22140aba03ccf332dbdda9c2e6bdb6496a6be5f59c653ca7417,0.855746,10,6,1086,1300,5,1,3,0.0156
l3s-gn1,f034546396a0ad5803b0745216b1f07553c58a843e02bcb93fb482a6df0a9cd2,0.499375,132,31,3880,2477,14,17,17,0.1469
l3s-gn1,920f89e57e73e926fd5a150198ffcdfdc0f8b0ca9baf759c5ae279b915d6c426,0.715308,159,12,1626,1820,8,4,18,0.1510
l3s-gn1,1c6fcf03d15b52e9c7a2240cc7bef6084f0fbf47096e364f0dafb0bbad785249,0.481532,77,9,1013,945,3,6,7,0.0955
l3s-gn1,246c808da3aed2887ac8533e3be9c47cadd61df109d0091385ae7a418cf1633d,0.755651,67,31,2834,2061,18,13,5,0.0842
l3s-gn1,5c714261774f5b7a5dc034749d49979b4657ebdfd5ce1beedb76ec10d4199cbe,0.820660,43,14,2076,1734,10,4,3,0.1190
l3s-gn1,0b756f90841689d0d67518d92d36970f3b917bf3f4d8026fff02e3d8a706b152,0.753741,73,14,2079,2052,8,6,7,0.1005
l3s-gn1,4327ee622dcd6bd4209e52538dc554e614af25c7ff5ce7792d8b56546926b63e,0.868277,49,12,1766,1865,10,2,6,0.0837
l3s-gn1,608ea1da5a7eff5eada22cbeb74b684ce1319fd06e3b1e25c8a6c9f19aa571e1,0.654206,96,6,605,847,5,1,4,0.1014
l3s-gn1,3109a9669d77dca178de590fa5f5d9ce9e90a63f9b89827d2afca649990b6e43,0.877399,57,32,6852,5805,28,4,6,0.0931
l3s-gn1,ca4df5fb49ef2140c0e50b62632caaeaf1544d0164721ef759ef69a4404cfd7e,0.756350,125,19,1507,1307,13,6,10,0.1367
l3s-gn1,d1debe2170790b764fe4ec51512f14ef81e4cc2d326966eef1200b43ad8b9cf8,0.938076,40,6,1024,1029,6,0,2,0.0580
l3s-gn1,33a92457f208dc9aa52590f29e782836a02f3b38fba05f77296b469f6c39971a,0.915270,49,17,3211,3164,14,3,5,0.0710
l3s-gn1,abbe9eb537071c1a9690ff65d829eb7640b201fed8e1d4df9139e945e609735f,0.043551,54,19,4794,169,2,17,0,0.0733
l3s-gn1,b4c5f7bc2894885676f9ed18c8e8013a12cbf0d990fa3a10a4680da819c05383,0.694654,145,31,3760,3652,17,14,45,0.1633
l3s-gn1,b3328253211032201dee57da643800654cc8da3f2e21e90820dda281af92aadc,0.896825,20,11,2071,2219,11,0,3,0.0327
l3s-gn1,88534a59c41309fb48d8e3205d31ca2c9e0daf8eb9dc30c570fffbeb91ced692,0.756023,144,39,5302,4237,38,1,27,0.1251
l3s-gn1,a60ee5133a8ba5fa7fa6756872181b72ac91ed4d8f44498c5c49dc67df4c930a,0.665563,117,19,1807,1160,8,11,7,0.1336
l3s-gn1,66af217ff5d09d1222511a2912df7982e4e598af7097f30a7a5f5c83e8e34fa0,0.175227,273,138,16353,1880,39,99,21,0.5767
l3s-gn1,1a634dd2ac0c152e5e929496862785ece8ef04042ae53acb42c414bace7d256e,0.793276,81,19,3381,2980,14,5,7,0.1333
l3s-gn1,f8010740147c191f7b74ee75faf12d6b938f4645c78c671aa5f5e606f88e6400,0.816356,134,20,1842,1746,10,10,10,0.1530
l3s-gn1,93c13ea8964465c3958c7849fff97dd3fa504b69fc76c962fb234c9ee87e1fd3,0.941876,67,11,3033,2878,7,4,8,0.0884
l3s-gn1,8863d84cf8c186a87202ff4814a1d6c0cff1b4ff3aa28f3ed0e133984ffe2078,0.676923,113,13,1207,904,10,3,8,0.1660
l3s-gn1,3892053026f3e09c2cd8ba1f78cd40bdd18ef685cdf547ed13899c9305f87c18,0.177847,74,6,273,1363,2,4,11,0.1157
l3s-gn1,93485d9d57c5667ead8f58a20a6c48e59afdeb4d08654632aaa279df5a0ec175,0.699003,90,42,8656,7327,31,11,8,0.1140
l3s-gn1,3e48fc23d499057004cebfd33e2c8d48bd5cca92d5209fa65e66cc515a4da4cc,0.699496,75,25,2798,2174,15,10,9,0.1065
l3s-gn1,ec6c179dd4727016aab35c180db9c0c5ed5c78b79259d7650c1a4a195d54b2f7,0.724652,45,23,2991,2397,16,7,5,0.0961
l3s-gn1,a23c94e319b001131d7cdc7ecbb82894a5d743f12fb655c398057c0268eef4e5,0.910714,10,6,781,778,6,0,1,0.0178
l3s-gn1,42ab5efc4c09a9e3fdfeadbd5717badcab212c4106adc4631de584954360d09c,0.913291,26,21,4005,3828,18,3,0,0.0496
l3s-gn1,f6fda4415af69cc4bdba5f35972942368c9b0538a634cf259dc7a1c35eb915e3,0.891737,154,40,3944,3995,34,6,24,0.1597
l3s-gn1,bb3ad66d10e4a8547153d84ee2cf7ad4129cda3fae36c7ad8ef2284f8a43c2c7,0.840820,84,24,3485,2988,20,4,3,0.1061
l3s-gn1,d06cf0f6e8a88762b55ae764e986ecb548354d1a976b69965d03889a908430b5,0.404469,183,25,1697,667,7,18,6,0.3555
l3s-gn1,7b710defa0b3d937663d1c3a8b908a37cbe959a50be5e902af9d1347e5a0e3d4,0.167164,50,2,206,1606,1,1,15,0.0837
l3s-gn1,23152f77577f603a00479cf58ef77d46ee2d834dacf12cd8847b092952c14389,0.577049,30,4,310,542,2,2,4,0.0473
l3s-gn1,8c3af001288eb7b83cb31a6028ff1021aee086abf227fb615ec359fb0f40be1e,0.418543,56,14,1129,2076,7,7,13,0.0884
l3s-gn1,93251316c8af744bbfc343a28a0a17233eb3e315de119618fbeed04e5aef3e93,0.878431,36,10,1431,1381,8,2,3,0.0945
l3s-gn1,0ae5c2252c4f0b2b26fdab2c804ea465290bd345c40c539a4261e2d0cd257411,0.844367,70,31,4916,5418,27,4,10,0.0818
l3s-gn1,3b2ce975d49f8886b1028acc74c983a78bdf52ac5ca04b6d5381670ad4c3a091,0.805195,63,8,1119,1023,6,2,1,0.0808
l3s-gn1,231977643fd92a8238f95616f3c970e9c6c866c34b5c6871628be25ecedd00aa,0.771492,143,28,3622,3588,18,10,46,0.1584
l3s-gn1,091d383199e5a29bf5071285f64fc43ff663f2770a76f7798408008a02d69d2d,0.819522,91,34,3961,3505,25,9,8,0.1035
l3s-gn1,7e9d4ce59463cce07071abd1269bfadee132be27e73b42300ca3796a6d014a5b,0.587713,115,13,1864,1876,9,4,19,0.1631
l3s-gn1,433011923c8ca01c30185423b755892a78a101da0faf7277dae3a2972d5bf48d,0.895009,85,21,2519,2543,19,2,5,0.1037
l3s-gn1,181715b10293973dd40e2b203b68b7f1143a338a4f9a051f79dc2bf71cb53bd9,0.750765,105,21,4192,4013,15,6,5,0.1254
l3s-gn1,488a17345755f39a6499bfb3cb74d0b83af89f614ab49265266e164ffef61765,0.067183,82,9,831,194,2,7,4,0.0980
l3s-gn1,41d208dd9cadff28d37c58477b8e7c9c0e2346398d3a0e70683786d95bfcdae9,0.840300,77,14,1323,1167,11,3,10,0.0918
l3s-gn1,cea65392bcc16834239e15d1d31d9004d06b0213cf538eb24936df09f541c2ae,0.836538,139,18,2332,1971,11,7,11,0.1539
l3s-gn1,929e1b9d44acd87a768fb6e341d4c683a97dac0c9e3c107097124fa8d116e00d,0.490514,1,1,7655,2702,1,0,0,0.1558
l3s-gn1,a57a26da5a63bb08633d75373151e92d839d7b1ee4b6f7cbd78a20e0a1b3ea0e,0.007547,100,12,2167,78,1,11,4,0.1192
l3s-gn1,063ef5ccca56007af53ccb1cef634d0dee8fbcddecd5fa135ae9444c5cabf07c,0.312860,96,7,729,2190,5,2,22,0.1169
l3s-gn1,a76d4aa1b0596a2657212956941e09fac6231579c9642e8c3fd10edc9ddad829,0.694207,305,27,3075,2951,13,14,26,0.2810
l3s-gn1,b8bf8c0ea7b36d75d7bbdf5bf447f3179e787177923a66c219d5c724a6cb1e4c,0.924556,36,11,1669,1699,11,0,2,0.1067
l3s-gn1,a01b46ecf921f68e1aaad078558eb8cfd719053c3f29825491aaaf6c85b95a5b,0.741556,88,33,5013,4892,30,3,4,0.1102
l3s-gn1,fb5c71e796f622a7474d4b93199d46fa71de98c2ab1d4dfa90d467e399056fbf,0.885201,32,26,5171,4893,26,0,3,0.0407
l3s-gn1,4b10195e0f12496756c32b788be9f6959841d410f16e8176766fd6638dba2a89,0.986191,29,22,4182,4207,22,0,2,0.0567
l3s-gn1,0211e724741bb8765a9fc3dbeeb853e1210a18c68d40b7587212e29f297535b4,0.732218,49,13,1968,1864,9,4,4,0.0701
l3s-gn1,cc525dc26032675199ad78839bb4dd281f2ecbe08af9b0d07c8f3957c6b992e9,0.621387,12,5,852,892,4,1,5,0.0253
l3s-gn1,6b19443cfcca334bad22c8f1d595c1f6e407338c1f042de133b07c46664075b5,0.547796,144,34,4995,2055,13,21,8,0.2478
l3s-gn1,2785790c2adbc7889aa903cd6003cb91ee16477587648881e824884f5868e14d,0.812721,182,19,2208,2279,10,9,18,0.4612
l3s-gn1,dbb92754350d0cb8498a5aa6d5f98b206130cebe00d89baf61c83250df900d80,0.884361,49,15,2581,2538,12,3,4,0.0810
l3s-gn1,8c4834d7b7ca686f3fe7003c2f8de5c4231110fed44c9b0f3487b8da35148d1a,0.464000,189,39,1804,1016,10,29,7,0.2405
l3s-gn1,682a1255b0605680bd43d7dfa16e20b2b21606f224c1590466faae58adf39ded,0.773700,20,14,3016,2860,14,0,2,0.0460
l3s-gn1,ab8907149a09c85b04fa9c65f7514999af6e6ac7128fb6d003c8f3ee5ca87899,0.875187,176,41,5857,5294,31,10,16,0.2158
l3s-gn1,dcb4a4cf4f49a014bb635cb6006813818e5a07e1d3335d7e96b718e1e1f358b4,0.452867,50,9,1079,1686,7,2,13,0.0700
l3s-gn1,554c52e700a5821839ffb25c23c4445665a0a873d61a6ddca38bd4bedf0d4c0f,0.910848,44,10,3086,3029,8,2,10,0.0926
l3s-gn1,5a5e636905970351f803ab098ef8f13e294d9bd5b398e5136e52af7088590146,0.832743,171,34,3895,4309,28,6,24,0.1709
l3s-gn1,fff51295d639cb230ee64cddaa1271ffbc5cf999af8b3f8f8bd90dde150fe03f,0.917798,17,14,1955,1948,13,1,1,0.0236
l3s-gn1,17c304bbd1ff5585692c340b1f7c7e0f647126a4ef1ec6f9d25f5599880a3f88,0.819938,24,10,2400,2100,8,2,2,0.0569
l3s-gn1,7f69d1ad802517307ad5ae1241e460a63e0fdb8632561e1443c4ef21ba1408ef,0.732906,107,22,2707,2354,15,7,10,0.1319
l3s-gn1,342c0aa5b3c7468f2ab99974c4c9527122d7556e8e8a51a0158d858c107a17d4,0.269504,109,3,170,563,1,2,7,0.1489
l3s-gn1,0cdd3d1a45a5a2609736d11dd1363eb016925487fb9cf0e24da074dcfd0b442c,0.746565,54,14,1832,1863,11,3,12,0.0738
l3s-gn1,f0536dc0e9537f294896b2b23569081cf5e5632297f6b1bcd2b96fd6410590cb,0.537255,100,11,1114,2723,11,0,21,0.1741
l3s-gn1,660dfdfb8df0e4bceec5b87f9ccf8a3e88f236eff8fba7d46b59e517f9f04087,0.956032,36,7,2355,2362,6,1,7,0.0566
l3s-gn1,01b6d9f20a551a278558110c027df12f92cddcb023dcee96c05330a0abc74b34,0.708598,60,17,2199,1474,11,6,10,0.0908
l3s-gn1,f786ce66b3b6c41f5ea22ee67fe3b5afa4340b17d66ce502a801ce59bf39d5b0,0.802254,90,12,2485,2723,9,3,19,0.1036
l3s-gn1,bb27985d28a3b8d8ed018205241c51a65433acb06006f4aec0461c88502b8c42,0.911382,40,18,3228,3282,18,0,4,0.0624
l3s-gn1,b4cc81736beff8cefaceb008b34a18f4cfa22f6fa63a9df48a891cdcc0c6aea6,0.836364,66,36,4572,5411,35,1,13,0.0983
l3s-gn1,c9e1573c2811d845046b530c83266e269b4b2bf70ca8a5d47d07dd7884560657,0.815618,52,9,1289,1215,8,1,0,0.0738
l3s-gn1,ccacdaca8e89656b758e168a54706375535e769ee4f192868482dc647b37fdf0,0.698004,56,20,3400,2326,13,7,1,0.0887
l3s-gn1,1b9badd124ba64c7bccb4b085edc670ec4b18f18c59046012ca012e2273b57dc,0.762044,130,28,1937,1836,15,13,18,0.1365
l3s-gn1,64a9378908f41a6bc8f4de7cf1c9e82bd4dbba5e25888ba9dfffcb9af327790f,0.638914,103,13,1427,1379,7,6,12,0.1290
l3s-gn1,9efa93d1d10d18dbc99830a1c522fd41690afc96884676a540d93ec918c49a9c,0.724623,99,35,3319,2459,21,14,14,0.1157
l3s-gn1,4c4f1a79f7beb264fc9a5f00d0accad045807c176c91be82ff5d703f084ee629,0.851351,74,11,1634,1761,10,1,8,0.0718
l3s-gn1,1ce53196472c6a8cbafd1ed2a0a4259a99d57d0313a8f78fc869b131059f558b,0.762909,88,22,2679,2104,13,9,10,0.1008
l3s-gn1,fcb3be18425da52355c567574a61820b3e032fc4e8880a7680ecb420f6fa01d3,0.845070,94,11,1117,1118,8,3,11,0.1139
l3s-gn1,83c4ce004c3bb326999c8179ddddc3ec1bde80bb597b3ed40c7623009bf0c3a6,0.736983,92,14,1162,882,9,5,2,0.1125
l3s-gn1,67d0a8f465355277d113d8ce7892d31054c1583813d9486ecafbfe04a734a07d,0.751773,74,15,1665,1509,11,4,8,0.1156
l3s-gn1,8a61af0a1305fdf77802c843dd0f896f7e34277a819d53a5f7305a60f155f75b,0.038647,9,2,33,554,1,1,4,0.0149
l3s-gn1,9132bc9c7c4df822f648e0fc71f6e655aa35ba96220ad0230dce1165a2b3c065,0.515213,33,3,383,878,3,0,6,0.0551
l3s-gn1,8e8f2d5fccc15f6cbd3a32bb0986aef11ff4f4b7d4a13d5b0387712a804f402f,0.384728,53,5,361,1396,5,0,9,0.0749
l3s-gn1,d27c139c2274e31bec210d08174766f3251a0362ff24d514f3e935fe40630f48,0.865682,114,30,3850,3518,27,3,8,0.1804
l3s-gn1,53968a099a40fb936a3c003af890fbe08c21f617c75ff6401836f987beaa079b,0.413180,305,93,8640,3710,32,61,23,0.3345
l3s-gn1,83872ec45e2446129537ca1fafe33bfcebd892dc0b312abe8e16e8ff6e0864ac,0.795036,142,34,3757,3060,22,12,9,0.1306
l3s-gn1,a7096a65e971377f70569e7e2541af7e1e4ac555f7f9b3d9e48a28d479603295,0.602410,58,12,2419,1466,9,3,9,0.0896
l3s-gn1,e54237414b1005403ee38d59680354b7eb744c711a309496a5e178f4cf3ab816,0.922980,35,25,4479,4469,25,0,3,0.0526
l3s-gn1,d4efff3f6e5db07d149d9af3ff59abe6436df5e737201698f72d628cb66070ef,0.901982,61,17,2286,2212,15,2,6,0.0819
l3s-gn1,d4f46ee06dbaf1cbc2c14fc87a89f9c7cd96aa49e61678543670648349f317e4,0.836879,80,34,4856,5128,31,3,13,0.1494
l3s-gn1,b67c3650ba649c6c76917adaf8936744ce8d023726cd6a46b19023f2115720f6,0.896786,56,34,6722,6993,29,5,8,0.0726
l3s-gn1,00a05958066a1d94b9579552bc711f709c3a81c5839d63d1800ddbc1d6cca195,0.845212,144,14,1759,1787,11,3,24,0.1568
l3s-gn1,82ea9b1e6fdeb6b1e6ce00baee138f1d7b0d20cc683cef564827f6a2428add76,0.955337,36,17,10069,10311,16,1,12,0.0619
l3s-gn1,77bf4cca5321bcb33bad5e4c968a0230867a08131b0002cfce5f32b39b7b6cff,0.660978,86,26,2122,1348,13,13,2,0.1152
l3s-gn1,1126a7eee6aa100a2e00dc86948e6a7ef2b222b5ac49802e92131659569300a8,0.860247,108,29,6895,7371,24,5,21,0.1256
readability,8fde9b2cb6fa34601518425d1ab67fb8ab5a53513cd75067fd44a3ab1153aa87,0.114687,96,25,955,3773,21,4,30,0.1241
readability,e694812c99eb935b1bc2114669544aec9a261818fa22b65b46a46f2c806ffeab,0.286413,170,20,4648,9164,17,3,110,0.3004
readability,615fce58d486ee7ed6f218acfe106a2c994dded82cbc5eaf8f16d96215c800db,0.392734,287,35,4785,3457,12,23,46,0.4018
readability,a14721bdc64eb917b4099d666a0ea6b8b218997cac06cbf008b3df25f2ffeb4e,0.731937,272,72,11218,11722,72,0,61,0.2605
readability,478d0a664b304b972960f9cd56cc2405e0be077143dee9475e235800aa79ab68,0.876474,183,108,22223,23333,105,3,35,0.4690
readability,b0e52788b4b181162474dccfe7f27a50bb140670c59b0c818bf88956e34fec05,0.736532,160,36,4984,3878,19,17,19,0.2413
readability,24b0b8bc2e30aef2888ecc20d54e68867b2e18fb0deb8918340b028673524b31,0.537813,208,62,11915,8361,57,5,29,0.2334
readability,76e6c64721d583c082bfb306e65d723770e58b4cb82b66c7c83f5e16eceb97cc,0.757155,133,62,12866,15363,60,2,23,0.2091
readability,123bdcc0fa4d5581a5d8249f2c63b8c2918f436dd6515556adcbf6b13fc6b860,0.651757,29,7,1453,1938,5,2,6,0.0592
readability,1818fb18849ed6d2255224006ba33e0352c8caf7cba4e08ca791b614e2f47047,0.594361,386,84,30562,56877,83,1,162,0.7718
readability,7104f5945907560ed185063f6e469b1150b462eceb14be092b84f8b11368cf8c,0.410048,278,96,18761,36912,95,1,130,0.4349
readability,c366d50c892fdf2f186650e7df41396b0f8f0dd0e91092101f68cf854e51b4df,0.774695,108,40,7612,7896,36,4,22,0.2326
readability,d854adc85f6fc66c70817ad33c4c71c63c5c992b1a384256f8d7ab44bbc08938,0.874372,101,61,13173,13170,55,6,12,0.1611
readability,b630ea40054bb7263831e96be18e193d7054d7943ce522750115199940ab87d4,0.803901,92,76,14600,15178,71,5,7,0.1213
readability,a3e09b3955e6a33580408041f6c96f26beb9ca85fcbd527daa83e8191dfe7175,0.610801,7,3,590,882,3,0,3,0.0124
readability,9f317b5f9f9a2fa1ee53b34e170c239f532a0fcd3af945eb401c1b3308bce896,0.000000,21,0,0,6615,0,0,13,0.0532
readability,a468f05e42b5e51a5658ea7ce142bc8123334d4cf5c0b78b0b00093ec0509a77,0.617702,7,3,584,882,3,0,3,0.0125
readability,c21b617e6a320580ea71b47bb7751e3cd6e8985c7d21f91cfb9662ca31aa7d21,0.584270,21,6,1128,1598,5,1,10,0.0338
readability,4d906b3cd74a20fc8cf44767fb060ffe44f3570f7f0376408270d998715c5467,0.646075,19,2,874,1056,2,0,12,0.0230
readability,8c7640176eb567232d2b7f5ba9f7b3b76b46a61d2ee48338ca64680bdff1f983,0.561497,78,22,1876,2433,13,9,24,0.1274
readability,be191e298103589b56ea0def65dc87f003d31ac109ec57c232ca050d0e442a40,0.394832,453,77,11628,3706,18,59,69,0.6196
readability,ade9a0e2e36cec13994090308afde5d7b34479bf0d37e47eb29ace2af4fb6cf4,0.701803,8,3,883,977,3,0,4,0.0142
readability,40511e22125f8a58247cfd8824fcbb2d8ee380ab4604c9639697a30377ba48cf,0.110756,129,23,2355,15572,22,1,86,0.1519
readability,fbcc8e24179ea73a8c3768ea51396f60b38c883601391734ec85c38d58554825,0.691752,92,36,6025,5959,28,8,12,0.2144
readability,e2a752c73e992430270b52a4298ddec16294889eae4c90f2ec90dee7af5dccc4,0.825088,118,9,1658,1431,8,1,2,0.1586
readability,20817a930d0c796992162057a6dd488e8a94180fed74d38559c52213fd0445de,0.525166,121,62,20095,12694,52,10,18,0.4630
readability,57d00e87a1f1b4f35c8353a0f9a198dce792ae38bc467ac90bf22f748b38dd0d,0.730556,3,2,993,953,2,0,1,0.0119
readability,5055dc4ea7a7d8ca80c4946e5448900e93c08cba5708f35991b67667ce1f47d6,0.355077,159,36,20526,11880,28,8,33,0.2536
readability,9b58c32629b910507d16dafe0cb7c81d06337aede2da1b07d3b0aec756f392a6,0.219971,85,3,162,913,2,1,13,0.1158
readability,0a16112680d06aaf8a617fd7faf69ff909b7c6a519a065bb3dcd4743102baffd,0.522430,245,27,2423,2031,14,13,32,0.3162
readability,139132ee488886b14fb8d85044947768727929e990054c9be8c688b0f6c4bebf,0.641354,79,57,9641,12694,56,1,16,0.1466
readability,1983b5b9c2ad462c3541e91742156ca2ff4e65f3b2f8e354bcdcf65191160544,0.529382,162,24,2130,2256,13,11,14,0.2369
readability,7fa8b3f17a32bba1ab3703b5d6cc06ad04d664d25e2a9ad964b90ab4d0474036,0.769508,8,5,2384,2312,5,0,1,0.0150
readability,966bbb3c27df91695f54a8078104080f355173f4464e084c59f667049300e828,0.699807,259,244,93870,83528,242,2,11,0.2820
readability,9dae2c47570271a0a532ccc4880b10b5ec837b67239a287455a6b9e19e00b3b7,0.802959,124,35,3366,3902,34,1,4,0.1548
readability,3b0318a4bbd3327834e75dd3844a84778290a9129d96c1670bfd765a42e0be66,0.739182,97,36,4605,3869,25,11,10,0.1691
readability,64012a265b3e1e6722be2bf0d39dca554f5b3d8c9fe811f7be004e25124e5ea6,0.579047,173,110,18437,25826,102,8,42,0.1892
readability,992cdae86c7c356f72038eb28db7f6264de2c66c8faeba4fb701a052e4ea7116,0.512295,4,2,401,938,2,0,2,0.0121
readability,cbd38d76508cb428f294ce5389b5dd687e24899535ea84a4155b504e84e20c47,0.060506,600,16,465,4348,7,9,82,0.6525
readability,d1c03893435a55e130dd0689282a178dbb166feabd99894435580f3a3ddd7197,0.365741,117,76,22263,49081,76,0,35,0.1783
readability,19fe8ac0691b94fe99fb2421221b051faf3f026cc4d1cf91c278ae1318988c80,0.512295,4,2,401,938,2,0,2,0.0126
readability,abdebf5c6222a012a46ceca056dc9c97c1acde01ca6de8c29ca25f534674f38a,0.731619,115,58,14823,15527,54,4,14,0.1772
readability,416400698aecc72f236d178d51138693391bd86a10ff63f75fb185c6b020dcbb,0.646075,19,2,874,1056,2,0,12,0.0234
readability,48dd41ccd7f07c550b884e7e40213da141952f450ccb8d8ffe01250b75cf889d,0.241143,129,30,4348,13924,27,3,43,0.4723
readability,3e9f0ad0939f8062d680f6f0d2467bb8e71f1b25edd856965acd8a7e9c7a7608,0.591235,200,138,32418,41304,134,4,47,0.3948
readability,e6f0b278fe00f54a98f42e5bbd2e659c6dd79dbd61649ad05f8069256d40de35,0.000000,3,0,0,39,0,0,3,0.0112
readability,b5ca9d50b6ede3fc7e95c988475fc4dbc693331ce4b4faca5b8a2696f13a7917,0.689550,185,54,5829,5559,46,8,48,0.2487
readability,9d0cc46bc4f24f0645d993cbb29014615cc3d60aafd2f5ecd2220a9383e8f993,0.819838,94,57,12314,10334,44,13,12,0.1441
readability,974507e889655d5d5b2368671b413cd2dd5f46bc2efeb4b77deb74988bc8ff46,0.434346,125,38,4747,2350,19,19,19,0.1650
readability,39059455717bccde554b8b22244a8cef6a8531d65ee89612776b5174d694fdf8,0.158500,39,9,650,3213,9,0,20,0.0575
readability,bb68dad644252e6574626f95c05ed89f51222c1f3f1839ed098f0542cc476154,0.596423,161,40,4219,2020,15,25,6,0.2466
readability,c90ec5542ef16081aee47f487883765b03c57ed0d072471d74c003992663e07c,0.736444,5,5,2234,2370,5,0,0,0.0119
readability,52a381d960bf5a50949c18cfacec65ba0259d64d3dd1c28367824aca9893be96,0.829028,46,27,5037,4722,24,3,9,0.0669
readability,c1aa787ae2d9db358ab1925dedf53c72479841a82113058f6ed09470d702a62b,0.000000,16,0,0,896,0,0,15,0.0160
readability,f4726d93435e42c8f76d37351fe6489862300aedcaa2c571fed1831ebd5cfe19,0.551963,255,91,14561,29554,84,7,116,0.3347
readability,ef58db26ad89de57ef1dea7b81f22e20e4a8859128897c93ada64eb35407eedc,0.696970,3,2,262,260,2,0,1,0.0120
readability,38e782a40f881f94b49e467f2cbf445ad2d13cbbf5069e8bbd3004dc6183e7fb,0.241840,36,10,1186,3085,7,3,6,0.0872
readability,766652616a159e463936564c262546b243ad761dae221bc39a3b9b610e2952e6,0.720154,90,15,2246,1913,10,5,7,0.1227
readability,86e539a9e71edd2eedfdc8724d804f76e4a321dc85924943258fdae27ccd3b77,0.323524,139,55,8447,11953,54,1,41,0.3015
readability,0472ea79f6e35549f1e51dce5996a1dba3abedc0196ae562c952cd9c373da9cf,0.697374,52,34,6792,10127,34,0,14,0.0624
readability,15843cafbea4e3e83353319b8ceb89fff971ef66a1255af62d49b4cd523f96d4,0.000000,112,1,22,2528,0,1,27,0.1525
readability,b52e60a429a187f4c3e6f20f3dbac8a0ff73f17a810f29b66b7596ecc8c49189,0.782396,37,26,7737,9102,25,1,6,0.0669
readability,5f2f5d51e020c3a6dfc5158342143b9fa0c0d035476bb9db28a61db61e7634b6,0.961823,4,4,2945,2988,4,0,0,0.0149
readability,5d6a12bce90c32af0c3a4160c64df34cd01087e150ab9796f42efbb714dfd650,0.765275,91,40,6415,5382,21,19,6,0.3861
readability,b62f8673090e005392bd1888c57ba4f26de04ad8e155d5878c948e5acf8e15a8,0.908280,105,65,19702,18977,58,7,15,0.1676
readability,49171015a6f3313e006ff59ebc60971abe57bd6babc5b2ea1a5364f8abe0dbec,0.292070,71,16,1032,2241,13,3,27,0.1473
readability,889c9049f08aa28538716bb342e9298c0d81bb783894433bc04d2960d012655d,0.771633,128,39,6659,4853,26,13,10,0.1801
readability,a919900db0ed468fabf5de717c959921c785fb8ac34a62178f65b17e72c6a78b,0.512295,4,2,401,938,2,0,2,0.0118
readability,1a2238115e4af262f4aaa43fc5e49504c290a8b4ef2a776b6d7a8014b4082fb7,0.619053,372,239,24875,30052,238,1,116,0.2967
readability,89934d9db31957994dd8e48369ce628309b46cf6c640727098a4a7a8d400947b,0.782884,4,2,874,877,2,0,2,0.0130
readability,30d6f8f0dda314a158edb8e47316bb503c3a9ca5da378596a6d3736603dd9887,0.524224,80,29,1488,2888,28,1,40,0.0615
readability,8e265718877a06f32d1524b4d1118fb16bbb8bc549cf830f04d44294de7c3e65,0.585062,121,62,19244,32731,62,0,54,0.1483
readability,81e8b8ff46de540626bd23ce9395241764aaf2118d31fc47fa43826579812ce4,0.730556,3,2,993,953,2,0,1,0.0124
readability,d79314e49d5261881a5a40974bdbda8b4423f89378087d899346e616af97fd22,0.727716,59,31,9217,6048,30,1,12,0.1197
readability,18c4148f2a0c426b0446aff1c2538d41abd6a2ac16ed5ff727ced06d4a940d2c,0.708054,7,4,756,882,4,0,2,0.0127
readability,255abd8003ac9f70e7de7a26a9d75d7f58f82d2a3c4a2d3169e9c6bfe3868bb3,0.719058,40,21,9507,7694,17,4,6,0.0750
readability,f4abb5497d4703fc43a44cf9b838a7dcf0e546fbcb3ef13a1aadcbb415d4c979,0.623563,154,74,8094,11302,73,1,31,0.1963
readability,89145e633d26f762350ee0b786207452c70b81f7d3d7b3ae24ef912901d3c2c7,0.730556,3,2,993,953,2,0,1,0.0118
readability,e2816ce1a5cc505cdc0b702b0113283e5d528584d91c006f4eb84c55d5f9fd31,0.000000,2,0,0,69,0,0,2,0.0098
readability,8276ffcf6165ef788d89a5c0b2c6eb777c581b7f608e31a633989ed41e83dad0,0.899275,23,22,41014,44374,22,0,1,0.0654
readability,69fe78634727dafa313f490fade17aa229bb2c9df34d3df7b60da22189216f13,0.429913,65,13,2034,4374,11,2,15,0.0964
readability,84663f525d24addb33baf085736ead5b598c20e5f840d4e0afaadb2306bbb34b,0.936289,32,20,11163,11223,19,1,7,0.0660
readability,80ef5d20f8c9e2bf71562eb1b61ddcd27895869dceca7d4d73202b8f0058a5fb,0.784810,4,2,874,878,2,0,2,0.0117
readability,233a5f1985522dd33595b2bdc824a34a668738581cd04f3a63deecbb5bea0684,0.439211,129,7,2403,5643,6,1,36,0.2259
readability,6309e28399299fb30f90acc00bedd91bcc3f22cfea918a49310241b312edb406,0.809524,99,32,10231,10366,25,7,17,0.1396
readability,2d49814707297841baa04e1332e19a9dc2aeb7a622c6f078960f27c37ed81f66,0.380261,1198,509,86797,163503,501,8,543,2.2605
readability,77e98fa63405c76ea2f7c44c21b6c9b23e1cf41960432696f863688b0a123160,0.512295,4,2,401,938,2,0,2,0.0134
readability,faced9efec016c59231823a0784a52768a253b3efc100d58a6117825b05646ed,0.758301,132,23,3898,3146,16,7,4,0.2268
readability,2018a42861987072b91fdabd8778d2c5367b72b1e1889792fe5dc2db950d21ef,0.669767,506,19,1912,1871,11,8,157,0.3937
readability,4b25eebd270e2c181a9aa482dae0fb82f46f9adbdcdb3e02906bc43a3b39b068,0.297916,355,109,14506,4681,38,71,40,0.4524
readability,6d2da8dabacaab99f5b5bbdf3721197d2d40bf606879db6156cd06f88e8ba928,0.731887,94,49,8081,6120,38,11,6,0.1356
readability,640299a69c583104ef3d37c44493f895398b09d28c48ff487061fa01017bfc8a,0.741194,4,2,893,880,2,0,2,0.0119
readability,12ba1e78b315acd726cb7b1aceb4c32aa2aba9ba133e824275147a9fe63ff67a,0.918841,5,2,983,937,2,0,3,0.0132
readability,027edb25cd35ce46f0ce8c11fdf645d1843054f89bd59fc5d228cacb14a788f6,0.055284,227,55,5852,12656,20,35,95,0.2905
readability,b0096a4a9a6ce9b71beaa235ac1a889ec7d9850ac8d9c9c1a69c2f838cf96287,0.374282,96,30,3503,6613,21,9,21,0.1337
readability,4010fa7c63d397625f6a4b32c8565f43a4837e75c0e854afd32951d4a7e71d7e,0.617702,7,3,584,882,3,0,3,0.0127
readability,26e953a225a4bf99b1c8cdc5ea26f3cb9bfef7016cab68982e6d88db0f64565f,0.574561,99,5,585,1096,3,2,9,0.1431
readability,70a9c18dd3017c10d63eaaad47eed317cea619864ad24b3fad91509caca6391d,0.474325,148,46,10271,22573,43,3,53,0.2291
readability,427e98f1484606415c2f694c5038f0ad5695b875f4f5b261ce5bc9ce945f2790,0.617702,7,3,584,882,3,0,3,0.0129
readability,66fa931d408b553f235022046e25371cd85f1bec0421a27e521275f996308d54,0.673293,234,77,17558,15527,72,5,16,0.6901
readability,5593c6b7ec396fbb0b5053b29e6f1dab850dc62e007250cd0f1dac4b8bee5d21,0.218529,153,36,6867,17317,32,4,101,0.2470
readability,c0158d5f30deb75da3ebb6f8ed45948b967575b9e85fe87da64e0a047d851aa2,0.737134,181,73,16753,11846,62,11,31,0.2228
readability,40927617d059a5f9a79364bbfc0d2e815a0986191404a05a16a7af7e428c2731,0.530973,205,16,1528,1967,9,7,35,0.2353
readability,f6a1c98f318c67d423676a8cb0895c78198cf56f9c493e25beaf6f413f598799,0.513796,31,13,2171,4284,12,1,15,0.0467
readability,9c1c4d477033633c9f766c50558f2d1578b1a8c00f5cb1824e43b1123012bd9c,0.519635,108,69,33155,21963,65,4,14,0.1474
readability,899e43896a02cea7e55dcc4e6109eba63ac0c965eabeeb6936ed02aeb3fde295,0.835339,126,18,2359,2779,18,0,8,0.1510
readability,b20d3f15a30c981efe336bf931ef4c58327188d544bf98bca6104edbc7f8de88,0.675497,3,3,1916,1683,3,0,0,0.0116
readability,7dd3a8e220aa3dfadb7cc479c5852acd2f1f44a8aac28141c500f609a151d07b,0.322821,122,18,2763,9837,14,4,43,0.1701
readability,157d8ec67187d55d7b975d1edfbed4eaf4fcc7d1b8c15d7ef6e20287caaea69d,0.370111,153,66,13089,4102,38,28,7,0.2209
readability,e209e747222b004227f33ba4f6706299476adcd61576f07e0df32e7df1f1a8b9,0.572420,166,53,9281,6600,42,11,30,0.1909
readability,1296c8c088b1e0a95809a78c831947484426629446a35f9de1bd5c221aeb31f1,0.738220,3,3,1047,991,3,0,0,0.0116
readability,1195a8b06bc4a126c8b7b6843144b68053f6a717b5938d9e88b2f375810c21ed,0.476276,104,72,26789,16742,70,2,15,0.1393
readability,2a63f726ecc7c5f60314f0e3e8dff4a281fb2c93a8b611875701077ce1c6c794,0.619506,88,57,15131,20671,55,2,11,0.1508
readability,41140e70d0ec95d1657a9a61b421e97625699ac3ab4f949206a663dacc511b68,0.591868,6,3,2159,2719,3,0,3,0.0136
readability,5124554add820e3e0ebc316f5cf6e63b1f359bb6eddd66bcbfeed50ffa04cfa6,0.646075,19,2,874,1056,2,0,12,0.0232
scrapinghub,9813e74f21dbbf9e162057450d7e36e024b5439b84966c11a40acaa6c0a74a16,0.610061,65,35,6659,3315,18,17,2,0.1093
scrapinghub,a4961b9dc725a91ab435fb70d46f95815f3f21f28dda634501eb4f619b3af1d0,0.790899,61,22,2848,2500,16,6,6,0.0802
scrapinghub,0e1f1ec81e67ffe4673b585c18502cc1cece8bbc27c4a06070eec560e5071127,0.832482,64,55,10008,9804,53,2,2,0.0690
scrapinghub,88d09a764d2aa0a4228315aa718c3e5b2bcde4463d9a9b3b54d000c7e5efc1da,0.622642,85,10,1019,540,4,6,8,0.1182
scrapinghub,d988055533f823539cab2d25919d6fd8ed5839f55da2519d31a962aaf7134a67,0.843049,70,5,705,536,2,3,1,0.1355
scrapinghub,4afe4bd42ded0a053f06cc4a23808dfd04cae7eba4e7a889873f4938ca10e37e,0.835358,25,12,1966,1998,12,0,3,0.0593
scrapinghub,fbaaa1887e9172dac009e532dc362bd9ccb459a6b612ccb5735900a33bce5f35,0.871814,61,19,3783,3298,14,5,2,0.0856
scrapinghub,4509ec5743f444bc014171731ac59b127eb13e4684efec7dbd1c1f1c5c3d48f4,0.615333,106,25,5852,2808,13,12,3,0.1582
scrapinghub,564f390daec2d943c116f5e0d1bffcd85028188c0c3069ffe5829421a4ad85be,0.200883,40,4,259,808,3,1,3,0.0680
scrapinghub,65ac270fa6091fdc9eae60fe418c0ceedd37694e33261387ab99457cf608be8d,0.931968,34,17,5968,5595,15,2,5,0.0890
scrapinghub,993349306b757af5fb6cffcf1031bdce09b3f11a4c605468b80a2808fcfe75ba,0.856124,85,50,16242,17304,43,7,12,0.0993
scrapinghub,036cef6da36ef0ddc4e2ae5cd36fd1f9139b13e2a15d1f0c175a5c7de63d7819,0.578577,78,10,2341,4834,10,0,25,0.1133
scrapinghub,90eeae22e2e000a01f4a1ab0a112e7174f678dac8044db60c0e03436d77a16e7,0.727619,116,27,3401,2506,22,5,10,0.1343
scrapinghub,23784cd3ba19de2fe2019c159c6d8c2a5fa494669a972ed55df08f75509a900c,0.850361,55,14,2705,3006,13,1,13,0.0887
scrapinghub,5838644f1c7a9c517ef87b1e187b7f1a3e38540b6432e82a1df5e0020ece15e5,0.881739,43,16,2555,2084,11,5,2,0.0783
scrapinghub,f4e5804be8a44d19fac0d36b46c6c73df3720b98f87d6afa7fb6592d06cb0446,0.495677,42,11,1570,1424,6,5,7,0.0849
scrapinghub,e67414bd350f6330cdf4e4ae0e1e204eec2df0beaffa6de92b70a22b5e9f8930,0.903377,74,24,5769,5133,20,4,10,0.1307
scrapinghub,ed46befe355306db144e4824be64d94f31f8ad49f70b983ddaca36fd450eb2c1,0.805326,155,62,11090,8194,45,17,29,0.4562
scrapinghub,955068406f0fd5528338a5003deae820b27f244a6952c934937094acd639d56c,0.735574,41,13,1968,2455,10,3,7,0.0669
scrapinghub,c67c891c057c1af7af50a0251555b5dd9f36517a14ea88b6fd98255526896409,0.840318,52,36,10036,7995,30,6,4,0.0883
scrapinghub,3d056b1fe8efdab0133da55233c442319850dbd76ab571360a55330b57bea5ca,0.650705,52,26,4973,2568,15,11,5,0.0936
scrapinghub,ce6ff55f8fa9fb3a4186357485407e16e77b0939d6a15c7a2decf87c89bd6dbd,0.816383,80,42,5763,4939,38,4,4,0.0990
scrapinghub,3815dff90d0222abb860c181cb0b692244072c1cf077be52edd20fa6c8d87ce7,0.638786,78,28,3205,4168,24,4,18,0.1148
scrapinghub,38b960f1f8e919b170e0ba540c4596ba73f7524a150f5a9f504f3cae5a8e46bf,0.582307,45,12,1824,1679,6,6,5,0.1164
scrapinghub,d042ecb07ef0c0dedb1ef114579c4d85628db603c4bb49556ec4d2b21b9f4cb6,0.576499,214,34,3239,2399,10,24,37,0.2321
scrapinghub,e9213d3a1b42edb2d687d1f99f39fb2cbecac6ba9413b088a86c4142eaf78d38,0.805298,84,16,3533,2603,14,2,9,0.1289
scrapinghub,dcd825893ca9065b9ac405a7a1e767d6f5e4de76532686d2359b079dc6ae371c,0.794313,256,104,13042,14569,103,1,90,0.2249
scrapinghub,eb8b36099d97dea10dbfb773c76313c63644a2c3b84333aaa99ed9ba7f6d7b29,0.787298,39,9,2877,2570,4,5,6,0.0803
scrapinghub,cbbc09fb636e57f7243e898f6fa0f4924d73b0838628d70b6d6464e164eff653,0.787076,86,23,2963,2119,17,6,9,0.1302
scrapinghub,f8b9a3e15017cf1abbf576f6bb49da2e3067b7c9a7d613781264fe7005fd6dea,0.306719,92,19,1469,2001,5,14,7,0.1017
scrapinghub,7321ec229304c7db22902d3dbd19595500158b7d61f720922110fcc7f535adc0,0.615030,106,27,2971,3143,25,2,23,0.1339
scrapinghub,7888cfd9a9e824e09851e916d64e20291b71fc210cf0f39c99be1c0a0bd86638,0.619481,325,33,5271,2507,15,18,26,0.3534
scrapinghub,129e6340f1c462f666183ba7f375281030ed9c078245aeee0df80443f6c05f14,0.930524,83,58,21696,20477,51,7,9,0.1437
scrapinghub,b0e0e3b545a773a89da2ba7b8c46287c257211d23e93b0d288cf162346cdd7de,0.751548,89,27,3740,3155,21,6,10,0.1235
scrapinghub,739d96dc2f5aa928ac3b10328f3252af16698a50bcdfb5d04ad5a89f0735d41e,0.525873,111,35,3654,2848,32,3,19,0.1267
scrapinghub,1e514ec03c8ca616341cdb47d373cf72a01bf7f90d94b808b6cfa06b674f7f69,0.881566,265,133,22360,20087,123,10,50,0.2888
scrapinghub,f75785c7341fc477b00c0774444c1dedd33ea35722f84c749dfe30d1f565ba14,0.869678,43,27,10599,8640,24,3,6,0.0831
scrapinghub,4b8ed05ef03299f2ed8f1ed78d0d3c97de4570352f53378ce8466e70ea6258cd,0.746480,298,126,32993,53372,125,1,150,0.3191
scrapinghub,c4071c811c3d87f72d6dcd16c54fa7300897be43fa186cb0c44bb604360d18d0,0.085069,142,59,9272,419,7,52,7,0.1789
scrapinghub,eb303e58e5703c495f611f968d452c935994ae0a70419de8717cb3cd5473b968,0.780209,72,12,1702,1215,7,5,4,0.1158
scrapinghub,62d079840f65430acaef80260f181599336944d5d9db7fc32ecd8753e703716d,0.896927,108,64,10958,10517,59,5,3,0.1451
scrapinghub,e666e0b4fe8a3ec9f791d958ed4202f76198d6649a26bafb1c6d2f60efc269b2,0.642791,303,49,6161,7525,37,12,84,0.3476
scrapinghub,78fc3e89dcf0c0c406fc41f4220ac1a01c240ed3fab5954db5f30e2863a0df22,0.446000,100,22,1488,1011,14,8,9,0.1369
scrapinghub,93956205e42f317c73b1674dc460265f934e753ad6eb489720dbd8b416ecc540,0.931507,46,11,4271,3956,10,1,5,0.1108
scrapinghub,e66c4c0083e9fd41c5d7f28db5c465b51f601aa46f110b6e43d86948b7e381ec,0.809112,54,10,684,865,10,0,6,0.0675
scrapinghub,81915717b406332d57725c4f919649d083bf482d2ed11dde5a780ab5c782e2d6,0.624096,108,15,1382,1028,10,5,12,0.1680
scrapinghub,2c0a6acf97b33e0104c428f6c01286c5f2b11fb48dd596594ce79b0da23698f8,0.774048,166,33,4316,3205,16,17,10,0.4702
scrapinghub,b79c27793d32ac828208ae96056248ca5b23051cd71ef412a1d2ab44ee665a55,0.843602,156,87,17222,14689,71,16,21,0.2012
scrapinghub,2cb9508a6a03ee1953f0f039387cc6c35c9bd3f83e515b1f6684cb9cef93cb59,0.607724,75,9,1055,1602,6,3,19,0.1364
scrapinghub,6523b9dd2fac018d384188ba8d45790e71a7c5361fa5005a1fc090d30cf81b03,0.472296,106,19,3674,5469,15,4,28,0.1714
scrapinghub,76a707555b2ca15b9bf2df1eff4c45fb8b26435c3261a5e46e31bf0bda60e300,0.642255,135,66,7917,4524,36,30,6,0.2090
scrapinghub,85b1d12e8e379515ed4eb0dacf920f68b07a918f154fa99fb425f53c6ad400a4,0.580534,66,9,1315,1829,7,2,12,0.1661
scrapinghub,94ce9306b74bf9f1979b165b05514c6896ee9e7afebecdcebc85887c36bf98ff,0.896618,9,7,1509,1446,7,0,0,0.0294
scrapinghub,7c08067b447ab5f522cc7743630e0f7618e7ec4fe2f621c0e87c4ff107da5e91,0.703529,180,42,7979,4645,26,16,33,0.1931
scrapinghub,84d371fdd00bb775ee460ba62031334d43c3bc90bac5d2839651e57a92a28c84,0.815259,79,28,3663,2853,17,11,7,0.1061
scrapinghub,bd5214ed6100e7d8a062f7f642127359d502d903035f83ca460b8951fb23b729,0.793103,76,7,510,369,2,5,2,0.1415
scrapinghub,16c4dcf1b4018dba7d767172650edb5c7bd0885417f0247a92c625b3a22cd2ca,0.856833,86,34,6920,5957,31,3,15,0.1277
scrapinghub,2898bce5b26edea861a3605ae7a1fc30147d859a5ee06cfdbaa348d8745bca04,0.418738,90,12,1019,1824,6,6,14,0.1026
scrapinghub,874e56f212ba6d621f963d62eb5eb09147d2b8603928a641e9563d67e3ba06a1,0.772102,50,21,3322,2364,16,5,7,0.0785
scrapinghub,ee567de721caab9f0efda8073387e381315000cea559dda17b35d704763dcb83,0.699126,84,15,2055,2138,14,1,12,0.1275
scrapinghub,b9f4b5b8639dddd3221a92b268c910e1e2d09eb560a73014eba19e1d61a8086d,0.822761,52,22,4740,3988,18,4,9,0.0807
scrapinghub,8faa5da3ae745c1f24ddfe4d8606c07077f84ad1ee12a4d3a788af277da61063,0.605660,213,45,4389,3132,23,22,48,0.2312
scrapinghub,cdb3969b6af7164f6db9029ddb5596651ddb600a7b9e3b7c835780c4161593f6,0.777358,100,14,2680,1968,10,4,3,0.1201
scrapinghub,a7ad4d6c1b6f32145d928e0a36bb065e774f564b459c1192c13eed2c0d7849f6,0.568299,108,16,1577,2619,14,2,37,0.1263
scrapinghub,96fd9f69b40e23e7d1ada59f9e2e254289bd2ba3eea082e7547be51d7ba668da,0.619798,69,29,2920,3178,24,5,14,0.1096
scrapinghub,fe0d5eab84e88cc5a1e0b920907eb0e468dadc5c4e2869bcbf4fb75dc18efb63,0.855042,51,12,1518,1299,7,5,1,0.0795
scrapinghub,add172d0dbc0ed477265893e5f49d6bf6533dd860c5c24748cc8ca4b35912c63,0.834158,102,40,5979,4861,22,18,13,0.1622
scrapinghub,6b544e04a58f7bb03c29f2062a4320f81677340956ff6ea888b77f321a694719,0.892662,32,24,4872,4464,22,2,1,0.0434
scrapinghub,24b70179e26aaac07474a979aa20acd670e89ab53861b41ac58185438f8131d1,0.850349,67,34,5689,6017,30,4,20,0.0853
scrapinghub,f66ed98ca77fbbe6ec757433ead5b834732ad9e3d389b7034b5a05aaaed32b73,0.360190,49,12,1704,2837,7,5,16,0.0662
scrapinghub,7d97577161cebd7cdbbfc0403209839fd357ada299547923e6efeb7ca3a52cd3,0.778372,88,37,4828,3544,29,8,9,0.1273
scrapinghub,fe5d506f91d3eab44ba3ead64dfe9c19d7ba6dd4cf95608cd789a1bb911f793a,0.745747,302,166,20090,18180,160,6,73,0.3235
scrapinghub,62e86bc2eb0cbcdc27d83d7548f11205a018b32f26973b0ded34b4fc8fa4cb6d,0.751092,100,13,871,1117,12,1,16,0.1405
scrapinghub,7cd1c399d7922b6f3a6255a346b53f1067d05270a98e89b555f5039eec18c740,0.808889,123,17,1710,1320,9,8,8,0.2072
scrapinghub,698adf83c5b8e5d70c0a952d8801391eb86b90c2d36ad4398407e5a49909620e,0.868297,65,28,3754,3166,16,12,8,0.3721
scrapinghub,c48085a23775ac94dc468a4bb2b31502abda8b2fc3e5b2e83c43a79a3a15b343,0.767974,58,10,943,645,6,4,1,0.1151
scrapinghub,111ca9a76729ef09fc72329beb871b935d9480a05df42d28a6b78271e91c8f8f,0.781087,114,39,4413,3241,21,18,8,0.1731
scrapinghub,35c81aae8e422a43571e3ec5506cfd1553e811cec06bf038d8cbe76e49764554,0.661731,109,30,3453,2619,22,8,12,0.1312
scrapinghub,a884e93491a7ffffc3f91135903b2d6ce8de2ca8ae5af4a06d86a28bb9138536,0.761231,260,50,4885,3866,35,15,18,0.2509
scrapinghub,fc39059e3ab6dcdc5ca2d47882259cae354f64e506de8f2dd9f15e16e33c8c38,0.838691,76,23,4553,4750,21,2,9,0.1706
scrapinghub,0588c6306ce6f18ac5116526ce472533efccb59a0977f7401d38ff76a2bcd3ae,0.072874,56,8,460,682,4,4,16,0.0743
scrapinghub,a23bcc236fa7112edad498bc6cd308c65d843e7527af128ada3668729b442a7e,0.575272,163,32,3072,4648,30,2,49,0.2442
scrapinghub,61bca1b0d74bc35fdab462db1ab3adf29723d93ce7d75012c1eb2b49d67b2e10,0.640674,166,36,3626,3857,25,11,39,0.2319
scrapinghub,c9aef5b93c7f198f9f5954481c1bb8f856adc244ce48f584eff80cc8d1e98c8d,0.442428,40,9,2911,878,3,6,1,0.0702
scrapinghub,e8356bc2e1eed2db13edeecee59ada000bd44212191d54e8d619416122535b47,0.419355,63,11,1003,2661,9,2,23,0.0933
scrapinghub,52250eae0d66e3572968e39459f1b98d90cf8d8a3b5968a5ba4805452bc46571,0.839956,64,22,5980,4824,15,7,4,0.0924
scrapinghub,8800f1f0c9ff4288e39e9ffd32c650381a8f5add038fe45f4d898487938ef886,0.640845,170,15,1000,627,11,4,11,0.2012
scrapinghub,f8cc63b4f98f5aee0602d67482bb5e3cd40958efaedbce47153a7de19fe346fb,0.926383,155,40,12200,11499,34,6,42,0.2241
scrapinghub,0318b96f70b6694138812d0d5d6676fec40ab832bf5bdaa0290052067991b0fb,0.604972,56,12,882,1172,7,5,6,0.0827
scrapinghub,5052aff1dfe80470242b47f3e1e401740c8a1213f19ecd15b03817b885c781ef,0.464156,71,6,1192,3158,6,0,26,0.1059
scrapinghub,b89e5ad3358467567d30e2983222d05684ebba7742af876f8525e28efef8cb6b,0.662831,37,12,1268,1132,3,9,3,0.1016
scrapinghub,b8685baf9f2887e5b462c227a2e4ed705c128cfcbd8f737cb4b3880b568a951b,0.188776,115,15,1628,427,3,12,1,0.1336
scrapinghub,1c1817f5d0138081a5c7861763e146d0955516c439531994baa8de8acaa732e6,0.668715,353,74,10411,5869,51,23,58,0.3859
scrapinghub,4fd2206f43bedd173514dc72872271035c72cf3c7826a9a98cbc82ac032d300b,0.828722,35,21,4557,4976,17,4,2,0.0739
scrapinghub,9b76fe0aafb8c6bf7901596dbefa4fbb21fefe232c25fc24d90ddc817689613e,0.722451,204,57,6205,5427,28,29,19,0.2183
scrapinghub,7689c847ce90919cae4f0f8218b4b136e3d64e54a7b40034fda707d7bf5693f5,0.835388,65,24,4867,3794,20,4,11,0.1320
scrapinghub,cccb6d4bc36b801a1a912b949252540563227e04b261152f654c77346bdf3e02,0.878818,17,9,1519,1352,8,1,2,0.0454
scrapinghub,5cfdf1942a05d0ea737927fd0584bd9f1981989131bb0f65be790ee9a8f28df8,0.828556,174,46,5859,4735,26,20,10,0.2204
scrapinghub,8c0ff884a5c3c72606f21528d5b2e6d37a1b46f05adbcf456c7ff344b7e37129,0.840484,44,8,1392,1140,6,2,1,0.0742
scrapinghub,55ce6fa6b47b4c2a0b6351b7d65de06dc87cf3a95b9de33613b0971608ee603f,0.741318,74,20,2379,1510,9,11,8,0.3895
scrapinghub,723704ff65524206e30071498965a69007a3205dbbb45cb23ae8aac89cd1a272,0.861353,74,33,5092,4492,24,9,7,0.1146
scrapinghub,b7f98b6a0a3b7431119626e77ac872a08d39c1f2146cd27fde9bf23aa063e734,0.679875,137,30,2475,2611,22,8,28,0.1773
scrapinghub,f46970b4b070f5d979eec973cae0bf1a1849d18624d5c5a5d053ea07817fe33c,0.922523,44,15,3568,3280,14,1,5,0.0774
scrapinghub,bf61c464e02cb00fd08f9b614753d2a7729e754ff13c1c37d1220ab9efc125bd,0.732555,68,28,4887,4440,14,14,15,0.1237
scrapinghub,ef3c8abaa8a6501aefc94adfe639c7aea76f941655a47bfa6bcf9cf36acab98a,0.753344,73,37,6004,4540,32,5,13,0.1105
scrapinghub,c002f5412b0559ba87c45902cbba0517c77b09bc17b32faa51286eecef4a5066,0.600764,24,8,2153,4131,7,1,5,0.0577
scrapinghub,5c7b331b06ef94408976707cb278424c715fd36fd344587557a238937a4b2d32,0.776471,93,14,1529,1245,9,5,6,0.1158
scrapinghub,ea13bbce6e769a05535e19a94cf55b4108be73b1ab9ca1d8357cffa005f5c13c,0.826379,79,19,3694,3518,15,4,14,0.1311
scrapinghub,79324d2b997ac53ddba1610cc328cf6cd05179c1aba99615a6ffd23ee82392e5,0.778382,79,42,3769,3805,36,6,13,0.1137
scrapinghub,d1909ea4c598656fd125036e7e0a9a18baa8bced8a0b38618d0383d033fba216,0.713188,110,23,5263,3169,17,6,6,0.1637
scrapinghub,2eeefd4fe6fa31205cf6c5fbbbc3a9d5d8190749bc9af78022a4b33a1fb6db3d,0.763916,81,29,4247,2881,17,12,12,0.1376
scrapinghub,fce8b20b72a1d2c3324eb2cc2bd13149bfaa5ab9ec2d219eef92c2abe1b9ba83,0.827141,171,87,7818,5762,24,63,6,0.2056
scrapinghub,2190cb40a75f3946e20c0fed19da801be591f672d6482775a5b2f06fb022cf00,0.912298,80,22,5892,6180,20,2,32,0.0993
scrapinghub,6a6acf686777c1600f58bb8bf60853d269c73ba28a1ab60fe10019061ce8f4d2,0.499069,66,20,1915,2238,10,10,10,0.1038
scrapinghub,942475f635ad37bf22e78290abf2470c80d999e58623f441500ba62ae6a61001,0.251208,40,9,491,1871,8,1,20,0.0512
scrapinghub,d5c9bcb83cd35e42663041665f430d81949b34b8d20f8789039dc92177558803,0.200667,168,52,7656,1042,11,41,9,0.1953
scrapinghub,d773af9e0db0371a1cab119511df23fa51a56e311cece8982f06989c7b746125,0.262519,223,64,8727,1641,25,39,14,0.2204
scrapinghub,6a5d6571a6273193c10c6e7bccfa37b4d1a335a80d1249bc9a39d4135c6449ee,0.740640,208,14,1578,2214,11,3,22,0.2339
scrapinghub,68f3b8a6655a15b039fa7b19164b95f956407bed73abe3974b0842bb340eb448,0.912338,39,18,5368,4914,17,1,3,0.0712
scrapinghub,3f7f2e1c11ab36802e83b90ead35eed3bc680a789e615c571774c46b29fd3d3f,0.889989,24,15,2571,2493,15,0,2,0.0483
scrapinghub,00e3c037db970fb41613a4e57ac698e734ff147077e2666215c3c9345167b5df,0.734896,210,99,12525,12520,98,1,59,0.2376
scrapinghub,7a1da9cc044749e7370fdc359920f4ec9c327f0623104fa7124623bd355bbe15,0.258245,92,11,3618,1586,3,8,8,0.1301
scrapinghub,d640c7ae5d24aebb483242b4c17f72572995a5ac4e884ce17644e202b3833daf,0.906427,135,50,14467,13359,43,7,21,0.1999
scrapinghub,b98ab095405d4bcdc53efe206fc80f291c8145a2fad840690d02c1749f370f33,0.800000,78,6,973,942,5,1,7,0.1093
scrapinghub,8d97b9d76b9da191797bc06757ad1b9fbf61dfd534a731fb6e9241933fdcc5fe,0.674938,52,19,2069,1826,16,3,6,0.0826
scrapinghub,a861a458723d5f9f0e281dba368a87d96f0ef9393a8233378a8b71b5d863653c,0.683992,133,53,6710,4011,39,14,14,0.1648
scrapinghub,fe34ea61a22879e39299a1103f84eb8e004500478defb208eb936029963420be,0.891759,25,17,3172,3013,16,1,4,0.0510
scrapinghub,1899a0d9b27f4eac2fa78ff4243e4f37481518c7a67a3bc80cd0100dc0c6b9f3,0.786504,87,14,2248,2284,13,1,17,0.1298
scrapinghub,e3c9705caef926ac1404165eb4148f2b3a420d8526999cdc1c347b44de392077,0.837549,109,50,8699,7344,47,3,25,0.1319
scrapinghub,82d202770f8e9c87a89b9c40fd5131098c9455deb5aaeafc611eb4dc21995987,0.120386,261,16,1112,11764,15,1,206,0.4955
scrapinghub,f94fd5caa6a09a08abaf107d592c4c27aac21fe704c69c5d2a96955dd78d7810,0.601868,106,25,3456,4904,19,6,21,0.1690
scrapinghub,19989b2a750651980443169c9d5a4e5dc0c9398e55808f005303f39e578d8f5d,0.523035,91,19,1275,2514,16,3,24,0.1104
scrapinghub,60edf90190f0998304d0f1db0127cd9b73a820a9c156ccbabae1d6c22063a65d,0.748510,44,14,1342,878,10,4,3,0.0795
scrapinghub,fb980b3190b43ff45e7b6edc4bc270ca374b1c7c4546ccf607c2299f2dd1ea08,0.424953,84,26,3542,9101,23,3,32,0.1178
scrapinghub,892fe8ee0b5566382ef5e503f98f3750c762dd3ab89b471344a24abe159b6094,0.931041,54,49,13597,13052,47,2,0,0.0675
scrapinghub,4ac88d3c34b4469681879fbfdaab020a83c76b0fa9149c72a825e99dc363a0c7,0.616749,89,24,1987,1196,9,15,10,0.1078
scrapinghub,15dc53317d3bcfc1b47defdbcff2be97680f4ec0f849e76abc96dd2845f63ba0,0.466595,149,49,3833,6357,47,2,57,0.1783
scrapinghub,fd855743b8b1d25e743f9f9b3f7655902537852505a5df8648327340495fb0cc,0.644464,55,27,4544,2340,16,11,4,0.0956
scrapinghub,290ee8dc0cd18bfe8e6493c76857b4f86c0e7d0292c33ec8ac5d1b21996db96d,0.901316,30,20,3461,3357,19,1,0,0.0592
scrapinghub,9c2b749bcabbb7344f7dfcc3f0607f363058013578d1cc72e82131ee38e1b2a0,0.715997,86,27,4183,3583,21,6,23,0.1157
scrapinghub,d640464522a74f18cdc68b73f95eb9adf891b542c193d12544fbf5e75fd0eee6,0.744118,165,8,1179,795,4,4,2,0.2388
scrapinghub,19c5930265474da042716ce667029d128d8c257f7dd2effb1bbbdf7eb76c4871,0.821861,86,46,6851,5332,34,12,9,0.1441
scrapinghub,1d1e7b7bd665cb0cb0fb6d4896fc88ebe70b9b093346de6452c387afdbb33634,0.872428,58,29,5538,4875,23,6,7,0.0897
scrapinghub,30c872684a8b4805539a5843a601466fd7b37fce425d9b7558e35f6a423839a4,0.864596,86,33,5309,4527,18,15,7,0.1119
scrapinghub,0bf992fc44b0313e2ac54a7528bc777889d0c7c3c5a5734d2b1f6496df31de8c,0.743590,85,17,2055,1275,10,7,1,0.1140
scrapinghub,42886860c0550815ad44dadc5d55cfc5dcb8368f1037ff3ef497bd712996e5f5,0.632400,59,11,2071,3544,10,1,14,0.0928
scrapinghub,7ac704e08feed8744faca29d697431539f73508eeb8209ce0af3fb0c08781720,0.868538,58,21,3746,3991,20,1,13,0.0741
scrapinghub,9857c0b954df2fae67c494c5c5724422241cc43470edd1f9458681659f67a2a4,0.792565,71,17,2063,1751,16,1,6,0.1177
scrapinghub,3c5e019300ad282a6c67eee5d0266074fdc6ebac67941fe85e6e60889c94c9fc,0.824266,93,28,5739,4641,19,9,12,0.1507
scrapinghub,d5b27d535c104425358f0599de7848afa847b1907550c67102b22de16ed993d4,0.553039,72,8,1375,2882,7,1,36,0.1032
scrapinghub,7efc9125d131ed4c3babfbec6f10e07503e197697955aff74557cc614921a12b,0.800483,121,42,8094,6547,38,4,39,0.1643
scrapinghub,f3c89476097baae61c1f6e765d8b32b890ac20dd238232e163970204bd0665f6,0.775535,61,16,3684,4873,14,2,6,0.0938
scrapinghub,a50ccf1137753fdde9cf84bae9837d9f641676f9b4d80c79ec045fb5b7dd83fa,0.826705,88,24,4108,3094,13,11,11,0.1367
scrapinghub,11c4de7c98db6b3b6656e9ef128e1e2c4326888fd90ba0ac0e20f6effa91dd7a,0.755570,76,30,4955,3669,19,11,5,0.1257
scrapinghub,d184a7f5ddeeb80d29e95d3a68da6a1ced708cc64571edf238de63727c25eb0c,0.667837,118,26,4042,2462,15,11,17,0.1461
scrapinghub,caa918f5656702ee4011df94cf95bf594eee7a01f1c7e46e803ec75c7a83326c,0.845945,213,36,6851,6493,30,6,48,0.2474
scrapinghub,caecae611764cc36fd309ec6200a1ac33a7fbe3a5d34ab9508a25186bcd5622f,0.592030,59,9,872,541,5,4,2,0.0870
scrapinghub,02fcfcbdcc40fba2934fec8c70cb6dcd53ca0dd079632761f98ed9ffc13480f6,0.860750,53,26,3591,3456,26,0,7,0.0744
scrapinghub,8ab86beda68f2af6a2a0cb9e0cbbfa9050379ce9b315a8ce660131f598c51037,0.932701,50,34,9880,9579,32,2,5,0.0959
scrapinghub,e48f11000499fc07a0c997b556b7d600ea9b11d64744813181f90b4a7c17808d,0.742913,82,14,1624,1004,6,8,0,0.1120
scrapinghub,30df2371db67dc36e9cd568bca484daa4334a8d6d7b4287d7f21d621f2e9a828,0.871913,54,28,4772,4158,21,7,3,0.0988
scrapinghub,cbac2bfc0b8bb36e6b31b657b705fa9da7224ce9918556a19a1115b4b1171fef,0.819804,87,20,2589,2098,18,2,7,0.1387
scrapinghub,6e4b9359eb963ecfd615969239e215f1ff9c97a84f9e7c57ea0427f8aedae4ea,0.800000,206,63,7762,6136,34,29,18,0.2202
scrapinghub,e65c24b3e27358a60ad0d4cb5aa4649af334b18e3ed754af23feac8e9478b024,0.811656,25,13,1814,1929,13,0,3,0.2907
scrapinghub,483b9b1acb7064e6a10beb0c3f72ae9561895d710078f9241ff83debf48d3320,0.920908,99,55,18104,16818,51,4,10,0.1510
scrapinghub,e88bf56b1df5b9c36834d7ea625942cf532d2d60fa7e5e01b3cab2f855b01272,0.796396,64,29,3727,2852,24,5,5,0.0928
scrapinghub,e8c4ba439129e2856db617ddc3e40dde6e3464638cb4cc607aa20b3fdc98742c,0.852080,122,48,5431,4737,36,12,19,0.1908
scrapinghub,91e7903ac34e47dceb22a1413fdd7f7c37b0dd16152bf3739720fb8cdb2382ae,0.684950,162,45,8208,4795,27,18,16,0.1843
scrapinghub,615bca501ab120dba4b6cfb6cfad2ccc1e1bc2b2cd660626c99c3c9a03ef8c5d,0.690734,75,31,3958,2439,16,15,4,0.1358
scrapinghub,9fba9b01f3596b996bd539f027d06ab03842d4610656532c7dc4271e5515010c,0.882706,36,10,2596,2184,10,0,3,0.0770
scrapinghub,7a47f549c952778e069f51810298956b0d7196da0789c718a56fcbf105d335a6,0.895737,62,24,6013,6402,24,0,6,0.0817
scrapinghub,3ab8511ce7a0494271ee3f4ac750000cfa2a9a354ec200bc82945f9fbacc0058,0.924032,56,26,4947,4851,23,3,6,0.0754
scrapinghub,970b66878958c4e8c23e64b8718325e242d845574b3962fe76af05e90c23b072,0.602410,123,12,1182,509,1,11,3,0.1889
scrapinghub,a33bfdc5312725d9defe74ebacedfebf8511e2b9752bb1cbebc0825b038220b8,0.435979,22,6,718,1710,6,0,9,0.0274
scrapinghub,11365430750896841ecef17833475d3e833978fe754f89deee97ce5aeba39d9a,0.925033,39,26,7163,6680,22,4,4,0.0699
scrapinghub,cb487005b06f6c536fbe97dfdfecec6b815ca0684b77ca31baf7a579b529f506,0.187560,122,11,595,2069,3,8,18,0.1452
scrapinghub,ce2c03c5ea313d34eb34fc1f3c926f41fd365b8d92405c74dd9f877023115c8c,0.923819,61,41,11171,10486,38,3,5,0.0934
scrapinghub,9305cd8b79b6e0cafddf64ec71270c31edca02a4e9d1b76208cf0270a763773a,0.566924,143,27,5187,10905,24,3,57,0.1703
scrapinghub,73055b991dd7bc60d5f54b5e4433812de52b2fac0557e1ff4eb125bfef73dd3f,0.668215,142,33,3282,4121,28,5,41,0.1782
scrapinghub,8c963f5daaa5445b927fb43a2c36bac7c8fe94bc46a20b3217a9d51c6ef2308f,0.713253,53,5,669,552,3,2,1,0.0817
scrapinghub,e7a3da89b05368f9bf63fc1cbdbfe6a520ea8f1b7730b411e7c7fd5fd81c2d1d,0.904854,37,17,2801,2506,14,3,3,0.0670
